section,hscode,description,parent,level
I,01,Animals; live,TOTAL,2
I,0101,"Horses, asses, mules and hinnies; live",01,4
I,010121,"Horses; live, pure-bred breeding animals",0101,6
I,010129,"Horses; live, other than pure-bred breeding animals",0101,6
I,010130,Asses; live,0101,6
I,010190,Mules and hinnies; live,0101,6
I,0102,Bovine animals; live,01,4
I,010221,"Cattle; live, pure-bred breeding animals",0102,6
I,010229,"Cattle; live, other than pure-bred breeding animals",0102,6
I,010231,"Buffalo; live, pure-bred breeding animals",0102,6
I,010239,"Buffalo; live, other than pure-bred breeding animals",0102,6
I,010290,"Bovine animals; live, other than cattle and buffalo",0102,6
I,0103,Swine; live,01,4
I,010310,"Swine; live, pure-bred breeding animals",0103,6
I,010391,"Swine; live, other than pure-bred breeding animals, weighing less than 50kg",0103,6
I,010392,"Swine; live, other than pure-bred breeding animals, weighing 50kg or more",0103,6
I,0104,Sheep and goats; live,01,4
I,010410,Sheep; live,0104,6
I,010420,Goats; live,0104,6
I,0105,"Poultry; live, fowls of the species Gallus domesticus, ducks, geese, turkeys and guinea fowls",01,4
I,010511,"Poultry; live, fowls of the species Gallus domesticus, weighing not more than 185g",0105,6
I,010512,"Poultry; live, turkeys, weighing not more than 185g",0105,6
I,010513,"Poultry; live, ducks, weighing not more than 185g",0105,6
I,010514,"Poultry; live, geese, weighing not more than 185g",0105,6
I,010515,"Poultry; live, guinea fowls, weighing not more than 185g",0105,6
I,010594,"Poultry; live, fowls of the species Gallus domesticus, weighing more than 185g",0105,6
I,010599,"Poultry; live, ducks, geese, turkeys and guinea fowls, weighing more than 185g",0105,6
I,0106,"Animals; live, n.e.c. in chapter 01",01,4
I,010611,"Mammals; live, primates",0106,6
I,010612,"Mammals; live, whales, dolphins and porpoises (mammals of the order Cetacea); manatees and dugongs (mammals of the order Sirenia); seals, sea lions and walruses (mammals of the suborder Pinnipedia)",0106,6
I,010613,"Mammals; live, camels and other camelids (Camelidae)",0106,6
I,010614,"Mammals; live, rabbits and hares",0106,6
I,010619,"Mammals; live, other than primates, whales, dolphins, porpoises (mammals of the order Cetacea); manatees, dugongs (mammals of the order Sirenia); seals, sea lions, walruses (mammals of the suborder Pinnipedia), camels, other camelids, rabbits and hares",0106,6
I,010620,Reptiles; live (including snakes and turtles),0106,6
I,010631,"Birds; live, birds of prey",0106,6
I,010632,"Birds; live, Psittaciformes",0106,6
I,010633,"Birds; live, ostriches; emus (Dromaius novaehollandiae)",0106,6
I,010639,"Birds; live, other than birds of prey, Psittaciformes, ostriches and emus (Dromaius novaehollandiae)",0106,6
I,010641,"Insects; live, bees",0106,6
I,010649,"Insects; live, other than bees",0106,6
I,010690,"Animals; live, n.e.c. in chapter 01, other than mammals, reptiles, birds and insects",0106,6
I,02,Meat and edible meat offal,TOTAL,2
I,0201,Meat of bovine animals; fresh or chilled,02,4
I,020110,"Meat; of bovine animals, carcasses and half-carcasses, fresh or chilled",0201,6
I,020120,"Meat; of bovine animals, cuts with bone in (excluding carcasses and half-carcasses), fresh or chilled",0201,6
I,020130,"Meat; of bovine animals, boneless cuts, fresh or chilled",0201,6
I,0202,Meat of bovine animals; frozen,02,4
I,020210,"Meat; of bovine animals, carcasses and half-carcasses, frozen",0202,6
I,020220,"Meat; of bovine animals, cuts with bone in (excluding carcasses and half-carcasses), frozen",0202,6
I,020230,"Meat; of bovine animals, boneless cuts, frozen",0202,6
I,0203,"Meat of swine; fresh, chilled or frozen",02,4
I,020311,"Meat; of swine, carcasses and half-carcasses, fresh or chilled",0203,6
I,020312,"Meat; of swine, hams, shoulders and cuts thereof, with bone in, fresh or chilled",0203,6
I,020319,"Meat; of swine, n.e.c. in item no. 0203.1, fresh or chilled",0203,6
I,020321,"Meat; of swine, carcasses and half-carcasses, frozen",0203,6
I,020322,"Meat; of swine, hams, shoulders and cuts thereof, with bone in, frozen",0203,6
I,020329,"Meat; of swine, n.e.c. in item no. 0203.2, frozen",0203,6
I,0204,"Meat of sheep or goats; fresh, chilled or frozen",02,4
I,020410,"Meat; of sheep, lamb carcasses and half-carcasses, fresh or chilled",0204,6
I,020421,"Meat; of sheep, carcasses and half-carcasses (excluding carcasses and half-carcasses of lamb), fresh or chilled",0204,6
I,020422,"Meat; of sheep (including lamb), cuts with bone in (excluding carcasses and half-carcasses), fresh or chilled",0204,6
I,020423,"Meat; of sheep (including lamb), boneless cuts, fresh or chilled",0204,6
I,020430,"Meat; of sheep, lamb carcasses and half-carcasses, frozen",0204,6
I,020441,"Meat; of sheep, carcasses and half-carcasses (excluding carcasses and half-carcasses of lamb), frozen",0204,6
I,020442,"Meat; of sheep (including lamb), cuts with bone in (excluding carcasses and half-carcasses), frozen",0204,6
I,020443,"Meat; of sheep (including lamb), boneless cuts, frozen",0204,6
I,020450,"Meat; of goats, fresh, chilled or frozen",0204,6
I,0205,"Meat; of horses, asses, mules or hinnies, fresh, chilled or frozen",02,4
I,020500,"Meat; of horses, asses, mules or hinnies, fresh, chilled or frozen",0205,6
I,0206,"Edible offal of bovine animals, swine, sheep, goats, horses, asses, mules or hinnies; fresh, chilled or frozen",02,4
I,020610,"Offal, edible; of bovine animals, fresh or chilled",0206,6
I,020621,"Offal, edible; of bovine animals, tongues, frozen",0206,6
I,020622,"Offal, edible; of bovine animals, livers, frozen",0206,6
I,020629,"Offal, edible; of bovine animals, (other than tongues and livers), frozen",0206,6
I,020630,"Offal, edible; of swine, fresh or chilled",0206,6
I,020641,"Offal, edible; of swine, livers, frozen",0206,6
I,020649,"Offal, edible; of swine, (other than livers), frozen",0206,6
I,020680,"Offal, edible; of sheep, goats, horses, asses, mules or hinnies, fresh or chilled",0206,6
I,020690,"Offal, edible; of sheep, goats, horses, asses, mules or hinnies, frozen",0206,6
I,0207,"Meat and edible offal of poultry; of the poultry of heading no. 0105, (i.e. fowls of the species Gallus domesticus), fresh, chilled or frozen",02,4
I,020711,"Meat and edible offal; of fowls of the species Gallus domesticus, not cut in pieces, fresh or chilled",0207,6
I,020712,"Meat and edible offal; of fowls of the species Gallus domesticus, not cut in pieces, frozen",0207,6
I,020713,"Meat and edible offal; of fowls of the species Gallus domesticus, cuts and offal, fresh or chilled",0207,6
I,020714,"Meat and edible offal; of fowls of the species Gallus domesticus, cuts and offal, frozen",0207,6
I,020724,"Meat and edible offal; of turkeys, not cut in pieces, fresh or chilled",0207,6
I,020725,"Meat and edible offal; of turkeys, not cut in pieces, frozen",0207,6
I,020726,"Meat and edible offal; of turkeys, cuts and offal, fresh or chilled",0207,6
I,020727,"Meat and edible offal; of turkeys, cuts and offal, frozen",0207,6
I,020741,"Meat and edible offal; of ducks, not cut in pieces, fresh or chilled",0207,6
I,020742,"Meat and edible offal; of ducks, not cut in pieces, frozen",0207,6
I,020743,"Meat and edible offal; of ducks, fatty livers (foie gras), fresh or chilled",0207,6
I,020744,"Meat and edible offal; of ducks, cuts and offal, excluding fatty livers, fresh or chilled",0207,6
I,020745,"Meat and edible offal; of ducks, cuts and offal, excluding fatty livers, frozen",0207,6
I,020751,"Meat and edible offal; of geese, not cut in pieces, fresh or chilled",0207,6
I,020752,"Meat and edible offal; of geese, not cut in pieces, frozen",0207,6
I,020753,"Meat and edible offal; of geese, fatty livers (foie gras), fresh or chilled",0207,6
I,020754,"Meat and edible offal; of geese, cuts and offal, excluding fatty livers, fresh or chilled",0207,6
I,020755,"Meat and edible offal; of geese, cuts and offal, excluding fatty livers, frozen",0207,6
I,020760,"Meat and edible offal; of guinea fowls, fresh, chilled or frozen",0207,6
I,0208,"Meat and edible meat offal, n.e.c. in chapter 2; fresh, chilled or frozen",02,4
I,020810,"Meat and edible meat offal; of rabbits or hares, fresh, chilled or frozen",0208,6
I,020830,"Meat and edible meat offal; of primates, fresh, chilled or frozen",0208,6
I,020840,"Meat and edible meat offal; of whales, dolphins and porpoises (mammals of the order Cetacea); of manatees and dugongs (mammals of the order Sirenia); of seals, sea lions and walruses (mammals of the suborder Pinnipedia), fresh, chilled or frozen",0208,6
I,020850,"Meat and edible meat offal; of reptiles (including snakes and turtles), fresh, chilled or frozen",0208,6
I,020860,"Meat and edible meat offal; of camels and other camelids (Camelidae), fresh, chilled or frozen",0208,6
I,020890,"Meat and edible meat offal; n.e.c. in chapter 2, fresh, chilled or frozen",0208,6
I,0209,"Pig fat, free of lean meat, and poultry fat, not rendered or otherwise extracted, fresh, chilled, frozen, salted, in brine, dried or smoked",02,4
I,020910,"Fat; pig fat, free of lean meat, not rendered or otherwise extracted, fresh, chilled, frozen, salted, in brine, dried or smoked",0209,6
I,020990,"Fat; poultry fat, not rendered or otherwise extracted, fresh, chilled, frozen, salted, in brine, dried or smoked",0209,6
I,0210,"Meat and edible meat offal; salted, in brine, dried or smoked; edible flours and meals of meat or meat offal",02,4
I,021011,"Meat; salted, in brine, dried or smoked, of swine, hams, shoulders and cuts thereof, with bone in",0210,6
I,021012,"Meat; salted, in brine, dried or smoked, of swine, bellies (streaky) and cuts thereof",0210,6
I,021019,"Meat; salted in brine, dried or smoked, of swine, n.e.c. in item no. 0210.1",0210,6
I,021020,"Meat; salted, in brine, dried or smoked, of bovine animals",0210,6
I,021091,"Meat and edible meat offal; salted, in brine, dried or smoked, and edible flours and meals of meat or meat offal, of primates",0210,6
I,021092,"Meat and edible meat offal; salted, in brine, dried or smoked; edible flours, meals of meat or meat offal, of whales, dolphins, porpoises (of order Cetacea); manatees, dugongs (of order Sirenia); seals, sea lions, and walruses (of suborder Pinnipedia)",0210,6
I,021093,"Meat and edible meat offal; salted, in brine, dried or smoked, and edible flours and meals of meat or meat offal, of reptiles (including snakes and turtles)",0210,6
I,021099,"Meat and edible meat offal; salted, in brine, dried or smoked, and edible flours and meals of meat or meat offal, other than of primates, whales, dolphins, porpoises, manatees, dugongs, seals, sea lions, walruses, reptiles (including snakes and turtles)",0210,6
I,03,"Fish and crustaceans, molluscs and other aquatic invertebrates",TOTAL,2
I,0301,Fish; live,03,4
I,030111,"Fish; live, ornamental, freshwater",0301,6
I,030119,"Fish; live, ornamental, other than freshwater",0301,6
I,030191,"Fish; live, trout (Salmo trutta, Oncorhynchus mykiss, Oncorhynchus clarki, Oncorhynchus aguabonita, Oncorhynchus gilae, Oncorhynchus apache and Oncorhynchus chrysogaster)",0301,6
I,030192,"Fish; live, eels (Anguilla spp.)",0301,6
I,030193,"Fish; live, carp (Cyprinus spp., Carassius spp., Ctenopharyngodon idellus, Hypophthalmichthys spp., Cirrhinus spp., Mylopharyngodon piceus, Catla catla, Labeo spp., Osteochilus hasselti, Leptobarbus hoeveni, Megalobrama spp.)",0301,6
I,030194,"Fish; live, Atlantic and Pacific bluefin tunas (Thunnus thynnus, Thunnus orientalis)",0301,6
I,030195,"Fish; live, southern bluefin tunas (Thunnus maccoyii)",0301,6
I,030199,"Fish; live, n.e.c. in heading 0301",0301,6
I,0302,"Fish; fresh or chilled, excluding fish fillets and other fish meat of heading 0304",03,4
I,030211,"Fish; fresh or chilled, trout (Salmo trutta, Oncorhynchus mykiss, Oncorhynchus clarki, Oncorhynchus aguabonita, Oncorhynchus gilae, Oncorhynchus apache and Oncorhynchus chrysogaster), excluding fillets, fish meat of 0304, and edible fish offal of 0302.9",0302,6
I,030213,"Fish; fresh or chilled, Pacific salmon (Oncorhynchus nerka, Oncorhynchus gorbuscha, Oncorhynchus keta, Oncorhynchus tschawytscha, Oncorhynchus kisutch, Oncorhynchus masou, Oncorhynchus rhodurus), not fillets, meat of 0304, and edible fish offal of 0302.9",0302,6
I,030214,"Fish; fresh or chilled, Atlantic salmon (Salmo salar) and Danube salmon (Hucho hucho), excluding fillets, fish meat of 0304, and edible fish offal of subheadings 0302.91 to 0302.99",0302,6
I,030219,"Fish; fresh or chilled, salmonidae, n.e.c. in item no. 0302.1, excluding fillets, fish meat of 0304, and edible fish offal of subheadings 0302.91 to 0302.99",0302,6
I,030221,"Fish; fresh or chilled, halibut (Reinhardtius hippoglossoides, Hippoglossus hippoglossus, Hippoglossus stenolepis), excluding fillets, fish meat of 0304, and edible fish offal of subheadings 0302.91 to 0302.99",0302,6
I,030222,"Fish; fresh or chilled, plaice (Pleuronectes platessa), excluding fillets, fish meat of 0304, and edible fish offal of subheadings 0302.91 to 0302.99",0302,6
I,030223,"Fish; fresh or chilled, sole (Solea spp.), excluding fillets, fish meat of 0304, and edible fish offal of subheadings 0302.91 to 0302.99",0302,6
I,030224,"Fish; fresh or chilled, turbots (Psetta maxima, Scophthalmidae), excluding fillets, fish meat of 0304, and edible fish offal of subheadings 0302.91 to 0302.99",0302,6
I,030229,"Fish; fresh or chilled, flat fish, n.e.c. in item no. 0302.2, excluding fillets, fish meat of 0304, and edible fish offal of subheadings 0302.91 to 0302.99",0302,6
I,030231,"Fish; fresh or chilled, albacore or longfinned tunas (Thunnus alalunga), excluding fillets, fish meat of 0304, and edible fish offal of subheadings 0302.91 to 0302.99",0302,6
I,030232,"Fish; fresh or chilled, yellowfin tunas (Thunnus albacares), excluding fillets, fish meat of 0304, and edible fish offal of subheadings 0302.91 to 0302.99",0302,6
I,030233,"Fish; fresh or chilled, skipjack tuna (stripe-bellied bonito) (Katsuwonus pelamis), excluding fillets, fish meat of 0304, and edible fish offal of subheadings 0302.91 to 0302.99",0302,6
I,030234,"Fish; fresh or chilled, bigeye tunas (Thunnus obesus), excluding fillets, fish meat of 0304, and edible fish offal of subheadings 0302.91 to 0302.99",0302,6
I,030235,"Fish; fresh or chilled, Atlantic and Pacific bluefin tunas (Thunnus thynnus, Thunnus orientalis), excluding fillets, fish meat of 0304, and edible fish offal of subheadings 0302.91 to 0302.99",0302,6
I,030236,"Fish; fresh or chilled, southern bluefin tunas (Thunnus maccoyii), excluding fillets, fish meat of 0304, and edible fish offal of subheadings 0302.91 to 0302.99",0302,6
I,030239,"Fish; fresh or chilled, tuna, n.e.c. in item no. 0302.3, excluding fillets, fish meat of 0304, and edible fish offal of subheadings 0302.91 to 0302.99",0302,6
I,030241,"Fish; fresh or chilled, herrings (Clupea harengus, Clupea pallasii), excluding fillets, fish meat of 0304, and edible fish offal of subheadings 0302.91 to 0302.99",0302,6
I,030242,"Fish; fresh or chilled, anchovies (Engraulis spp.), excluding fillets, fish meat of 0304, and edible fish offal of subheadings 0302.91 to 0302.99",0302,6
I,030243,"Fish; fresh or chilled, sardines (Sardina pilchardus, Sardinops spp.), sardinella (Sardinella spp.), brisling or sprats (Sprattus sprattus), excluding fillets, fish meat of 0304, and edible fish offal of subheadings 0302.91 to 0302.99",0302,6
I,030244,"Fish; fresh or chilled, mackerel (Scomber scombrus, Scomber australasicus, Scomber japonicus), excluding fillets, fish meat of 0304, and edible fish offal of subheadings 0302.91 to 0302.99",0302,6
I,030245,"Fish; fresh or chilled, jack and horse mackerel (Trachurus spp.), excluding fillets, fish meat of 0304, and edible fish offal of subheadings 0302.91 to 0302.99",0302,6
I,030246,"Fish; fresh or chilled, cobia (Rachycentron canadum), excluding fillets, fish meat of 0304, and edible fish offal of subheadings 0302.91 to 0302.99",0302,6
I,030247,"Fish; fresh or chilled, swordfish (Xiphias gladius), excluding fillets, fish meat of 0304, and edible fish offal of subheadings 0302.91 to 0302.99",0302,6
I,030249,"Fish; fresh or chilled, n.e.c. in item no. 0302.4, excluding fillets, fish meat of 0304, and edible fish offal of subheadings 0302.91 to 0302.99",0302,6
I,030251,"Fish; fresh or chilled, cod (Gadus morhua, Gadus ogac, Gadus macrocephalus), excluding fillets, fish meat of 0304, and edible fish offal of subheadings 0302.91 to 0302.99",0302,6
I,030252,"Fish; fresh or chilled, haddock (Melanogrammus aeglefinus), excluding fillets, fish meat of 0304, and edible fish offal of subheadings 0302.91 to 0302.99",0302,6
I,030253,"Fish; fresh or chilled, coalfish (Pollachius virens), excluding fillets, fish meat of 0304, and edible fish offal of subheadings 0302.91 to 0302.99",0302,6
I,030254,"Fish; fresh or chilled, hake (Merluccius spp., Urophycis spp.), excluding fillets, fish meat of 0304, and edible fish offal of subheadings 0302.91 to 0302.99",0302,6
I,030255,"Fish; fresh or chilled, Alaska pollock (Theragra chalcogramma), excluding fillets, fish meat of 0304, and edible fish offal of subheadings 0302.91 to 0302.99",0302,6
I,030256,"Fish; fresh or chilled, blue whitings (Micromesistius poutassou, Micromesistius australis),excluding fillets, fish meat of 0304, and edible fish offal of subheadings 0302.91 to 0302.99",0302,6
I,030259,"Fish; fresh or chilled, n.e.c. in item no. 0302.5, excluding fillets, fish meat of 0304, and edible fish offal of subheadings 0302.91 to 0302.99",0302,6
I,030271,"Fish; fresh or chilled, tilapias (Oreochromis spp.), excluding fillets, fish meat of 0304, and edible fish offal of subheadings 0302.91 to 0302.99",0302,6
I,030272,"Fish; fresh or chilled, catfish (Pangasius spp., Silurus spp., Clarias spp., Ictalurus spp.), excluding fillets, fish meat of 0304, and edible fish offal of subheadings 0302.91 to 0302.99",0302,6
I,030273,"Fish; fresh or chilled, Carp (as specified by the WCO.), excluding fillets, fish meat of 0304, and edible fish offal of subheadings 0302.91 to 0302.99",0302,6
I,030274,"Fish; fresh or chilled, eels (Anguilla spp.), excluding fillets, fish meat of 0304, and edible fish offal of subheadings 0302.91 to 0302.99",0302,6
I,030279,"Fish; fresh or chilled, Nile perch (Lates niloticus) and snakeheads (Channa spp.), excluding fillets, fish meat of 0304, and edible fish offal of subheadings 0302.91 to 0302.99",0302,6
I,030281,"Fish; fresh or chilled, dogfish and other sharks, excluding fillets, fish meat of 0304, and edible fish offal of subheadings 0302.91 to 0302.99",0302,6
I,030282,"Fish; fresh or chilled, rays and skates (Rajidae), excluding fillets, fish meat of 0304, and edible fish offal of subheadings 0302.91 to 0302.99",0302,6
I,030283,"Fish; fresh or chilled, toothfish (Dissostichus spp.), excluding fillets, fish meat of 0304, and edible fish offal of subheadings 0302.91 to 0302.99",0302,6
I,030284,"Fish; fresh or chilled, seabass (Dicentrarchus spp.), excluding fillets, fish meat of 0304, and edible fish offal of subheadings 0302.91 to 0302.99",0302,6
I,030285,"Fish; fresh or chilled, seabream (Sparidae), excluding fillets, fish meat of 0304, and edible fish offal of subheadings 0302.91 to 0302.99",0302,6
I,030289,"Fish; fresh or chilled, n.e.c. in heading 0302, excluding fillets, fish meat of 0304, and edible fish offal of subheadings 0302.91 to 0302.99",0302,6
I,030291,"Fish; fresh or chilled, livers, roes and milt",0302,6
I,030292,"Fish; fresh or chilled, shark fins",0302,6
I,030299,"Fish; fresh or chilled, fish fins (other than shark fins), heads, tails, maws and other edible fish offal",0302,6
I,0303,"Fish; frozen, excluding fish fillets and other fish meat of heading 0304",03,4
I,030311,"Fish; frozen, Pacific salmon, sockeye salmon (red salmon) (Oncorhynchus nerka), excluding fillets, fish meat of 0304, and edible fish offal of subheadings 0303.91 to 0303.99",0303,6
I,030312,"Fish; frozen, Pacific salmon (Oncorhynchus gorbuscha/keta/tschawytscha/ kisutch/masou/rhodurus) other than sockeye salmon (Oncorhynchus nerka), excluding fillets, fish meat of 0304, and edible fish offal of subheadings 0303.91 to 0303.99",0303,6
I,030313,"Fish; frozen, Atlantic salmon (Salmo salar) and Danube salmon (Hucho hucho), excluding fillets, fish meat of 0304, and edible fish offal of subheadings 0303.91 to 0303.99",0303,6
I,030314,"Fish; frozen, trout (Salmo trutta, Oncorhynchus mykiss, Oncorhynchus clarki, Oncorhynchus aguabonita, Oncorhynchus gilae, Oncorhynchus apache and Oncorhynchus chrysogaster), excluding fillets, meat of 0304, and edible fish offal of 0303.91 to 0303.99",0303,6
I,030319,"Fish; frozen, salmonidae, n.e.c. in item no. 0303.1, excluding fillets, fish meat of 0304, and edible fish offal of subheadings 0303.91 to 0303.99",0303,6
I,030323,"Fish; frozen, tilapias (Oreochromis spp.), excluding fillets, fish meat of 0304, and edible fish offal of subheadings 0303.91 to 0303.99",0303,6
I,030324,"Fish; frozen, catfish (Pangasius spp., Silurus spp., Clarias spp., Ictalurus spp.), excluding fillets, fish meat of 0304, and edible fish offal of subheadings 0303.91 to 0303.99",0303,6
I,030325,"Fish; frozen, carp (as specified by the WCO), excluding fillets, fish meat of 0304, and edible fish offal of subheadings 0303.91 to 0303.99",0303,6
I,030326,"Fish; frozen, eels (Anguilla spp.), excluding fillets, fish meat of 0304, and edible fish offal of subheadings 0303.91 to 0303.99",0303,6
I,030329,"Fish; frozen, Nile perch (Lates niloticus) and snakeheads (Channa spp.), excluding fillets, fish meat of 0304, and edible fish offal of subheadings 0303.91 to 0303.99",0303,6
I,030331,"Fish; frozen, halibut (Reinhardtius hippoglossoides, Hippoglossus hippoglossus, Hippoglossus stenolepis), excluding fillets, fish meat of 0304, and edible fish offal of subheadings 0303.91 to 0303.99",0303,6
I,030332,"Fish; frozen, plaice (Pleuronectes platessa), excluding fillets, fish meat of 0304, and edible fish offal of subheadings 0303.91 to 0303.99",0303,6
I,030333,"Fish; frozen, sole (Solea spp.), excluding fillets, fish meat of 0304, and edible fish offal of subheadings 0303.91 to 0303.99",0303,6
I,030334,"Fish; frozen, turbots (Psetta maxima, Scophthalmidae), excluding fillets, fish meat of 0304, and edible fish offal of subheadings 0303.91 to 0303.99",0303,6
I,030339,"Fish; frozen, flat fish, n.e.c. in item no. 0303.3, excluding fillets, fish meat of 0304, and edible fish offal of subheadings 0303.91 to 0303.99",0303,6
I,030341,"Fish; frozen, albacore or longfinned tunas (Thunnus alalunga), excluding fillets, fish meat of 0304, and edible fish offal of subheadings 0303.91 to 0303.99",0303,6
I,030342,"Fish; frozen, yellowfin tunas (Thunnus albacares), excluding fillets, fish meat of 0304, and edible fish offal of subheadings 0303.91 to 0303.99",0303,6
I,030343,"Fish; frozen, skipjack tuna (stripe-bellied bonito) (Katsuwonus pelamis), excluding fillets, fish meat of 0304, and edible fish offal of subheadings 0303.91 to 0303.99",0303,6
I,030344,"Fish; frozen, bigeye tunas (Thunnus obesus), excluding fillets, fish meat of 0304, and edible fish offal of subheadings 0303.91 to 0303.99",0303,6
I,030345,"Fish; frozen, Atlantic and Pacific bluefin tunas (Thunnus thynnus, Thunnus orientalis), excluding fillets, fish meat of 0304, and edible fish offal of subheadings 0303.91 to 0303.99",0303,6
I,030346,"Fish; frozen, southern bluefin tunas (Thunnus maccoyii), excluding fillets, fish meat of 0304, and edible fish offal of subheadings 0303.91 to 0303.99",0303,6
I,030349,"Fish; frozen, tuna, n.e.c. in item no. 0303.4, excluding fillets, fish meat of 0304, and edible fish offal of subheadings 0303.91 to 0303.99",0303,6
I,030351,"Fish; frozen, herrings (Clupea harengus, Clupea pallasii), excluding fillets, fish meat of 0304, and edible fish offal of subheadings 0303.91 to 0303.99",0303,6
I,030353,"Fish; frozen, sardines (Sardina pilchardus, Sardinops spp.), sardinella (Sardinella spp.), brisling or sprats (Sprattus sprattus), excluding fillets, fish meat of 0304, and edible fish offal of subheadings 0303.91 to 0303.99",0303,6
I,030354,"Fish; frozen, mackerel (Scomber scombrus, Scomber australasicus, Scomber japonicus), excluding fillets, fish meat of 0304, and edible fish offal of subheadings 0303.91 to 0303.99",0303,6
I,030355,"Fish; frozen, jack and horse mackerel (Trachurus spp.), excluding fillets, fish meat of 0304, and edible fish offal of subheadings 0303.91 to 0303.99",0303,6
I,030356,"Fish; frozen, cobia (Rachycentron canadum), excluding fillets, fish meat of 0304, and edible fish offal of subheadings 0303.91 to 0303.99",0303,6
I,030357,"Fish; frozen, swordfish (Xiphias gladius), excluding fillets, fish meat of 0304, and edible fish offal of subheadings 0303.91 to 0303.99",0303,6
I,030359,"Fish; frozen, n.e.c. in item no. 0303.5, excluding fillets, fish meat of 0304, and edible fish offal of subheadings 0303.91 to 0303.99",0303,6
I,030363,"Fish; frozen, cod (Gadus morhua, Gadus ogac, Gadus macrocephalus), excluding fillets, fish meat of 0304, and edible fish offal of subheadings 0303.91 to 0303.99",0303,6
I,030364,"Fish; frozen, haddock (Melanogrammus aeglefinus), excluding fillets, fish meat of 0304, and edible fish offal of subheadings 0303.91 to 0303.99",0303,6
I,030365,"Fish; frozen, coalfish (Pollachius virens), excluding fillets, fish meat of 0304, and edible fish offal of subheadings 0303.91 to 0303.99",0303,6
I,030366,"Fish; frozen, hake (Merluccius spp., Urophycis spp.), excluding fillets, fish meat of 0304, and edible fish offal of subheadings 0303.91 to 0303.99",0303,6
I,030367,"Fish; frozen, Alaska pollock (Theragra chalcogramma), excluding fillets, fish meat of 0304, and edible fish offal of subheadings 0303.91 to 0303.99",0303,6
I,030368,"Fish; frozen, blue whitings (Micromesistius poutassou, Micromesistius australis), excluding fillets, fish meat of 0304, and edible fish offal of subheadings 0303.91 to 0303.99",0303,6
I,030369,"Fish; frozen, of Bregmacerotidae, Euclichthyidae, Gadidae, Macrouridae, Melanonidae, Merlucciidae, Moridae, Muraenolepididae, other than cod, haddock, coalfish, hake, Alaska pollack, blue whitings, not fillets, meat of 0304, and edible offal of 0303.9",0303,6
I,030381,"Fish; frozen, dogfish and other sharks, excluding fillets, fish meat of 0304, and edible fish offal of subheadings 0303.91 to 0303.99",0303,6
I,030382,"Fish; frozen, rays and skates (Rajidae), excluding fillets, fish meat of 0304, and edible fish offal of subheadings 0303.91 to 0303.99",0303,6
I,030383,"Fish; frozen, toothfish (Dissostichus spp.), excluding fillets, livers, roes, and edible fish offal of subheadings 0303.91 to 0303.99",0303,6
I,030384,"Fish; frozen, seabass (Dicentrarchus spp.), excluding fillets, fish meat of 0304, and edible fish offal of subheadings 0303.91 to 0303.99",0303,6
I,030389,"Fish; frozen, n.e.c. in heading 0303, excluding fillets, fish meat of 0304, and edible fish offal of subheadings 0303.91 to 0303.99",0303,6
I,030391,"Fish; frozen, livers, roes and milt",0303,6
I,030392,"Fish; frozen, shark fins",0303,6
I,030399,"Fish; frozen, fish fins (other than shark fins), heads, tails, maws and other edible fish offal",0303,6
I,0304,"Fish fillets and other fish meat (whether or not minced); fresh, chilled or frozen",03,4
I,030431,"Fish fillets; fresh or chilled, tilapias (Oreochromis spp.)",0304,6
I,030432,"Fish fillets; fresh or chilled, catfish (Pangasius spp., Silurus spp., Clarias spp., Ictalurus spp.)",0304,6
I,030433,"Fish fillets; fresh or chilled, Nile perch (Lates niloticus)",0304,6
I,030439,"Fish fillets; fresh or chilled, carp (as specified by the WCO), eels (Anguilla spp.), and snakeheads (Channa spp.)",0304,6
I,030441,"Fish fillets; fresh or chilled, salmon, Pacific (Oncorhynchus nerka, Oncorhynchus gorbuscha, Oncorhynchus keta, Oncorhynchus tschawytscha, Oncorhynchus kisutch, Oncorhynchus masou and Oncorhynchus rhodurus), Atlantic (Salmo salar), Danube (Hucho hucho)",0304,6
I,030442,"Fish fillets; fresh or chilled, trout (Salmo trutta, Oncorhynchus mykiss, Oncorhynchus clarki, Oncorhynchus aguabonita, Oncorhynchus gilae, Oncorhynchus apache and Oncorhynchus chrysogaster)",0304,6
I,030443,"Fish fillets; fresh or chilled, flat fish (Pleuronectidae, Bothidae, Cynoglossidae, Soleidae, Scophthalmidae and Citharidae)",0304,6
I,030444,"Fish fillets; fresh or chilled, of the families Bregmacerotidae, Euclichthyidae, Gadidae, Macrouridae, Melanonidae, Merlucciidae, Moridae, and Muraenolepididae",0304,6
I,030445,"Fish fillets; fresh or chilled, swordfish (Xiphias gladius)",0304,6
I,030446,"Fish fillets; fresh or chilled, toothfish (Dissostichus spp.)",0304,6
I,030447,"Fish fillets; fresh or chilled, dogfish and other sharks",0304,6
I,030448,"Fish fillets; fresh or chilled, rays and skates (Rajidae)",0304,6
I,030449,"Fish fillets; fresh or chilled, other than fish of heading 0304.4",0304,6
I,030451,"Fish meat, excluding fillets, whether or not minced; fresh or chilled, tilapias, catfish, carp, eels, Nile perch, and snakeheads",0304,6
I,030452,"Fish meat, excluding fillets, whether or not minced; fresh or chilled, salmonidae",0304,6
I,030453,"Fish meat, excluding fillets, whether or not minced; fresh or chilled, of the families Bregmacerotidae, Euclichthyidae, Gadidae, Macrouridae, Melanonidae, Merlucciidae, Moridae, and Muraenolepididae",0304,6
I,030454,"Fish meat, excluding fillets, whether or not minced; fresh or chilled, swordfish (Xiphias gladius)",0304,6
I,030455,"Fish meat, excluding fillets, whether or not minced; fresh or chilled, toothfish (Dissostichus spp.)",0304,6
I,030456,"Fish meat; excluding fillets, whether or not minced; fresh or chilled, dogfish and other sharks",0304,6
I,030457,"Fish meat; excluding fillets, whether or not minced; fresh or chilled, rays and skates (Rajidae)",0304,6
I,030459,"Fish meat; excluding fillets, whether or not minced; fresh or chilled, of fish n.e.c. in item no. 0304.5",0304,6
I,030461,"Fish fillets; frozen, tilapias (Oreochromis spp.)",0304,6
I,030462,"Fish fillets; frozen, catfish (Pangasius spp., Silurus spp., Clarias spp., Ictalurus spp.)",0304,6
I,030463,"Fish fillets; frozen, Nile Perch (Lates niloticus)",0304,6
I,030469,"Fish fillets; frozen, carp (Cyprinus/Carassius/Ctenopharyngodon idellus/Hypophthalmichthys/Cirrhinus/Mylopharyngodon piceus/Catla catla/Labeo/Osteochilus hasselti/Leptobarbus hoeveni/Megalobrama), eels (Anguilla) and snakeheads (Channa)",0304,6
I,030471,"Fish fillets; frozen, cod (Gadus morhua, Gadus ogac, Gadus macrocephalus)",0304,6
I,030472,"Fish fillets; frozen, haddock (Melanogrammus aeglefinus)",0304,6
I,030473,"Fish fillets; frozen, coalfish (Pollachius virens)",0304,6
I,030474,"Fish fillets; frozen, hake (Merluccius spp., Urophycis spp.)",0304,6
I,030475,"Fish fillets; frozen, Alaska pollock (Theragra chalcogramma)",0304,6
I,030479,"Fish fillets; frozen, of the families Bregmacerotidae, Euclichthyidae, Gadidae, Macrouridae, Melanonidae, Merlucciidae, Moridae and Muraenolepididae other than cod, haddock, coalfish, hake, and Alaska pollock",0304,6
I,030481,"Fish fillets; frozen, salmon, Pacific (Oncorhynchus nerka, Oncorhynchus gorbuscha, Oncorhynchus keta, Oncorhynchus tschawytscha, Oncorhynchus kisutch, Oncorhynchus masou, Oncorhynchus rhodurus), Atlantic (Salmo salar), and Danube (Hucho hucho)",0304,6
I,030482,"Fish fillets; frozen, trout (Salmo trutta, Oncorhynchus mykiss, Oncorhynchus clarki, Oncorhynchus aguabonita, Oncorhynchus gilae, Oncorhynchus apache and Oncorhynchus chrysogaster)",0304,6
I,030483,"Fish fillets; frozen, flat fish (Pleuronectidae, Bothidae, Cynoglossidae, Soleidae, Scophthalmidae and Citharidae)",0304,6
I,030484,"Fish fillets; frozen, swordfish (Xiphias gladius)",0304,6
I,030485,"Fish fillets; frozen, toothfish (Dissostichus spp.)",0304,6
I,030486,"Fish fillets; frozen, herrings (Clupea harengus, Clupea pallasii)",0304,6
I,030487,"Fish fillets; frozen, tunas (of the genus Thunnus), skipjack tuna (stripe-bellied bonito) (Katsuwonus pelamis)",0304,6
I,030488,"Fish fillets; frozen, dogfish, other sharks, rays and skates (Rajidae)",0304,6
I,030489,"Fish fillets; frozen, of fish n.e.c. in heading 0304.8",0304,6
I,030491,"Fish meat, excluding fillets, whether or not minced; frozen, swordfish (Xiphias gladius)",0304,6
I,030492,"Fish meat, excluding fillets, whether or not minced; frozen, toothfish (Dissostichus spp.)",0304,6
I,030493,"Fish meat, excluding fillets, whether or not minced; frozen, tilapias, catfish, carp, eels, Nile perch, and snakeheads",0304,6
I,030494,"Fish meat, excluding fillets, whether or not minced; frozen, Alaska Pollock (Theragra chalcogramma)",0304,6
I,030495,"Fish meat, excluding fillets, whether or not minced; frozen, of the families Bregmacerotidae, Euclichthyidae, Gadidae, Macrouridae, Melanonidae, Merlucciidae, Moridae and Muraenolepididae, other than Alaska Pollock (Theragra chalcogramma)",0304,6
I,030496,"Fish meat, excluding fillets, whether or not minced; frozen, dogfish and other sharks",0304,6
I,030497,"Fish meat, excluding fillets, whether or not minced; frozen, rays and skates (Rajidae)",0304,6
I,030499,"Fish meat, excluding fillets, whether or not minced; frozen, n.e.c. in item no. 0304.9",0304,6
I,0305,"Fish, dried, salted or in brine; smoked fish, whether or not cooked before, or during the smoking process",03,4
I,030520,"Fish; livers, roes and milt of fish, dried, smoked, salted or in brine",0305,6
I,030531,"Fish fillets; dried, salted or in brine, but not smoked, tilapias, catfish, carp, eels, Nile perch, and snakeheads",0305,6
I,030532,"Fish fillets; dried, salted or in brine, but not smoked, of the families Bregmacerotidae, Euclichthyidae, Gadidae, Macrouridae, Melanonidae, Merlucciidae, Moridae and Muraenolepididae",0305,6
I,030539,"Fish fillets; dried, salted or in brine, but not smoked, n.e.c. in item no. 0305.3",0305,6
I,030541,"Fish; smoked, whether or not cooked before or during smoking, salmon, Pacific (Oncorhynchus nerka, gorbuscha, keta, tschawytscha, kisutch, masou, rhodurus), Atlantic (Salmo salar) and Danube (Hucho hucho), includes fillets, but excludes edible fish offal",0305,6
I,030542,"Fish; smoked, whether or not cooked before or during smoking, herrings (Clupea harengus, Clupea pallasii), includes fillets, but excludes edible fish offal",0305,6
I,030543,"Fish; smoked, whether or not cooked before or during smoking, trout (Salmo trutta, Oncorhynchus mykiss/clarki/aguabonita/gilae/apache/chrysogaster), includes fillets, but excludes edible fish offal",0305,6
I,030544,"Fish; smoked, whether or not cooked before or during smoking, tilapias, catfish, carp, eels, Nile perch, and snakeheads, includes fillets, but excludes edible fish offal",0305,6
I,030549,"Fish; smoked, whether or not cooked before or during smoking, n.e.c. in item no. 0305.4, includes fillets, but excludes edible fish offal",0305,6
I,030551,"Fish; dried, whether or not salted but not smoked, other than edible fish offal, cod (Gadus morhua, Gadus ogac, Gadus macrocephalus)",0305,6
I,030552,"Fish; dried, whether or not salted but not smoked, tilapias, catfish, carp, eels, Nile perch, and snakeheads",0305,6
I,030553,"Fish; dried, whether or not salted but not smoked, fish of the families Bregmacerotidae, Euclichthyidae, Gadidae, Macrouridae, Melanonidae, Merlucciidae, Moridae and Muraenolepididae, other than cod",0305,6
I,030554,"Dried herrings, anchovies, sardines, sardinella, brisling or sprats, mackerel (incl Indian, jack, or horse), seerfishes, jacks, crevalles, cobia, silver pomfrets, Pacific saury, scads, capelin, swordfish, Kawakawa, bonitos, marlins, sailfishes, spearfish",0305,6
I,030559,"Fish; dried, whether or not salted but not smoked, other than edible fish offal, n.e.c. in item no. 0305.5",0305,6
I,030561,"Fish; salted or in brine, not dried or smoked, other than edible fish offal, herrings (Clupea harengas, Clupea pallasii)",0305,6
I,030562,"Fish; salted or in brine, not dried or smoked, other than edible fish offal, cod (Gadus morhua, Gadus ogac, Gadus macrocephalus)",0305,6
I,030563,"Fish; salted or in brine, not dried or smoked, other than edible fish offal, anchovies (Engrails spp.)",0305,6
I,030564,"Fish; salted or in brine, not dried or smoked, other than edible fish offal, tilapias, catfish, carp, eels, Nile perch, and snakeheads",0305,6
I,030569,"Fish; salted or in brine, not dried or smoked, other than edible fish offal, n.e.c. in item no. 0305.6",0305,6
I,030571,"Fish; edible offal, shark fins",0305,6
I,030572,"Fish; edible offal, fish heads, tails and maws",0305,6
I,030579,"Fish; edible offal, other than shark fins, fish heads, tails and maws",0305,6
I,0306,"Crustaceans; in shell or not, live, fresh, chilled, frozen, dried, salted or in brine; smoked, cooked or not before or during smoking; in shell, steamed or boiled, whether or not chilled, frozen, dried, salted or in brine",03,4
I,030611,"Crustaceans; frozen, rock lobsters and other sea crawfish (Palinurus spp., Panulirus spp., Jasus spp.), in shell or not, smoked, cooked or not before or during smoking; in shell, cooked by steaming or by boiling in water",0306,6
I,030612,"Crustaceans; frozen, lobsters (Homarus spp.), in shell or not, smoked, cooked or not before or during smoking; in shell, cooked by steaming or by boiling in water",0306,6
I,030614,"Crustaceans; frozen, crabs, in shell or not, smoked, cooked or not before or during smoking; in shell, cooked by steaming or by boiling in water",0306,6
I,030615,"Crustaceans; frozen, Norway lobsters (Nephrops norvegicus), in shell or not, smoked, cooked or not before or during smoking; in shell, cooked by steaming or by boiling in water",0306,6
I,030616,"Crustaceans; frozen, cold-water shrimps and prawns (Pandalus spp., Crangon crangon), in shell or not, smoked, cooked or not before or during smoking; in shell, cooked by steaming or by boiling in water",0306,6
I,030617,"Crustaceans; frozen, shrimps and prawns, excluding cold-water varieties, in shell or not, smoked, cooked or not before or during smoking; in shell, cooked by steaming or by boiling in water",0306,6
I,030619,"Crustaceans; frozen, n.e.c. in item no. 0306.1, in shell or not, smoked, cooked or not before or during smoking; in shell, cooked by steaming or by boiling in water",0306,6
I,030631,"Crustaceans; live, fresh or chilled, rock lobsters and other sea crawfish (Palinurus spp., Panulirus spp., Jasus spp.), in shell or not",0306,6
I,030632,"Crustaceans; live, fresh or chilled, lobsters (Homarus spp.), whether in shell or not",0306,6
I,030633,"Crustaceans; live, fresh or chilled, crabs, whether in shell or not",0306,6
I,030634,"Crustaceans; live, fresh or chilled, Norway lobsters (Nephrops norvegicus), in shell or not",0306,6
I,030635,"Crustaceans; live, fresh or chilled, cold-water shrimps and prawns (Pandalus spp., Crangon crangon), in shell or not",0306,6
I,030636,"Crustaceans; live, fresh or chilled, shrimps and prawns excluding cold-water varieties, in shell or not",0306,6
I,030639,"Crustaceans; live, fresh or chilled, n.e.c. in item no. 0306.3, in shell or not",0306,6
I,030691,"Crustaceans; rock lobsters and other sea crawfish (Palinurus spp., Panulirus spp., Jasus spp.), smoked, cooked or not, whether in shell or not, whether or not cooked before or during smoking",0306,6
I,030692,"Crustaceans; lobsters (Homarus spp.), smoked, cooked or not, whether in shell or not, whether or not cooked before or during smoking",0306,6
I,030693,"Crustaceans; crabs, smoked, cooked or not, whether in shell or not, whether or not cooked before or during smoking",0306,6
I,030694,"Crustaceans; Norway lobsters (Nephrops norvegicus), smoked, cooked or not, whether in shell or not, whether or not cooked before or during smoking",0306,6
I,030695,"Crustaceans; shrimps and prawns, smoked, cooked or not, whether in shell or not, whether or not cooked before or during smoking",0306,6
I,030699,"Crustaceans; smoked, whole, cooked or not, n.e.c. in item no. 0306.9, in shell or not",0306,6
I,0307,"Molluscs; whether in shell or not, live, fresh, chilled, frozen, dried, salted or in brine; smoked molluscs, whether in shell or not, whether or not cooked before or during the smoking process",03,4
I,030711,"Molluscs; oysters, whether in shell or not, live, fresh or chilled",0307,6
I,030712,"Molluscs; oysters, whether in shell or not, frozen",0307,6
I,030719,"Molluscs; oysters, whether in shell or not, dried, salted or in brine, smoked, cooked or not before or during the smoking process",0307,6
I,030721,"Molluscs; scallops and other molluscs of the family Pectinidae, whether in shell or not, live, fresh or chilled",0307,6
I,030722,"Molluscs; scallops and other molluscs of the family Pectinidae, whether in shell or not, frozen",0307,6
I,030729,"Molluscs; scallops and other molluscs of the family Pectinidae, whether in shell or not, dried, salted, in brine, or smoked, cooked or not before or during the smoking process",0307,6
I,030731,"Molluscs; mussels (Mytilus spp., Perna spp.), whether in shell or not, live, fresh or chilled",0307,6
I,030732,"Molluscs; mussels (Mytilus spp., Perna spp.), whether in shell or not, frozen",0307,6
I,030739,"Molluscs; mussels (Mytilus spp., Perna spp.), whether in shell or not, dried, salted, in brine, or smoked, cooked or not before or during the smoking process",0307,6
I,030742,"Molluscs; cuttle fish and squid, whether in shell or not, live, fresh or chilled",0307,6
I,030743,"Molluscs; cuttle fish and squid, whether in shell or not, frozen",0307,6
I,030749,"Molluscs; cuttle fish and squid, whether in shell or not, dried, salted, in brine, or smoked, cooked or not before or during the smoking process",0307,6
I,030751,"Molluscs; octopus (Octopus spp.), live, fresh or chilled",0307,6
I,030752,"Molluscs; octopus (Octopus spp.), frozen",0307,6
I,030759,"Molluscs; octopus (Octopus spp.), dried, salted, in brine, or smoked, cooked or not before or during the smoking process",0307,6
I,030760,"Molluscs; snails, other than sea snails, whether in shell or not, live, fresh, chilled, frozen, dried, salted, in brine, or smoked, cooked or not before or during the smoking process",0307,6
I,030771,"Molluscs; clams, cockles and ark shells (families Arcidae, Arcticidae, Cardiidae, Donacidae, Hiatellidae, Mactridae, Mesodesmatidae, Myidae, Semelidae, Solecurtidae, Solenidae, Tridacnidae and Veneridae), whether in shell or not, live, fresh or chilled",0307,6
I,030772,"Molluscs; clams, cockles, ark shells (Arcidae, Arcticidae, Cardiidae, Donacidae, Hiatellidae, Mactridae, Mesodesmatidae, Myidae, Semelidae, Solecurtidae, Solenidae, Tridacnidae and Veneridae), whether in shell or not, frozen",0307,6
I,030779,"Molluscs; clams, cockle, ark shells (families Arcidae, Arcticidae, Cardiidae, Donacidae, Hiatellidae, Mactridae, Mesodesmatidae, Myidae, Semelidae, Solecurtidae, Solenidae, Tridacnidae, Veneridae), whether in shell or not, dried, salted, in brine, smoked",0307,6
I,030781,"Molluscs; abalone (Haliotis spp.), whether in shell or not, live, fresh or chilled",0307,6
I,030782,"Molluscs; stromboid conchs (Strombus spp.), whether in shell or not, live, fresh or chilled",0307,6
I,030783,"Molluscs; abalone (Haliotis spp.), whether in shell or not, frozen",0307,6
I,030784,"Molluscs; stromboid conchs (Strombus spp.), whether in shell or not, frozen",0307,6
I,030787,"Molluscs; abalone (Haliotis spp.), whether in shell or not, dried, salted, in brine, or smoked, cooked or not before or during the smoking process",0307,6
I,030788,"Molluscs; stromboid conchs (Strombus spp.), whether in shell or not, dried, salted, in brine, or smoked, cooked or not before or during the smoking process",0307,6
I,030791,"Molluscs; n.e.c. in heading 0307, whether in shell or not, live or fresh, chilled",0307,6
I,030792,"Molluscs; n.e.c. in heading 0307, whether in shell or not, frozen",0307,6
I,030799,"Molluscs; n.e.c. in heading 0307, whether in shell or not, dried, salted, in brine, or smoked, cooked or not before or during the smoking process",0307,6
I,0308,"Aquatic invertebrates other than crustaceans and molluscs, live, fresh, chilled, frozen, dried, salted or in brine; smoked aquatic invertebrates other than crustaceans and molluscs, whether or not cooked before or during the smoking process",03,4
I,030811,"Aquatic invertebrates; sea cucumbers (Stichopus japonicus, Holothuroidea), live, fresh or chilled",0308,6
I,030812,"Aquatic invertebrates; sea cucumbers (Stichopus japonicus, Holothuroidea), frozen",0308,6
I,030819,"Aquatic invertebrates; sea cucumbers (Stichopus japonicus, Holothuroidea), dried, salted or in brine, smoked, whether or not cooked before or during the smoking process",0308,6
I,030821,"Aquatic invertebrates; sea urchins (Strongylocentrotus spp., Paracentrotus lividus, Loxechinus albus, Echinus esculentus), live, fresh or chilled",0308,6
I,030822,"Aquatic invertebrates; sea urchins (Strongylocentrotus spp., Paracentrotus lividus, Loxechinus albus, Echinus esculentus), frozen",0308,6
I,030829,"Aquatic invertebrates; sea urchins (Strongylocentrotus spp., Paracentrotus lividus, Loxechinus albus, Echinus esculentus), dried, salted or in brine, smoked, whether or not cooked before or during smoking process",0308,6
I,030830,"Aquatic invertebrates; jellyfish (Rhopilema spp.), live, fresh, chilled, frozen, dried, salted or in brine, smoked, whether or not cooked before or during smoking",0308,6
I,030890,"Aquatic invertebrates; other than crustaceans, molluscs, sea urchins, sea cucumbers and jellyfish, live, fresh, chilled, frozen, dried, salted or in brine, smoked, cooked or not before or during smoking",0308,6
I,0309,"Flours, meals and pellets of fish, crustaceans, molluscs and other aquatic invertebrates, fit for human consumption",03,4
I,030910,"Flours, meals and pellets of fish, fit for human consumption",0309,6
I,030990,"Flours, meals and pellets of crustaceans, molluscs and other aquatic invertebrates, fit for human consumption",0309,6
I,04,"Dairy produce; birds' eggs; natural honey; edible products of animal origin, not elsewhere specified or included",TOTAL,2
I,0401,"Milk and cream; not concentrated, not containing added sugar or other sweetening matter",04,4
I,040110,"Dairy produce; milk and cream, not concentrated, not containing added sugar or other sweetening matter, of a fat content, by weight, not exceeding 1%",0401,6
I,040120,"Dairy produce; milk and cream, not concentrated, not containing added sugar or other sweetening matter, of a fat content, by weight, exceeding 1% but not exceeding 6%",0401,6
I,040140,"Dairy produce; milk and cream, not concentrated, not containing added sugar or other sweetening matter, of a fat content, by weight, exceeding 6% but not exceeding 10%",0401,6
I,040150,"Dairy produce; milk and cream, not concentrated, not containing added sugar or other sweetening matter, of a fat content, by weight, exceeding 10%",0401,6
I,0402,Milk and cream; concentrated or containing added sugar or other sweetening matter,04,4
I,040210,"Dairy produce; milk and cream, concentrated or containing added sugar or other sweetening matter, in powder, granules or other solid forms, of a fat content not exceeding 1.5% (by weight)",0402,6
I,040221,"Dairy produce; milk and cream, concentrated, not containing added sugar or other sweetening matter, in powder, granules or other solid forms, of a fat content exceeding 1.5% (by weight)",0402,6
I,040229,"Dairy produce; milk and cream, containing added sugar or other sweetening matter, in powder, granules or other solid forms, of a fat content exceeding 1.5% (by weight)",0402,6
I,040291,"Dairy produce; milk and cream, concentrated, not containing added sugar or other sweetening matter, other than in powder, granules or other solid forms",0402,6
I,040299,"Dairy produce; milk and cream, containing added sugar or other sweetening matter, other than in powder, granules or other solid forms",0402,6
I,0403,"Yogurt; buttermilk, curdled milk and cream, kephir and other fermented or acidified milk and cream, whether or not concentrated or containing added sugar or other sweetening matter or flavoured or containing added fruit, nuts or cocoa.",04,4
I,040320,"Dairy produce; yoghurt, whether or not concentrated or containing added sugar or other sweetening matter or flavoured or containing added fruit, nuts or cocoa",0403,6
I,040390,"Dairy produce; buttermilk, curdled milk or cream, kephir, fermented or acidified milk or cream, whether or not concentrated or containing added sweetening, flavouring, fruit, nuts or cocoa (excluding yoghurt)",0403,6
I,0404,"Whey and products consisting of natural milk constituents; whether or not containing added sugar or other sweetening matter, not elsewhere specified or included",04,4
I,040410,"Dairy produce; whey, whether or not concentrated or containing added sugar or other sweetening matter",0404,6
I,040490,"Dairy produce; natural milk constituents (excluding whey), whether or not containing added sugar or other sweetening matter, n.e.c. in chapter 04",0404,6
I,0405,Butter and other fats and oils derived from milk; dairy spreads,04,4
I,040510,"Dairy produce; derived from milk, butter",0405,6
I,040520,Dairy produce; dairy spreads,0405,6
I,040590,Dairy produce; fats and oils derived from milk (other than butter or dairy spreads),0405,6
I,0406,Cheese and curd,04,4
I,040610,"Dairy produce; fresh cheese (including whey cheese), not fermented, and curd",0406,6
I,040620,"Dairy produce; cheese of all kinds, grated or powdered",0406,6
I,040630,"Dairy produce; cheese, processed (not grated or powdered)",0406,6
I,040640,"Dairy produce; cheese, blue-veined and other cheese containing veins produced by Penicillium roqueforti (not grated, powdered or processed)",0406,6
I,040690,"Dairy produce; cheese (not grated, powdered or processed), n.e.c. in heading no. 0406",0406,6
I,0407,"Birds' eggs, in shell; fresh, preserved or cooked",04,4
I,040711,"Birds' eggs, in shell; fresh, fertilised eggs for incubation, of fowls of the species Gallus domesticus (domestic hens)",0407,6
I,040719,"Birds' eggs, in shell; fresh, fertilised eggs for incubation, other than fowls of the species Gallus domesticus (domestic hens)",0407,6
I,040721,"Birds' eggs, in shell; fresh, not for incubation, of fowls of the species Gallus domesticus (domestic hens)",0407,6
I,040729,"Birds' eggs, in shell; fresh, not for incubation, other than fowls of the species Gallus domesticus (domestic hens)",0407,6
I,040790,"Birds' eggs, in shell; preserved or cooked",0407,6
I,0408,"Birds' eggs, not in shell; egg yolks, fresh, dried, cooked by steaming or boiling in water, moulded, frozen or otherwise preserved, whether or not containing added sugar or other sweetening matter",04,4
I,040811,"Eggs; birds' eggs, yolks, dried, whether or not containing added sugar or other sweetening matter",0408,6
I,040819,"Eggs; birds' eggs, yolks, fresh, cooked by steaming or by boiling in water, moulded, frozen or otherwise preserved, whether or not containing added sugar or other sweetening matter",0408,6
I,040891,"Eggs; birds' eggs (not in shell, excluding yolks only), dried, whether or not containing added sugar or other sweetening matter",0408,6
I,040899,"Eggs; birds' eggs (not in shell, excluding yolks only), fresh, cooked by steaming or boiling in water, moulded, frozen, otherwise preserved, whether or not containing added sugar or other sweetening matter",0408,6
I,0409,Honey; natural,04,4
I,040900,Honey; natural,0409,6
I,0410,"Animal products; insects and other edible products of animal origin, not elsewhere specified or included",04,4
I,041010,Animal products; insects,0410,6
I,041090,"Animal products; edible products of animal origin, not elsewhere specified or included, other than insects",0410,6
I,05,Animal originated products; not elsewhere specified or included,TOTAL,2
I,0501,"Human hair; unworked, whether or not washed or scoured; waste of human hair",05,4
I,050100,"Animal products; hair, human, unworked, whether or not washed or scoured, and waste of human hair",0501,6
I,0502,"Pigs', hogs' or boars' bristles and hair; and waste thereof",05,4
I,050210,"Animal products; hair and bristles, of pigs, hogs or boars, and waste thereof",0502,6
I,050290,"Animal products; badger hair and other brush making hair and waste of such bristles or hair, n.e.c. in heading no. 0502 (excluding horsehair)",0502,6
I,0504,"Guts, bladders and stomachs of animals (other than fish); whole and pieces thereof, fresh, chilled, frozen, salted, in brine, dried or smoked",05,4
I,050400,"Animal products; guts, bladders and stomachs of animals (other than fish), whole and pieces thereof, fresh, chilled, frozen, salted, in brine, dried or smoked",0504,6
I,0505,"Skins and other parts of birds with feathers, down; feathers, down and parts thereof; not further worked than cleaned, disinfected, treated for preservation; powder, waste and parts of feathers",05,4
I,050510,"Animal products; feathers and down used for stuffing, not further worked than cleaned, disinfected or treated for preservation",0505,6
I,050590,"Animal products; skins and other parts of birds, feathers and down (not for stuffing), powder and waste of such, not further worked than cleaned, disinfected or treated for preservation",0505,6
I,0506,"Bones and horn-cores, unworked, defatted, simply prepared (but not cut to shape), treated with acid or degelatinised; powder and waste of these products",05,4
I,050610,Animal products; ossein and bones treated with acid,0506,6
I,050690,"Animal products; bones and horn-cores and powder or waste of such, unworked, defatted, simply prepared (not cut to shape), or treated with acid or degelatinised, n.e.c. in heading no. 0506",0506,6
I,0507,"Ivory, tortoise-shell, whalebone and whalebone hair, horns, antlers, hooves, nails, claws and beaks unworked or simply prepared, not cut to shape; waste and powder of these products",05,4
I,050710,"Animal products; ivory, unworked or simply prepared but not cut to shape, ivory powder and waste",0507,6
I,050790,"Animal products; tortoise-shell, whalebone and whalebone hair, horns, antlers, hooves, nails, claws and beaks, unworked or simply prepared but not cut to shape, waste and powder of these products",0507,6
I,0508,"Coral and similar materials, unworked or simply prepared, shells of molluscs, crustaceans or echinoderms and cuttle-bone, not cut to shape powder and waste thereof",05,4
I,050800,"Animal products; coral and similar materials, shells of molluscs, crustaceans, echinoderms, cuttle-bone, unworked or simply prepared but not cut to shape, powder and waste thereof",0508,6
I,0510,"Ambergris, castoreum, civet and musk; cantharides; bile, dried or not glands, other animal products used in preparation of pharmaceutical products, fresh chilled, frozen or otherwise provisionally preserved",05,4
I,051000,"Animal products; ambergris, castoreum, civet, musk, cantharides, bile (dried or not) glands and other animal products, for pharmaceutical purposes, fresh, chilled, frozen or otherwise provisionally preserved",0510,6
I,0511,"Animal products not elsewhere specified or included; dead animals of chapter 1 or 3, unfit for human consumption",05,4
I,051110,Animal products; bovine semen,0511,6
I,051191,"Animal products; of fish or crustaceans, molluscs or other aquatic invertebrates; dead animals of chapter 03, unfit for human consumption",0511,6
I,051199,Animal products; n.e.c. in chapter 5,0511,6
II,06,"Trees and other plants, live; bulbs, roots and the like; cut flowers and ornamental foliage",TOTAL,2
II,0601,"Bulbs, tubers, tuberous roots, corms, crowns and rhizomes; dormant, in growth or in flower; chicory plants and roots other than roots of heading no. 1212",06,4
II,060110,"Plants, live; bulbs, tubers, tuberous roots, corms, crowns and rhizomes, dormant",0601,6
II,060120,"Plants, live; bulbs, tubers, tuberous roots, corms, crowns and rhizomes, in growth or in flower, chicory plants and roots other than of heading no. 1212",0601,6
II,0602,"Plants, live; n.e.c. in heading no. 0601, (including their roots) cuttings and slips; mushroom spawn",06,4
II,060210,"Plants, live; unrooted cuttings and slips",0602,6
II,060220,"Plants, live; edible fruit or nut trees, shrubs and bushes, grafted or not",0602,6
II,060230,"Plants, live; rhododendrons and azaleas, grafted or not",0602,6
II,060240,"Plants, live; roses, grafted or not",0602,6
II,060290,"Plants, live; n.e.c. in heading no. 0602",0602,6
II,0603,"Flowers; cut flowers and flower buds of a kind suitable for bouquets or for ornamental purposes, fresh, dried, dyed, bleached, impregnated or otherwise prepared",06,4
II,060311,"Flowers, cut; roses, flowers and buds of a kind suitable for bouquets or ornamental purposes, fresh",0603,6
II,060312,"Flowers, cut; carnations, flowers and buds of a kind suitable for bouquets or ornamental purposes, fresh",0603,6
II,060313,"Flowers, cut; orchids, flowers and buds of a kind suitable for bouquets or ornamental purposes, fresh",0603,6
II,060314,"Flowers, cut; chrysanthemums, flowers and buds of a kind suitable for bouquets or ornamental purposes, fresh",0603,6
II,060315,"Flowers, cut; lilies (Lilium spp.), flowers and flower buds of a kind suitable for bouquets or ornamental purposes, fresh",0603,6
II,060319,"Flowers, cut; flowers and buds of a kind suitable for bouquets or ornamental purposes, fresh, other than roses, carnations, orchids, chrysanthemums or lillies",0603,6
II,060390,"Flowers, cut; flowers and flower buds of a kind suitable for bouquets or ornamental purposes, dried, dyed, bleached, impregnated or otherwise prepared",0603,6
II,0604,"Foliage, branches and other parts of plants, without flowers or flower buds, and grasses, mosses and lichens; suitable for bouquets or for ornamental purposes, fresh, dried, dyed, bleached, impregnated etc.",06,4
II,060420,"Foliage, branches and other parts of plants, without flowers or flower buds, and grasses, mosses and lichens; suitable for bouquets or for ornamental purposes, fresh",0604,6
II,060490,"Foliage, branches and other parts of plants, without flowers or flower buds, and grasses, mosses and lichens; suitable for bouquets or for ornamental purposes, dried, dyed, bleached, impregnated or otherwise prepared",0604,6
II,07,Vegetables and certain roots and tubers; edible,TOTAL,2
II,0701,Potatoes; fresh or chilled,07,4
II,070110,"Vegetables; seed potatoes, fresh or chilled",0701,6
II,070190,"Vegetables; potatoes (other than seed), fresh or chilled",0701,6
II,0702,Tomatoes; fresh or chilled,07,4
II,070200,"Vegetables; tomatoes, fresh or chilled",0702,6
II,0703,"Onions, shallots, garlic, leeks and other alliaceous vegetables; fresh or chilled",07,4
II,070310,"Vegetables, alliaceous; onions and shallots, fresh or chilled",0703,6
II,070320,"Vegetables, alliaceous; garlic, fresh or chilled",0703,6
II,070390,"Vegetables, alliaceous; leeks and other kinds n.e.c. in heading no. 0703, fresh or chilled",0703,6
II,0704,"Cabbages, cauliflowers, kohlrabi, kale and similar edible brassicas; fresh or chilled",07,4
II,070410,"Vegetables, brassica; cauliflowers and broccoli, fresh or chilled",0704,6
II,070420,"Vegetables, brassica; brussel sprouts, fresh or chilled",0704,6
II,070490,"Vegetables, brassica; edible, n.e.c. in heading no. 0704, fresh or chilled",0704,6
II,0705,Lettuce (lactuca sativa) and chicory (cichorium spp.) fresh or chilled,07,4
II,070511,"Vegetables; cabbage (head) lettuce (lactuca sativa), fresh or chilled",0705,6
II,070519,"Vegetables; lettuce (lactuca sativa), (other than cabbage lettuce), fresh or chilled",0705,6
II,070521,"Vegetables; witloff chicory (cichorium intybus var. foliosum), fresh or chilled",0705,6
II,070529,"Vegetables; chicory (cichorium spp.), (other than witloof chicory), fresh or chilled",0705,6
II,0706,"Carrots, turnips, salad beetroot, salsify, celeriac, radishes and similar edible roots; fresh or chilled",07,4
II,070610,"Vegetables, root; carrots and turnips, fresh or chilled",0706,6
II,070690,"Vegetables, root; salad beetroot, salsify, celeric, radishes and similar edible roots, fresh or chilled",0706,6
II,0707,Cucumbers and gherkins; fresh or chilled,07,4
II,070700,"Vegetables; cucumbers and gherkins, fresh or chilled",0707,6
II,0708,"Leguminous vegetables; shelled or unshelled, fresh or chilled",07,4
II,070810,"Vegetables, leguminous; peas (pisum sativum), shelled or unshelled, fresh or chilled",0708,6
II,070820,"Vegetables, leguminous; beans (vigna spp., phaseolus spp.), shelled or unshelled, fresh or chilled",0708,6
II,070890,"Vegetables, leguminous; (other than peas and beans), shelled or unshelled, fresh or chilled",0708,6
II,0709,"Vegetables; n.e.c. in chapter 07, fresh or chilled",07,4
II,070920,"Vegetables; asparagus, fresh or chilled",0709,6
II,070930,"Vegetables; aubergines, (e.g. plants), fresh or chilled",0709,6
II,070940,"Vegetables; celery (other than celeriac), fresh or chilled",0709,6
II,070951,"Vegetables; mushrooms of the genus Agaricus, fresh or chilled",0709,6
II,070952,"Vegetables; mushrooms of the genus Boletus, fresh or chilled",0709,6
II,070953,"Vegetables; mushrooms of the genus Cantharellus, fresh or chilled",0709,6
II,070954,"Vegetables; shiitake mushrooms (Lentinus edodes), fresh or chilled",0709,6
II,070955,"Vegetables; matsutake mushrooms (Tricholoma matsutake, Tricholoma magnivelare, Tricholoma anatolicum, Tricholoma dulciolens, Tricholoma caligatum), fresh or chilled",0709,6
II,070956,"Vegetables; truffles (Tuber spp.), fresh or chilled",0709,6
II,070959,"Vegetables; truffles and mushrooms n.e.c. in heading 0709, fresh or chilled",0709,6
II,070960,"Vegetables; fruits of the genus capsicum or of the genus pimenta, fresh or chilled",0709,6
II,070970,"Vegetables; spinach, New Zealand spinach and orache spinach (garden spinach), fresh or chilled",0709,6
II,070991,"Vegetables; globe artichokes, fresh or chilled",0709,6
II,070992,"Vegetables; olives, fresh or chilled",0709,6
II,070993,"Vegetables; pumpkins, squash and gourds (Cucurbita spp.), fresh or chilled",0709,6
II,070999,"Vegetables; edible, n.e.c. in chapter 07, fresh or chilled",0709,6
II,0710,Vegetables (uncooked or cooked by steaming or boiling in water); frozen,07,4
II,071010,"Vegetables; potatoes, uncooked or cooked by steaming or boiling in water, frozen",0710,6
II,071021,"Vegetables, leguminous; peas (pisum sativum), shelled or unshelled, uncooked or cooked by steaming or boiling in water, frozen",0710,6
II,071022,"Vegetables, leguminous; beans (vigna spp., phaseolus spp.), shelled or unshelled, uncooked or cooked by steaming or boiling in water, frozen",0710,6
II,071029,"Vegetables, leguminous; (other than peas or beans), shelled or unshelled, uncooked or cooked by steaming or boiling in water, frozen",0710,6
II,071030,"Vegetables; spinach, New Zealand spinach and orache spinach (garden spinach), uncooked or cooked by steaming or boiling in water, frozen",0710,6
II,071040,"Vegetables; sweetcorn, uncooked or cooked by steaming or boiling in water, frozen",0710,6
II,071080,"Vegetables; uncooked or cooked by steaming or boiling in water, n.e.c. in heading no. 0710, frozen",0710,6
II,071090,"Vegetable mixtures; uncooked or cooked by steaming or boiling in water, frozen",0710,6
II,0711,"Vegetables provisionally preserved, but unsuitable in that state for immediate consumption",07,4
II,071120,"Vegetables; olives, provisionally preserved but unsuitable in that state for immediate consumption",0711,6
II,071140,"Vegetables; cucumbers and gherkins, provisionally preserved but unsuitable in that state for immediate consumption",0711,6
II,071151,"Vegetables; mushrooms of the genus Agaricus, provisionally preserved but unsuitable in that state for immediate consumption",0711,6
II,071159,"Vegetables; mushrooms other than of the genus Agaricus, provisionally preserved but unsuitable in that state for immediate consumption",0711,6
II,071190,"Vegetables and mixed vegetables; n.e.c. in heading no. 0711, provisionally preserved but unsuitable in that state for immediate consumption",0711,6
II,0712,"Vegetables, dried; whole, cut, sliced, broken or in powder, but not further prepared",07,4
II,071220,"Vegetables; onions, whole, cut, sliced, broken or in powder but not further prepared, dried",0712,6
II,071231,"Vegetables; mushrooms of the genus Agaricus, whole, cut, sliced, broken or in powder but not further prepared, dried",0712,6
II,071232,"Vegetables; wood ears (Auricularia spp), whole, cut, sliced, broken or in powder but not further prepared, dried",0712,6
II,071233,"Vegetables; jelly fungi (Tremella spp)), whole, cut, sliced, broken or in powder but not further prepared, dried",0712,6
II,071234,"Vegetables; shiitake mushrooms (Lentinus edodes), whole, cut, sliced, broken or in powder but not further prepared, dried",0712,6
II,071239,"Vegetables; mushrooms and truffles n.e.c. in item 0712.3, whole, cut, sliced, broken or in powder but not further prepared, dried",0712,6
II,071290,"Vegetables; mixtures of vegetables n.e.c. in heading no. 0712, whole, cut, sliced, broken or in powder but not further prepared, dried",0712,6
II,0713,"Vegetables, leguminous; shelled, whether or not skinned or split, dried",07,4
II,071310,"Vegetables, leguminous; peas (pisum sativum), shelled, whether or not skinned or split, dried",0713,6
II,071320,"Vegetables, leguminous; chickpeas (garbanzos), shelled, whether or not skinned or split, dried",0713,6
II,071331,"Vegetables, leguminous; beans of the species vigna mungo (l.) hepper or vigna radiata (l.) wilczek, shelled, whether or not skinned or split, dried",0713,6
II,071332,"Vegetables, leguminous; small red (adzuki) beans (phaseolus or vigna angularis), shelled, whether or not skinned or split, dried",0713,6
II,071333,"Vegetables, leguminous; kidney beans, including white pea beans (phaseolus vulgaris), shelled, whether or not skinned or split, dried",0713,6
II,071334,"Vegetables, leguminous; bambara beans (Vigna subterranea or Voandzeia subterranea), shelled, whether or not skinned or split, dried",0713,6
II,071335,"Vegetables, leguminous; cow peas (Vigna unguiculata), shelled, whether or not skinned or split, dried",0713,6
II,071339,"Vegetables, leguminous; n.e.c. in item no. 0713.3, shelled, whether or not skinned or split, dried",0713,6
II,071340,"Vegetables, leguminous; lentils, shelled, whether or not skinned or split, dried",0713,6
II,071350,"Vegetables, leguminous; broad beans (vicia faba var. major) and horse beans (vicia faba var. equina, vicia faba var. minor), shelled, whether or not skinned or split, dried",0713,6
II,071360,"Vegetables, leguminous; pigeon peas (Cajanus cajan), shelled, whether or not skinned or split, dried",0713,6
II,071390,"Vegetables, leguminous; n.e.c. in heading no. 0713, shelled, whether or not skinned or split, dried",0713,6
II,0714,"Manioc, arrowroot, salep, Jerusalem artichokes, sweet potatoes and similar roots and tubers with high starch or inulin content; fresh, chilled, frozen or dried, whether or not sliced or in the form of pellets; sago pith",07,4
II,071410,"Vegetable roots and tubers; manioc (cassava), with high starch or inulin content, fresh, chilled, frozen or dried, whether or not sliced or in the form of pellets",0714,6
II,071420,"Vegetable roots and tubers; sweet potatoes, with high starch or inulin content, fresh, chilled, frozen or dried, whether or not sliced or in the form of pellets",0714,6
II,071430,"Vegetable roots and tubers; yams (Dioscorea spp.) with high starch or inulin content, fresh, chilled, frozen or dried, whether or not sliced or in the form of pellets",0714,6
II,071440,"Vegetable roots and tubers; taro (Colocasia spp.) with high starch or inulin content, fresh, chilled, frozen or dried, whether or not sliced or in the form of pellets",0714,6
II,071450,"Vegetable roots and tubers; yautia (Xanthosoma spp.) with high starch or inulin content, fresh, chilled, frozen or dried, whether or not sliced or in the form of pellets",0714,6
II,071490,"Vegetable roots and tubers; arrowroot, salep, Jerusalem artichokes and similar roots and tubers (not manioc, sweet potatoes, yams, taro or yautia), high starch or inulin content, fresh, chilled, frozen, dried, sliced or not, or in pellet form; sago pith",0714,6
II,08,"Fruit and nuts, edible; peel of citrus fruit or melons",TOTAL,2
II,0801,"Nuts, edible; coconuts, Brazil nuts and cashew nuts, fresh or dried, whether or not shelled or peeled",08,4
II,080111,"Nuts, edible; coconuts, desiccated",0801,6
II,080112,"Nuts, edible; coconuts, in the inner shell (endocarp)",0801,6
II,080119,"Nuts, edible; coconuts, fresh or dried, other than desiccated or in the inner shell (endocarp)",0801,6
II,080121,"Nuts, edible; brazil nuts, fresh or dried, in shell",0801,6
II,080122,"Nuts, edible; brazil nuts, fresh or dried, shelled",0801,6
II,080131,"Nuts, edible; cashew nuts, fresh or dried, in shell",0801,6
II,080132,"Nuts, edible; cashew nuts, fresh or dried, shelled",0801,6
II,0802,"Nuts (excluding coconuts, Brazils and cashew nuts); fresh or dried, whether or not shelled or peeled",08,4
II,080211,"Nuts, edible; almonds, fresh or dried, in shell",0802,6
II,080212,"Nuts, edible; almonds, fresh or dried, shelled",0802,6
II,080221,"Nuts, edible; hazelnuts or filberts (corylus spp.), fresh or dried, in shell",0802,6
II,080222,"Nuts, edible; hazelnuts or filberts (corylus spp.), fresh or dried, shelled",0802,6
II,080231,"Nuts, edible; walnuts, fresh or dried, in shell",0802,6
II,080232,"Nuts, edible; walnuts, fresh or dried, shelled",0802,6
II,080241,"Nuts, edible; chestnuts (Castanea spp.), fresh or dried, in shell",0802,6
II,080242,"Nuts, edible; chestnuts (Castanea spp.), fresh or dried, shelled",0802,6
II,080251,"Nuts, edible; pistachios, fresh or dried, in shell",0802,6
II,080252,"Nuts, edible; pistachios, fresh or dried, shelled",0802,6
II,080261,"Nuts, edible; macadamia, fresh or dried, in shell",0802,6
II,080262,"Nuts, edible; macadamia, fresh or dried, shelled",0802,6
II,080270,"Nuts, edible; kola nuts (Cola spp.), fresh or dried, whether or not shelled or peeled",0802,6
II,080280,"Nuts, edible; areca nuts, fresh or dried, whether or not shelled or peeled",0802,6
II,080291,"Nuts, edible; pine nuts, fresh or dried, in shell",0802,6
II,080292,"Nuts, edible; pine nuts, fresh or dried, shelled",0802,6
II,080299,"Nuts, edible; n.e.c. in heading 0801 and 0802, fresh or dried, whether or not shelled or peeled",0802,6
II,0803,"Bananas, including plantains; fresh or dried",08,4
II,080310,"Fruit, edible; plantains, fresh or dried",0803,6
II,080390,"Fruit, edible; bananas, other than plantains, fresh or dried",0803,6
II,0804,"Dates, figs, pineapples, avocados, guavas, mangoes and mangosteens; fresh or dried",08,4
II,080410,"Fruit, edible; dates, fresh or dried",0804,6
II,080420,"Fruit, edible; figs, fresh or dried",0804,6
II,080430,"Fruit, edible; pineapples, fresh or dried",0804,6
II,080440,"Fruit, edible; avocados, fresh or dried",0804,6
II,080450,"Fruit, edible; guavas, mangoes and mangosteens, fresh or dried",0804,6
II,0805,Citrus fruit; fresh or dried,08,4
II,080510,"Fruit, edible; oranges, fresh or dried",0805,6
II,080521,"Fruit, edible; mandarins (including tangerines and satsumas), fresh or dried",0805,6
II,080522,"Fruit, edible; clementines, fresh or dried",0805,6
II,080529,"Fruit, edible; tangelos, wilkings and similar citrus hybrid, fresh or dried",0805,6
II,080540,"Fruit, edible; grapefruit and pomelos, fresh or dried",0805,6
II,080550,"Fruit, edible; lemons (Citrus limon, Citrus limonum), limes (Citrus aurantifolia, Citrus latifolia), fresh or dried",0805,6
II,080590,"Fruit, edible; citrus fruit n.e.c. in heading no. 0805, fresh or dried",0805,6
II,0806,Grapes; fresh or dried,08,4
II,080610,"Fruit, edible; grapes, fresh",0806,6
II,080620,"Fruit, edible; grapes, dried",0806,6
II,0807,Melons (including watermelons) and papaws (papayas); fresh,08,4
II,080711,"Fruit, edible; watermelons, fresh",0807,6
II,080719,"Fruit, edible; melons, other than watermelons, fresh",0807,6
II,080720,"Fruit, edible; papaws (papayas), fresh",0807,6
II,0808,"Apples, pears and quinces; fresh",08,4
II,080810,"Fruit, edible; apples, fresh",0808,6
II,080830,"Fruit, edible; pears, fresh",0808,6
II,080840,"Fruit, edible; quinces, fresh",0808,6
II,0809,"Apricots, cherries, peaches (including nectarines), plums and sloes, fresh",08,4
II,080910,"Fruit, edible; apricots, fresh",0809,6
II,080921,"Fruit, edible; sour cherries (Prunus cerasus), fresh",0809,6
II,080929,"Fruit, edible; cherries, other than sour cherries (Prunus cerasus), fresh",0809,6
II,080930,"Fruit, edible; peaches, including nectarines, fresh",0809,6
II,080940,"Fruit, edible; plums and sloes, fresh",0809,6
II,0810,"Fruit, fresh; n.e.c. in chapter 08",08,4
II,081010,"Fruit, edible; strawberries, fresh",0810,6
II,081020,"Fruit, edible; raspberries, blackberries, mulberries, and loganberries, fresh",0810,6
II,081030,"Fruit, edible; black, white or red currants and gooseberries, fresh",0810,6
II,081040,"Fruit, edible; cranberries, bilberries and other fruits of the genus vaccinium, fresh",0810,6
II,081050,"Fruit, edible; kiwifruit, fresh",0810,6
II,081060,"Fruit, edible; durians, fresh",0810,6
II,081070,"Fruit, edible; persimmons, fresh",0810,6
II,081090,"Fruit, edible; fruits n.e.c. in heading no. 0801 to 0810, fresh",0810,6
II,0811,"Fruit and nuts; uncooked or cooked by steaming or boiling in water, frozen, whether or not containing added sugar or other sweetening matter",08,4
II,081110,"Fruit, edible; strawberries, uncooked or cooked by steaming or boiling in water, frozen, whether or not containing added sugar or other sweetening matter",0811,6
II,081120,"Fruit, edible; raspberries, blackberries, mulberries, loganberries, black, white or red currants and gooseberries, uncooked or cooked, whether or not containing added sugar or other sweetening matter",0811,6
II,081190,"Fruit, edible; fruit and nuts n.e.c. in heading no. 0811, uncooked or cooked, frozen whether or not containing added sugar or other sweetening matter",0811,6
II,0812,"Fruit and nuts provisionally preserved, but unsuitable in that state for immediate consumption",08,4
II,081210,"Fruit, edible; cherries, provisionally preserved, but unsuitable in that state for immediate consumption",0812,6
II,081290,"Fruit, edible; fruit and nuts n.e.c. in heading no. 0812, provisionally preserved, but unsuitable in that state for immediate consumption",0812,6
II,0813,"Fruit, dried, other than that of heading no. 0801 to 0806; mixtures of nuts or dried fruits of this chapter",08,4
II,081310,"Fruit, edible; apricots, dried",0813,6
II,081320,"Fruit, edible; prunes, dried",0813,6
II,081330,"Fruit, edible; apples, dried",0813,6
II,081340,"Fruit, edible; fruit n.e.c. in heading no. 0812, dried",0813,6
II,081350,"Nuts, edible; mixtures of nuts or dried fruits of chapter 08",0813,6
II,0814,"Peel of citrus fruit or melons (including watermelons); fresh, frozen dried or provisionally preserved in brine, in sulphur water or in other preservative solutions",08,4
II,081400,"Peel; of citrus fruit or melons (including watermelons), fresh, frozen, dried or provisionally preserved in brine, in sulphur water and other preservative solutions",0814,6
II,09,"Coffee, tea, mate and spices",TOTAL,2
II,0901,"Coffee, whether or not roasted or decaffeinated; husks and skins; coffee substitutes containing coffee in any proportion",09,4
II,090111,Coffee; not roasted or decaffeinated,0901,6
II,090112,"Coffee; decaffeinated, not roasted",0901,6
II,090121,"Coffee; roasted, not decaffeinated",0901,6
II,090122,"Coffee; roasted, decaffeinated",0901,6
II,090190,"Coffee; husks and skins, coffee substitutes containing coffee in any proportion",0901,6
II,0902,Tea,09,4
II,090210,"Tea, green; (not fermented), in immediate packings of a content not exceeding 3kg",0902,6
II,090220,"Tea, green; (not fermented), in immediate packings of a content exceeding 3kg",0902,6
II,090230,"Tea, black; (fermented) and partly fermented tea, in immediate packings of a content not exceeding 3kg",0902,6
II,090240,"Tea, black; (fermented) and partly fermented tea, in immediate packings of a content exceeding 3kg",0902,6
II,0903,Mate,09,4
II,090300,Mate,0903,6
II,0904,Pepper of the genus piper; dried or crushed or ground fruits of the genus capsicum or of the genus pimenta,09,4
II,090411,"Spices; pepper (of the genus piper), neither crushed nor ground",0904,6
II,090412,"Spices; pepper (of the genus piper), crushed or ground",0904,6
II,090421,"Spices; fruits of the genus Capsicum or Pimenta, dried, neither crushed nor ground",0904,6
II,090422,"Spices; fruits of the genus Capsicum or Pimenta, crushed or ground",0904,6
II,0905,Vanilla,09,4
II,090510,"Spices; vanilla, neither crushed nor ground",0905,6
II,090520,"Spices; vanilla, crushed or ground",0905,6
II,0906,Cinnamon and cinnamon-tree flowers,09,4
II,090611,"Spices; cinnamon (Cinnamomum zeylanicum Blume), neither crushed nor ground",0906,6
II,090619,"Spices; cinnamon and cinnamon-tree flowers, other than cinnamon (Cinnamomum zeylanicum Blume), neither crushed nor ground",0906,6
II,090620,"Spices; cinnamon and cinnamon-tree flowers, crushed or ground",0906,6
II,0907,"Cloves (whole fruit, cloves and stems)",09,4
II,090710,"Spices; cloves (whole fruit, cloves and stems), neither crushed nor ground",0907,6
II,090720,"Spices; cloves (whole fruit, cloves and stems), crushed or ground",0907,6
II,0908,"Nutmeg, mace and cardamoms",09,4
II,090811,"Spices; nutmeg, neither crushed nor ground",0908,6
II,090812,"Spices; nutmeg, crushed or ground",0908,6
II,090821,"Spices; mace, neither crushed nor ground",0908,6
II,090822,"Spices; mace, crushed or ground",0908,6
II,090831,"Spices; cardamoms, neither crushed nor ground",0908,6
II,090832,"Spices; cardamoms, crushed or ground",0908,6
II,0909,"Seeds of anise, badian, fennel, coriander, cumin, caraway or juniper",09,4
II,090921,"Spices; coriander seeds, neither crushed nor ground",0909,6
II,090922,"Spices; coriander seeds, crushed or ground",0909,6
II,090931,"Spices; cumin seeds, neither crushed nor ground",0909,6
II,090932,"Spices; cumin seeds, crushed or ground",0909,6
II,090961,"Spices; seeds of anise, badian, caraway or fennel; juniper berries, neither crushed nor ground",0909,6
II,090962,"Spices; seeds of anise, badian, caraway or fennel; juniper berries, crushed or ground",0909,6
II,0910,"Ginger, saffron, tumeric (curcuma), thyme, bay leaves, curry and other spices",09,4
II,091011,"Spices; ginger, neither crushed nor ground",0910,6
II,091012,"Spices; ginger, crushed or ground",0910,6
II,091020,Spices; saffron,0910,6
II,091030,Spices; turmeric (curcuma),0910,6
II,091091,Spices; mixtures of 2 or more products of different headings,0910,6
II,091099,Spices; n.e.c. in heading no. 0910,0910,6
II,10,Cereals,TOTAL,2
II,1001,Wheat and meslin,10,4
II,100111,"Cereals; wheat and meslin, durum wheat, seed",1001,6
II,100119,"Cereals; wheat and meslin, durum wheat, other than seed",1001,6
II,100191,"Cereals; wheat and meslin, other than durum wheat, seed",1001,6
II,100199,"Cereals; wheat and meslin, other than durum wheat, other than seed",1001,6
II,1002,Rye,10,4
II,100210,"Cereals; rye, seed",1002,6
II,100290,"Cereals; rye, other than seed",1002,6
II,1003,Barley,10,4
II,100310,"Cereals; barley, seed",1003,6
II,100390,"Cereals; barley, other than seed",1003,6
II,1004,Oats,10,4
II,100410,"Cereals; oats, seeds",1004,6
II,100490,"Cereals; oats, other than seed",1004,6
II,1005,Maize (corn),10,4
II,100510,"Cereals; maize (corn), seed",1005,6
II,100590,"Cereals; maize (corn), other than seed",1005,6
II,1006,Rice,10,4
II,100610,Cereals; rice in the husk (paddy or rough),1006,6
II,100620,Cereals; husked (brown) rice,1006,6
II,100630,"Cereals; rice, semi-milled or wholly milled, whether or not polished or glazed",1006,6
II,100640,"Cereals; rice, broken",1006,6
II,1007,Grain sorghum,10,4
II,100710,"Cereals; grain sorghum, seed",1007,6
II,100790,"Cereals; grain sorghum, other than seed",1007,6
II,1008,"Buckwheat, millet and canary seeds; other cereals",10,4
II,100810,Cereals; buckwheat,1008,6
II,100821,"Cereals; millet, seed",1008,6
II,100829,"Cereals; millet, other than seed",1008,6
II,100830,Cereals; canary seeds,1008,6
II,100840,Cereals; fonio (Digitaria spp.),1008,6
II,100850,Cereals; quinoa (Chenopodium quinoa),1008,6
II,100860,Cereals; triticale,1008,6
II,100890,Cereals; n.e.c. in chapter 10,1008,6
II,11,"Products of the milling industry; malt, starches, inulin, wheat gluten",TOTAL,2
II,1101,Wheat or meslin flour,11,4
II,110100,Wheat or meslin flour,1101,6
II,1102,Cereal flours; other than of wheat or meslin,11,4
II,110220,Cereal flour; of maize (corn),1102,6
II,110290,"Cereal flours; other than wheat, meslin, and maize (corn)",1102,6
II,1103,Cereal groats; meal and pellets,11,4
II,110311,Cereal groats and meal; of wheat,1103,6
II,110313,Cereal groats and meal; of maize (corn),1103,6
II,110319,Cereal groats and meal; n.e.c. in heading no. 1103,1103,6
II,110320,Cereal pellets,1103,6
II,1104,"Cereal grains otherwise worked (e.g. hulled, rolled, flaked, pearled, sliced or kibbled) except rice of heading no. 1006; germ of cereals whole, rolled, flaked or ground",11,4
II,110412,"Cereal grains; rolled or flaked, of oats",1104,6
II,110419,"Cereal grains; rolled or flaked, other than oats",1104,6
II,110422,"Cereal grains; worked (e.g. hulled, pearled, sliced or kibbled) of oats",1104,6
II,110423,"Cereal grains; worked (e.g. hulled, pearled, sliced or kibbled) of maize (corn)",1104,6
II,110429,"Cereal grains; worked, other than rolled or flaked (e.g. Hulled, pearled, sliced or kibbled) of cereals, excluding oats and maize, and rice of heading no.1006",1104,6
II,110430,"Cereal; germ of cereals, whole, rolled, flaked or ground",1104,6
II,1105,"Flour, meal, powder, flakes, granules and pellets of potatoes",11,4
II,110510,"Flour, meal and powder; of potatoes",1105,6
II,110520,"Flakes, granules and pellets; of potatoes",1105,6
II,1106,"Flour, meal and powder; of the dried leguminous vegetables of heading no. 0713, of sago or of roots or tubers of heading no. 0714 or of the products of chapter 8",11,4
II,110610,"Flour, meal and powder; of the dried leguminous vegetables of heading no. 0713",1106,6
II,110620,"Flour, meal and powder; of sago or of roots or tubers of heading no. 0714",1106,6
II,110630,"Flour, meal and powder; of the products of chapter 8",1106,6
II,1107,Malt; whether or not roasted,11,4
II,110710,Malt; not roasted,1107,6
II,110720,Malt; roasted,1107,6
II,1108,Starches; inulin,11,4
II,110811,Starch; wheat,1108,6
II,110812,Starch; maize (corn) starch,1108,6
II,110813,Starch; potato,1108,6
II,110814,Starch; manioc (cassava),1108,6
II,110819,Starch; n.e.c. in item no. 1108.11 to 1108.14,1108,6
II,110820,Inulin,1108,6
II,1109,Wheat gluten; whether or not dried,11,4
II,110900,Wheat gluten; whether or not dried,1109,6
II,12,"Oil seeds and oleaginous fruits; miscellaneous grains, seeds and fruit, industrial or medicinal plants; straw and fodder",TOTAL,2
II,1201,"Soya beans, whether or not broken",12,4
II,120110,"Soya beans; seed, whether or not broken",1201,6
II,120190,"Soya beans; other than seed, whether or not broken",1201,6
II,1202,"Ground-nuts; not roasted or otherwise cooked, whether or not shelled or broken",12,4
II,120230,"Ground-nuts; seed, not roasted or otherwise cooked, whether or not shelled or broken",1202,6
II,120241,"Ground-nuts; other than seed, not roasted or otherwise cooked, in shell",1202,6
II,120242,"Ground-nuts; other than seed, not roasted or otherwise cooked, shelled, whether or not broken,",1202,6
II,1203,Copra,12,4
II,120300,Copra,1203,6
II,1204,"Oil seeds; linseed, whether or not broken",12,4
II,120400,"Oil seeds; linseed, whether or not broken",1204,6
II,1205,Rape or colza seeds; whether or not broken,12,4
II,120510,"Oil seeds; low erucic acid rape or colza seeds, whether or not broken",1205,6
II,120590,"Oil seeds; rape or colza seeds, other than low erucic, whether or not broken",1205,6
II,1206,Sunflower seeds; whether or not broken,12,4
II,120600,"Oil seeds; sunflower seeds, whether or not broken",1206,6
II,1207,"Oil seeds and oleaginous fruits, n.e.c. in chapter 12; whether or not broken",12,4
II,120710,"Oil seeds; palm nuts and kernels, whether or not broken",1207,6
II,120721,"Oil seeds; cotton seeds, seed, whether or not broken",1207,6
II,120729,"Oil seeds; cotton seeds, other than seed, whether or not broken",1207,6
II,120730,"Oil seeds; castor oil seeds, whether or not broken",1207,6
II,120740,"Oil seeds; sesamum seeds, whether or not broken",1207,6
II,120750,"Oil seeds; mustard seeds, whether or not broken",1207,6
II,120760,"Oil seeds; safflower (Carthamus tinctorius) seeds, whether or not broken",1207,6
II,120770,"Oil seeds; melon seeds, whether or not broken",1207,6
II,120791,"Oil seeds; poppy seeds, whether or not broken",1207,6
II,120799,"Oil seeds and oleaginous fruits; n.e.c. in heading no. 1207, whether or not broken",1207,6
II,1208,Flours and meals of oil seeds or oleaginous fruits; other than those of mustard,12,4
II,120810,Flours and meals; of soya beans,1208,6
II,120890,Flours and meals of oil seeds or oleaginous fruits; excluding soya beans and mustard seeds,1208,6
II,1209,"Seeds, fruit and spores; of a kind used for sowing",12,4
II,120910,"Seed; sugar beet seeds, of a kind used for sowing",1209,6
II,120921,"Seeds of forage plants; lucerne (alfalfa) seeds, of a kind used for sowing",1209,6
II,120922,"Seeds of forage plants; clover (Trifolium spp.) seeds, of a kind used for sowing",1209,6
II,120923,"Seeds of forage plants; fescue seeds, of a kind used for sowing",1209,6
II,120924,"Seeds of forage plants; Kentucky blue grass (Poa pratensis L.) seeds, of a kind used for sowing",1209,6
II,120925,"Seeds of forage plants; rye grass (Lolium multiflorum Lam., Lolium perenne L.) seeds, of a kind used for sowing",1209,6
II,120929,"Seeds of forage plants; other than lucerne, clover, fescue, Kentucky blue grass, and rye grass seeds, of a kind used for sowing",1209,6
II,120930,"Seeds of herbaceous plants; cultivated principally for their flowers, of a kind used for sowing",1209,6
II,120991,"Seeds; vegetable seeds, of a kind used for sowing",1209,6
II,120999,"Seeds; n.e.c. in heading 1209, of a kind used for sowing",1209,6
II,1210,"Hop cones, fresh or dried, whether or not ground, powdered or in the form of pellets; lupulin",12,4
II,121010,Hop cones; neither ground nor powdered nor in the form of pellets,1210,6
II,121020,"Hop cones; ground, powdered or in the form of pellets; lupulin",1210,6
II,1211,"Plants and parts of plants (including seeds and fruits), of a kind used primarily in perfumery, in pharmacy or for insecticidal, fungicidal or similar purposes, fresh, chilled, frozen or dried, whether or not cut, crushed or powdered",12,4
II,121120,"Ginseng roots, of a kind used primarily in perfumery, in pharmacy or for insecticidal, fungicidal or similar purposes, fresh, chilled, frozen or dried, whether or not cut, crushed or powdered",1211,6
II,121130,"Coca leaf; of a kind used primarily in perfumery, in pharmacy or for insecticidal, fungicidal or similar purposes, fresh, chilled, frozen or dried, whether or not cut, crushed or powdered",1211,6
II,121140,"Poppy straw; of a kind used primarily in perfumery, in pharmacy or for insecticidal, fungicidal or similar purposes, fresh, chilled, frozen or dried, whether or not cut, crushed or powdered",1211,6
II,121150,"Ephedra, of a kind used primarily in perfumery, in pharmacy or for insecticidal, fungicidal or similar purposes, fresh, chilled, frozen or dried, whether or not cut, crushed or powdered",1211,6
II,121160,"Bark of African cherry (Prunus africana); of a kind used primarily in perfumery, in pharmacy or for insecticidal, fungicidal or similar purposes, fresh, chilled, frozen or dried, whether or not cut, crushed or powdered",1211,6
II,121190,"Plants and parts (including seeds and fruits) n.e.c. in heading no. 1211, of a kind used primarily in perfumery, in pharmacy or for insecticidal, fungicidal or similar purposes, fresh, chilled, frozen or dried, whether or not cut, crushed or powdered",1211,6
II,1212,"Locust beans, seaweeds and other algae, sugar beet, sugar cane, fresh, chilled, frozen or dried, whether or not ground; fruit stones, kernels and other vegetable products (including unroasted chicory roots) used primarily for human consumption, n.e.c.",12,4
II,121221,"Seaweeds and other algae; fit for human consumption, fresh, chilled, frozen or dried, whether or not ground",1212,6
II,121229,"Seaweeds and other algae; not fit for human consumption, fresh, chilled, frozen or dried, whether or not ground",1212,6
II,121291,"Sugar beet; fit for human consumption, fresh, chilled, frozen or dried, whether or not ground",1212,6
II,121292,"Locust beans (carob); fit for human consumption, fresh, chilled, frozen or dried, whether or not ground",1212,6
II,121293,"Sugar cane; fit for human consumption, fresh, chilled, frozen or dried, whether or not ground",1212,6
II,121294,"Chicory roots (Chicorium intybus sativum); fit for human consumption, fresh, chilled, frozen or dried, whether or not ground",1212,6
II,121299,"Vegetable products; fit for human consumption, n.e.c. in heading no. 1212, fresh, chilled, frozen or dried, whether or not ground",1212,6
II,1213,"Cereal straw and husks, unprepared; whether or not chopped, ground, pressed or in the form of pellets",12,4
II,121300,"Cereal straw and husks; unprepared, whether or not chopped, ground, pressed or in the form of pellets",1213,6
II,1214,"Swedes, mangolds, fodder roots, hay, lucerne (alfalfa), clover, sainfoin, forage kale, lupines, vetches and similar forage products, whether or not in the form of pellets",12,4
II,121410,Lucerne (alfalfa) meal and pellets,1214,6
II,121490,"Forage products including swedes, mangolds, fodder roots, hay, sainfoin, clover, forage kale, lupines, vetches etc., pelletised or otherwise",1214,6
II,13,"Lac; gums, resins and other vegetable saps and extracts",TOTAL,2
II,1301,"Lac; natural gums, resins, gum-resins and oleoresins (for example, balsams)",13,4
II,130120,Gum Arabic,1301,6
II,130190,"Natural gums, resins, gum-resins and oleoresins, n.e.c. in heading no. 1301",1301,6
II,1302,"Vegetable saps and extracts; pectic substances, pectinates and pectates; agar-agar and other mucilages and thickeners, whether or not modified, derived from vegetable products",13,4
II,130211,Vegetable saps and extracts; opium,1302,6
II,130212,Vegetable saps and extracts; of liquorice,1302,6
II,130213,Vegetable saps and extracts; of hops,1302,6
II,130214,Vegetable saps and extracts; of ephedra,1302,6
II,130219,Vegetable saps and extracts; n.e.c. in item no. 1302.1,1302,6
II,130220,Pectic substances; pectinates and pectates,1302,6
II,130231,"Mucilages and thickeners; agar-agar, whether or not modified, derived from vegetable products",1302,6
II,130232,"Mucilages and thickeners; whether or not modified, derived from locust beans, locust bean seeds or guar seeds",1302,6
II,130239,"Mucilages and thickeners; whether or not modified, derived from vegetable products, n.e.c. in item no. 1302.3",1302,6
II,14,Vegetable plaiting materials; vegetable products not elsewhere specified or included,TOTAL,2
II,1401,"Vegetable materials of a kind used primarily for plaiting; (e.g. bamboos, rattans, reeds, rushes, osier, raffia, cleaned, bleached or dyed cereal straw and lime bark)",14,4
II,140110,Bamboo used primarily for plaiting,1401,6
II,140120,Rattans used primarily for plaiting,1401,6
II,140190,Vegetable materials of a kind used primarily for plaiting; n.e.c. in heading no. 1401,1401,6
II,1404,Vegetable products not elsewhere specified or included,14,4
II,140420,Vegetable products; cotton linters,1404,6
II,140490,Vegetable products; n.e.c. in chapter 14,1404,6
III,15,"Animal, vegetable or microbial fats and oils and their cleavage products; prepared edible fats; animal or vegetable waxes",TOTAL,2
III,1501,"Pig fat (including lard) and poultry fat, other than that of heading 0209 or 1503",15,4
III,150110,"Pig fat; lard, other than that of heading 0209 and 1503",1501,6
III,150120,"Pig fat; not lard, other than that of heading 0209 or 1503",1501,6
III,150190,Poultry fat; other than that of heading 0209 or 1503,1501,6
III,1502,"Fats of bovine animals, sheep or goats, other than those of heading 1503",15,4
III,150210,Tallow; other than those of heading 1503,1502,6
III,150290,"Fats of bovine animals, sheep or goats; excluding tallow, and other than those of heading 1503",1502,6
III,1503,"Lard stearin, lard oil, oleostearin, oleo-oil and tallow oil; not emulsified or mixed or otherwise prepared",15,4
III,150300,"Lard stearin, lard oil, oleostearin, oleo-oil and tallow oil; not emulsified or mixed or otherwise prepared",1503,6
III,1504,"Fats and oils and their fractions of fish or marine mammals; whether or not refined, but not chemically modified",15,4
III,150410,"Oils of fish; fish-liver oils and their fractions, whether or not refined, but not chemically modified",1504,6
III,150420,"Fats and oils and their fractions; of fish, (excluding liver-oils)",1504,6
III,150430,Fats and oils and their fractions; of marine mammals,1504,6
III,1505,Wool grease and fatty substances derived therefrom (including lanolin),15,4
III,150500,Wool grease and fatty substances derived therefrom (including lanolin),1505,6
III,1506,"Animal fats and oils and their fractions; whether or not refined, but not chemically modified, n.e.c. in chapter 15",15,4
III,150600,"Animal fats and oils and their fractions; whether or not refined, but not chemically modified, n.e.c. in chapter 15",1506,6
III,1507,"Soya-bean oil and its fractions; whether or not refined, but not chemically modified",15,4
III,150710,"Vegetable oils; soya-bean oil and its fractions, crude, whether or not degummed, not chemically modified",1507,6
III,150790,"Vegetable oils; soya-bean oil and its fractions, other than crude, whether or not refined, but not chemically modified",1507,6
III,1508,"Ground nut oil and its fractions; whether or not refined, but not chemically modified",15,4
III,150810,"Vegetable oils; ground-nut oil and its fractions, crude, not chemically modified",1508,6
III,150890,"Vegetable oils; ground-nut oil and its fractions, other than crude, whether or not refined, but not chemically modified",1508,6
III,1509,"Olive oil and its fractions; whether or not refined, but not chemically modified",15,4
III,150920,"Vegetable oils; olive oil and its fractions, extra virgin olive oil, whether or not refined, but not chemically modified",1509,6
III,150930,"Vegetable oils; olive oil and its fractions, virgin olive oil, whether or not refined, but not chemically modified",1509,6
III,150940,"Vegetable oils; olive oil and its fractions, virgin olive oils n.e.c. in heading 1509, whether or not refined, but not chemically modified",1509,6
III,150990,"Vegetable oils; olive oil and its fractions, other than virgin, whether or not refined, but not chemically modified",1509,6
III,1510,"Vegetable oils; oils and their fractions n.e.c. in chapter 15, obtained solely from olives, whether or not refined, but not chemically modified, including blends of these oils or fractions with oils or fractions of heading no. 1509",15,4
III,151010,"Vegetable oils; crude olive pomace oil and their fractions, obtained solely from olives, whether or not refined, but not chemically modified",1510,6
III,151090,"Vegetable oils; oils and their fractions n.e.c. in heading 1510, obtained solely from olives, whether or not refined, but not chemically modified, including blends of these oils or fractions with oils or fractions of heading no. 1509",1510,6
III,1511,"Palm oil and its fractions; whether or not refined, but not chemically modified",15,4
III,151110,"Vegetable oils; palm oil and its fractions, crude, not chemically modified",1511,6
III,151190,"Vegetable oils; palm oil and its fractions, other than crude, whether or not refined, but not chemically modified",1511,6
III,1512,"Sun-flower seed, safflower or cotton-seed oil and their fractions; whether or not refined, but not chemically modified",15,4
III,151211,"Vegetable oils; sunflower seed or safflower oil and their fractions, crude, not chemically modified",1512,6
III,151219,"Vegetable oils; sunflower seed or safflower oil and their fractions, other than crude, whether or not refined, but not chemically modified",1512,6
III,151221,"Vegetable oils; cotton-seed oil and its fractions; crude, whether or not gossypol has been removed, not chemically modified",1512,6
III,151229,"Vegetable oils; cotton-seed oil and its fractions, other than crude, whether or not refined, but not chemically modified",1512,6
III,1513,"Coconut (copra), palm kernel or babassu oil and their fractions; whether or not refined but not chemically modified",15,4
III,151311,"Vegetable oils; coconut (copra) oil and its fractions, crude, not chemically modified",1513,6
III,151319,"Vegetable oils; coconut (copra) oil and its fractions, other than crude, whether or not refined, but not chemically modified",1513,6
III,151321,"Vegetable oils; palm kernel or babassu oil and their fractions, crude, not chemically modified",1513,6
III,151329,"Vegetable oils; palm kernel or babassu oil and their fractions, other than crude, whether or not refined, but not chemically modified",1513,6
III,1514,"Rape, colza or mustard oil and their fractions; whether or not refined, but not chemically modified",15,4
III,151411,"Vegetable oils; low erucic acid rape or colza oil and its fractions, crude",1514,6
III,151419,"Vegetable oils; low erucic acid rape or colza oil and its fractions, other than crude, but not chemically modified",1514,6
III,151491,"Vegetable oils; excluding low erucic acid rape or colza oil and its fractions, crude",1514,6
III,151499,"Vegetable oils; excluding low erucic acid rape or colza oil and its fractions, other than crude, but not chemically modified",1514,6
III,1515,"Fixed vegetable or microbial fats and oils n.e.c. in chapter 15 (including jojoba oil) and their fractions, whether or not refined, but not chemically modified",15,4
III,151511,"Vegetable oils; linseed oil and its fractions, crude, not chemically modified",1515,6
III,151519,"Vegetable oils; linseed oil and its fractions, other than crude, whether or not refined, but not chemically modified",1515,6
III,151521,"Vegetable oils; maize (corn) oil and its fractions, crude, not chemically modified",1515,6
III,151529,"Vegetable oils; maize (corn) oil and its fractions, other than crude, whether or not refined, but not chemically modified",1515,6
III,151530,"Vegetable oils; castor oil and its fractions, whether or not refined, but not chemically modified",1515,6
III,151550,"Vegetable oils; sesame oil and its fractions, whether or not refined, but not chemically modified",1515,6
III,151560,"Vegetable oils; microbial fats and oils and their fractions, whether or not refined, but not chemically modified",1515,6
III,151590,"Fixed vegetable fats and oils and their fractions n.e.c. in heading 1515; other than linseed, maize (corn), castor, sesame, microbial oils, whether or not refined, but not chemically modified",1515,6
III,1516,"Animal, vegetable or microbial fats and oils and their fractions, partly or wholly hydrogenated, inter-esterified, re-esterified or elaidinised, whether or not refined, but not further prepared",15,4
III,151610,"Animal fats and oils and their fractions; partly or wholly hydrogenated, inter-esterified, re-esterified or elaidinised, whether or not refined, but not further prepared",1516,6
III,151620,"Vegetable fats and oils and their fractions; partly or wholly hydrogenated, inter-esterified, re-esterified or elaidinised, whether or not refined, but not further prepared",1516,6
III,151630,"Microbial fats and oils and their fractions; partly or wholly hydrogenated, inter-esterified, re-esterified or elaidinised, whether or not refined, but not further prepared",1516,6
III,1517,"Margarine; edible mixtures or preparations of animal, vegetable or microbial fats or oils or of fractions of different fats or oils of this Chapter, other than edible fats and oils or their fractions of heading 15.16",15,4
III,151710,Margarine; excluding liquid margarine,1517,6
III,151790,"Edible mixtures or preparations of animal, vegetable or microbial fats or oils or of fractions of different fats or oils of this Chapter, n.e.c. in heading 1517, other than edible fats and oils or their fractions of heading 15.16",1517,6
III,1518,"Animal, vegetable or microbial fats, oils and their fractions; boiled, oxidised, dehydrated or otherwise chemically modified, excluding those of heading no. 1516, inedible mixtures or preparations of fats, oils or their fractions, n.e.c. in chapter 15",15,4
III,151800,"Animal, vegetable or microbial fats, oils and their fractions; boiled, oxidised, dehydrated or otherwise chemically modified, excluding those of heading no. 1516, inedible mixtures or preparations of fats, oils or their fractions, n.e.c. in chapter 15",1518,6
III,1520,"Glycerol, crude; glycerol waters and glycerol lyes",15,4
III,152000,"Glycerol, crude; glycerol waters and glycerol lyes",1520,6
III,1521,"Vegetable waxes (other than triglycerides), beeswax, other insect waxes and spermaceti; whether or not refined or coloured",15,4
III,152110,Vegetable waxes (other than triglycerides); whether or not refined or coloured,1521,6
III,152190,"Waxes, other than vegetable, n.e.c. in heading no. 1521; whether or not refined or coloured",1521,6
III,1522,Degras; residues resulting from the treatment of fatty substances or animal or vegetable waxes,15,4
III,152200,Degras; residues resulting from the treatment of fatty substances or animal or vegetable waxes,1522,6
IV,16,"Meat, fish, crustaceans, molluscs or other aquatic invertebrates, or insects; preparations thereof",TOTAL,2
IV,1601,"Sausages and similar products, of meat, meat offal, blood or insects; food preparations based on these products",16,4
IV,160100,"Meat preparations; sausages and similar products, of meat, meat offal, blood or insects, and food preparations based on these products",1601,6
IV,1602,"Prepared or preserved meat, meat offal, blood or insects",16,4
IV,160210,"Meat preparations; homogenised preparations of meat, meat offal blood or insects",1602,6
IV,160220,Meat preparations; of the prepared or preserved liver of any animal (excluding homogenised preparations),1602,6
IV,160231,"Meat preparations; of turkeys, prepared or preserved meat or meat offal (excluding livers and homogenised preparations)",1602,6
IV,160232,"Meat preparations; of the poultry of heading no. 0105, (i.e. of fowls of the species Gallus domesticus)",1602,6
IV,160239,"Meat preparations; of poultry (excluding turkeys), prepared or preserved meat or meat offal (excluding livers and homogenised preparations)",1602,6
IV,160241,"Meat preparations; of swine, hams and cuts thereof, prepared or preserved (excluding homogenised preparations)",1602,6
IV,160242,"Meat preparations; of swine, shoulders and cuts thereof, prepared or preserved (excluding homogenised preparations)",1602,6
IV,160249,"Meat preparations; of swine, meat or meat offal (including mixtures), prepared or preserved, n.e.c. in heading no. 1602",1602,6
IV,160250,"Meat preparations; of bovine animals, meat or meat offal, prepared or preserved (excluding livers and homogenised preparations)",1602,6
IV,160290,"Meat preparations; of meat, meat offal or the blood of any animal, n.e.c. in heading no. 1602",1602,6
IV,1603,"Extracts and juices of meat, fish or crustaceans, molluscs or other aquatic invertebrates",16,4
IV,160300,"Extracts and juices; of meat, fish or crustaceans, molluscs or other aquatic invertebrates",1603,6
IV,1604,Prepared or preserved fish; caviar and caviar substitutes prepared from fish eggs,16,4
IV,160411,"Fish preparations; salmon, prepared or preserved, whole or in pieces (but not minced)",1604,6
IV,160412,"Fish preparations; herrings, prepared or preserved, whole or in pieces (but not minced)",1604,6
IV,160413,"Fish preparations; sardines, sardinella and brisling or sprats, prepared or preserved, whole or in pieces (but not minced)",1604,6
IV,160414,"Fish preparations; tunas, skipjack tuna and bonito (Sarda spp.), prepared or preserved, whole or in pieces (but not minced)",1604,6
IV,160415,"Fish preparations; mackerel, prepared or preserved, whole or in pieces (but not minced)",1604,6
IV,160416,"Fish preparations; anchovies, prepared or preserved, whole or in pieces (but not minced)",1604,6
IV,160417,"Fish preparations; eels, prepared or preserved, whole or in pieces (but not minced)",1604,6
IV,160418,"Fish preparations; shark fins, prepared or preserved, whole or in pieces (but not minced)",1604,6
IV,160419,"Fish preparations; fish prepared or preserved, whole or in pieces (but not minced), n.e.c. in heading no. 1604",1604,6
IV,160420,"Fish preparations; fish minced or in forms n.e.c. in heading no. 1604, prepared or preserved",1604,6
IV,160431,Fish preparations; caviar,1604,6
IV,160432,"Fish preparations; caviar substitutes, prepared from fish eggs",1604,6
IV,1605,"Crustaceans, molluscs and other aquatic invertebrates, prepared or preserved",16,4
IV,160510,"Crustacean preparations; crab, prepared or preserved",1605,6
IV,160521,"Crustacean preparations; shrimps and prawns, prepared or preserved, not in airtight containers",1605,6
IV,160529,"Crustacean preparations; shrimps and prawns, prepared or preserved, in airtight containers",1605,6
IV,160530,"Crustacean preparations; lobster, prepared or preserved",1605,6
IV,160540,"Crustacean preparations; other than crab, shrimps, prawns, and lobsters, prepared or preserved",1605,6
IV,160551,"Mollusc preparations; oysters, prepared or preserved",1605,6
IV,160552,"Mollusc preparations; scallops, including queen scallops, prepared or preserved",1605,6
IV,160553,"Mollusc preparations; mussels, prepared or preserved",1605,6
IV,160554,"Mollusc preparations; cuttle fish and squid, prepared or preserved",1605,6
IV,160555,"Mollusc preparations; octopus, prepared or preserved",1605,6
IV,160556,"Mollusc preparations; clams, cockles and arkshells, prepared or preserved",1605,6
IV,160557,"Mollusc preparations; abalone, prepared or preserved",1605,6
IV,160558,"Mollusc preparations; snails, other than sea snails, prepared or preserved",1605,6
IV,160559,"Mollusc preparations; n.e.c. in item no. 1605.5, preparations such as pastes, sausages, prepared meals and the like",1605,6
IV,160561,"Aquatic invertebrates; sea cucumbers, prepared or preserved",1605,6
IV,160562,"Aquatic invertebrates; sea urchins, prepared or preserved",1605,6
IV,160563,"Aquatic invertebrates; jellyfish, prepared or preserved",1605,6
IV,160569,"Aquatic invertebrates; other than crustaceans, molluscs, sea cucumbers, sea urchins, and jellyfish, prepared or preserved",1605,6
IV,17,Sugars and sugar confectionery,TOTAL,2
IV,1701,"Cane or beet sugar and chemically pure sucrose, in solid form",17,4
IV,170112,"Sugars; beet sugar, raw, in solid form, not containing added flavouring or colouring matter",1701,6
IV,170113,"Sugars; cane sugar, raw, in solid form, as specified in Subheading Note 2 to this chapter, not containing added flavouring or colouring matter",1701,6
IV,170114,"Sugars; cane sugar, raw, in solid form, other than as specified in Subheading Note 2 to this chapter, not containing added flavouring or colouring matter",1701,6
IV,170191,"Sugars; sucrose, chemically pure, in solid form, containing added flavouring or colouring matter",1701,6
IV,170199,"Sugars; sucrose, chemically pure, in solid form, not containing added flavouring or colouring matter",1701,6
IV,1702,"Sugars, including lactose, maltose, glucose or fructose in solid form; sugar syrups without added flavouring or colouring matter; artificial honey, whether or not mixed with natural honey; caramel",17,4
IV,170211,"Sugars; lactose and lactose syrup, containing by weight 99% or more lactose, expressed as anhydrous lactose, calculated on the dry matter",1702,6
IV,170219,"Sugars; lactose and lactose syrup, containing by weight less than 99% lactose, expressed as anhydrous lactose, calculated on the dry matter",1702,6
IV,170220,"Sugars; maple sugar, chemically pure, in solid form; maple syrup, not containing added flavouring or colouring matter",1702,6
IV,170230,"Sugars; glucose and glucose syrup, not containing fructose or containing in the dry state less than 20% by weight of fructose, the syrup not containing added flavouring or colouring matter",1702,6
IV,170240,"Sugars; glucose and glucose syrup, containing in the dry state at least 20% but less than 50% by weight of fructose, excluding invert sugar, the syrup not containing added flavouring or colouring matter",1702,6
IV,170250,"Sugars; fructose, chemically pure, in solid form",1702,6
IV,170260,"Sugars; fructose, other than chemically pure fructose, and fructose syrup (containing in the dry state more than 50% by weight of fructose), excluding invert sugar",1702,6
IV,170290,"Sugars; n.e.c. in heading no. 1702, including invert sugar and other sugar and sugar syrup blends containing, in the dry state, 50% by weight of fructose",1702,6
IV,1703,Molasses; resulting from the extraction or refining of sugar,17,4
IV,170310,"Sugars; molasses, from sugar cane, resulting from the extraction or refining of sugar",1703,6
IV,170390,"Sugars; molasses, from sugar beet, resulting from the extraction or refining of sugar",1703,6
IV,1704,"Sugar confectionery (including white chocolate), not containing cocoa",17,4
IV,170410,"Sugar confectionery; chewing gum, whether or not sugar-coated, not containing cocoa",1704,6
IV,170490,"Sugar confectionery; (excluding chewing gum, including white chocolate), not containing cocoa",1704,6
IV,18,Cocoa and cocoa preparations,TOTAL,2
IV,1801,"Cocoa beans; whole or broken, raw or roasted",18,4
IV,180100,"Cocoa beans; whole or broken, raw or roasted",1801,6
IV,1802,"Cocoa; shells, husks, skins and other cocoa waste",18,4
IV,180200,"Cocoa; shells, husks, skins and other cocoa waste",1802,6
IV,1803,Cocoa; paste; whether or not defatted,18,4
IV,180310,"Cocoa; paste, not defatted",1803,6
IV,180320,"Cocoa; paste, wholly or partly defatted",1803,6
IV,1804,"Cocoa; butter, fat and oil",18,4
IV,180400,"Cocoa; butter, fat and oil",1804,6
IV,1805,"Cocoa; powder, not containing added sugar or other sweetening matter",18,4
IV,180500,"Cocoa; powder, not containing added sugar or other sweetening matter",1805,6
IV,1806,Chocolate and other food preparations containing cocoa,18,4
IV,180610,"Cocoa; powder, containing added sugar or other sweetening matter",1806,6
IV,180620,"Chocolate & other food preparations containing cocoa; in blocks, slabs or bars weighing more than 2kg or in liquid, paste, powder, granular or other bulk form in containers or immediate packings, content exceeding 2kg",1806,6
IV,180631,"Chocolate and other food preparations containing cocoa; in blocks, slabs or bars, filled, weighing 2kg or less",1806,6
IV,180632,"Chocolate and other food preparations containing cocoa; in blocks, slabs or bars, (not filled), weighing 2kg or less",1806,6
IV,180690,Chocolate and other food preparations containing cocoa; n.e.c. in chapter 18,1806,6
IV,19,"Preparations of cereals, flour, starch or milk; pastrycooks' products",TOTAL,2
IV,1901,"Malt extract; flour/groats/meal/starch/malt extract products, no cocoa (or less than 40% by weight) and food preparations of goods of headings 04.01 to 04.04, no cocoa (or less than 5% by weight), weights calculated on a totally defatted basis, n.e.c.",19,4
IV,190110,"Food preparations; of flour, meal, starch, malt extract or milk products, suitable for infants or young children, put up for retail sale",1901,6
IV,190120,"Food preparations; mixes and doughs for the preparation of bread, pastry, cakes, biscuits and other bakers' wares",1901,6
IV,190190,"Food preparations; of flour, meal, starch, malt extract or milk products, for uses n.e.c. in heading no. 1901",1901,6
IV,1902,"Pasta; whether or not cooked or stuffed with meat or other substance, or otherwise prepared, egg spaghetti, macaroni, noodles, lasagne, gnocchi, ravioli, cannelloni; couscous, whether or not prepared",19,4
IV,190211,"Food preparations; pasta, containing eggs, uncooked, not stuffed or otherwise prepared",1902,6
IV,190219,"Food preparations; pasta, uncooked (excluding that containing eggs), not stuffed or otherwise prepared",1902,6
IV,190220,"Food preparations; pasta, stuffed (with meat or other substances), whether or not cooked or otherwise prepared",1902,6
IV,190230,"Food preparations; pasta (excluding stuffed), cooked or otherwise prepared",1902,6
IV,190240,Food preparations; couscous,1902,6
IV,1903,"Tapioca and substitutes therefor prepared from starch; in the form of flakes, grains, pearls, siftings or similar forms",19,4
IV,190300,"Food preparations; tapioca and substitutes thereof, prepared from starch in the form of flakes, grains, pearls, siftings or similar",1903,6
IV,1904,"Prepared foods obtained by swelling or roasting cereals or cereal products (e.g. corn flakes); cereals (other than maize (corn)) in grain form or in the form of flakes or other worked grains (not flour and meal), pre-cooked or otherwise prepared, n.e.c.",19,4
IV,190410,Food preparations; obtained by the swelling or roasting of cereals or cereal products,1904,6
IV,190420,Food preparations; obtained from unroasted cereal flakes or from mixtures of unroasted cereal flakes and roasted cereal flakes or swelled cereals,1904,6
IV,190430,"Prepared foods obtained by the swelling or roasting of cereals or cereal products (e.g. corn flakes); cereals, not maize (corn), in grain form or in the form of flakes or other worked grains, from bulgur wheat",1904,6
IV,190490,"Food preparations; cereal or cereal products (excluding maize), in grain form, pre-cooked or otherwise prepared",1904,6
IV,1905,"Bread, pastry, cakes, biscuits, other bakers' wares, whether or not containing cocoa; communion wafers, empty cachets suitable for pharmaceutical use, sealing wafers, rice paper and similar products",19,4
IV,190510,"Food preparations; crispbread, whether or not containing cocoa",1905,6
IV,190520,"Food preparations; gingerbread and the like, whether or not containing cocoa",1905,6
IV,190531,"Food preparations; sweet biscuits, whether or not containing cocoa",1905,6
IV,190532,"Food preparations; waffles and wafers, whether or not containing cocoa",1905,6
IV,190540,"Food preparations; rusks, toasted bread and similar toasted products, whether or not containing cocoa",1905,6
IV,190590,"Food preparations; bakers' wares n.e.c. in heading no. 1605, whether or not containing cocoa; communion wafers, empty cachets suitable for pharmaceutical use, sealing wafers, rice papers and similar products",1905,6
IV,20,"Preparations of vegetables, fruit, nuts or other parts of plants",TOTAL,2
IV,2001,"Vegetables, fruit, nuts and other edible parts of plants; prepared or preserved by vinegar or acetic acid",20,4
IV,200110,"Vegetable preparations; cucumbers and gherkins, prepared or preserved by vinegar or acetic acid",2001,6
IV,200190,"Vegetable preparations; vegetables, fruit, nuts and other edible parts of plants, prepared or preserved by vinegar or acetic acid (excluding cucumbers and gherkins)",2001,6
IV,2002,Tomatoes; prepared or preserved otherwise than by vinegar or acetic acid,20,4
IV,200210,"Vegetable preparations; tomatoes, whole or in pieces, prepared or preserved otherwise than by vinegar or acetic acid",2002,6
IV,200290,"Vegetable preparations; tomatoes, (other than whole or in pieces), prepared or preserved otherwise than by vinegar or acetic acid",2002,6
IV,2003,"Mushrooms and truffles, prepared or preserved other than by vinegar or acetic acid",20,4
IV,200310,"Vegetable preparations; mushrooms of the genus Agaricus, prepared or preserved otherwise than by vinegar or acetic acid",2003,6
IV,200390,"Vegetable preparations; mushrooms and truffles, other than mushrooms of the genus Agaricus, prepared or preserved otherwise than by vinegar or acetic acid",2003,6
IV,2004,"Vegetables preparations n.e.c.; prepared or preserved otherwise than by vinegar or acetic acid, frozen, other than products of heading no. 2006",20,4
IV,200410,"Vegetable preparations; potatoes, prepared or preserved otherwise than by vinegar or acetic acid, frozen",2004,6
IV,200490,"Vegetable preparations; vegetables and mixtures of vegetables (excluding potatoes), prepared or preserved otherwise than by vinegar or acetic acid, frozen",2004,6
IV,2005,"Vegetables preparations n.e.c.; prepared or preserved otherwise than by vinegar or acetic acid, not frozen, other than products of heading no. 2006",20,4
IV,200510,"Vegetable preparations; homogenised vegetables, prepared or preserved otherwise than by vinegar or acetic acid, not frozen",2005,6
IV,200520,"Vegetable preparations; potatoes, prepared or preserved otherwise than by vinegar or acetic acid, not frozen",2005,6
IV,200540,"Vegetable preparations; peas (pisum sativum), prepared or preserved otherwise than by vinegar or acetic acid, not frozen",2005,6
IV,200551,"Vegetable preparations; beans, shelled, prepared or preserved otherwise than by vinegar or acetic acid, not frozen",2005,6
IV,200559,"Vegetable preparations; beans, (not shelled), prepared or preserved otherwise than by vinegar or acetic acid, not frozen",2005,6
IV,200560,"Vegetable preparations; asparagus, prepared or preserved otherwise than by vinegar or acetic acid, not frozen",2005,6
IV,200570,"Vegetable preparations; olives, prepared or preserved otherwise than by vinegar or acetic acid, not frozen",2005,6
IV,200580,"Vegetable preparations; sweetcorn (zea mays var. saccharata), prepared or preserved otherwise than by vinegar or acetic acid, not frozen",2005,6
IV,200591,"Vegetable preparations; bamboo shoots, prepared or preserved otherwise than by vinegar or acetic acid, not frozen",2005,6
IV,200599,"Vegetable preparations; vegetables and mixtures of vegetables n.e.c. in heading no. 2005, prepared or preserved otherwise than by vinegar or acetic acid, not frozen",2005,6
IV,2006,"Vegetables, fruit, nuts, fruit-peel and other parts of plants, preserved by sugar (drained, glace or crystallised)",20,4
IV,200600,"Vegetables, fruit, nuts, fruit-peel and other parts of plants, preserved by sugar (drained, glace or crystallised)",2006,6
IV,2007,"Jams, fruit jellies, marmalades, fruit or nut puree and fruit or nut pastes, being cooked preparations; whether or not containing added sugar or other sweetening matter",20,4
IV,200710,"Jams, fruit jellies, marmalades, fruit or nut puree and fruit or nut pastes; homogenised, cooked preparations, whether or not containing added sugar or other sweetening matter",2007,6
IV,200791,"Jams, jellies, marmalades, purees and pastes; of citrus fruit, being cooked preparations (excluding homogenised), whether or not containing added sugar or other sweetening matter",2007,6
IV,200799,"Jams, fruit jellies, marmalades, purees and pastes; of fruit or nuts n.e.c. in heading no. 2007, cooked preparations (excluding homogenised), whether or not containing added sugar or other sweetening matter",2007,6
IV,2008,"Fruit, nuts and other edible parts of plants; prepared or preserved in ways n.e.c., whether or not containing added sugar or other sweetening matter or spirit, not elsewhere specified or included",20,4
IV,200811,"Nuts; ground-nuts, whether or not containing added sugar, other sweetening matter or spirit",2008,6
IV,200819,"Nuts and other seeds; whether or not containing added sugar, other sweetening matter or spirit (excluding ground-nuts except in mixtures)",2008,6
IV,200820,"Fruit; pineapples, prepared or preserved in ways n.e.c. in heading no. 2007, whether or not containing added sugar, other sweetening matter or spirit",2008,6
IV,200830,"Fruit; citrus, prepared or preserved in ways n.e.c. in heading no. 2007, whether or not containing added sugar, other sweetening matter or spirit",2008,6
IV,200840,"Fruit; pears, prepared or preserved in ways n.e.c. in heading no. 2007, whether or not containing added sugar, other sweetening matter or spirit",2008,6
IV,200850,"Fruit; apricots, prepared or preserved in ways n.e.c. in heading no. 2007, whether or not containing added sugar, other sweetening matter or spirit",2008,6
IV,200860,"Fruit; cherries, prepared or preserved in ways n.e.c. in heading no. 2007, whether or not containing added sugar, other sweetening matter or spirit",2008,6
IV,200870,"Fruit; peaches, including nectarines, prepared or preserved in ways n.e.c. in heading no. 2007 and 2008, whether or not containing added sugar, other sweetening matter or spirit",2008,6
IV,200880,"Fruit; strawberries, prepared or preserved in ways n.e.c. in heading no. 2007, whether or not containing added sugar, other sweetening matter or spirit",2008,6
IV,200891,"Fruit, palm hearts; prepared or preserved, whether or not containing added sugar, other sweetening matter or spirit",2008,6
IV,200893,"Fruit; cranberries (Vaccinium macrocarpon, Vaccinium oxycoccos); Iingonberries (Vaccinium vitis-idaea), prepared or preserved, whether or not containing added sugar, other sweetening matter or spirit",2008,6
IV,200897,"Fruit, nuts and other edible parts of plants; mixtures (other than those of subheading no 2008.19); prepared or preserved in ways n.e.c. in headings 2007 and 2008, whether or not containing added sugar, or other sweetening matter or spirit, n.e.c.",2008,6
IV,200899,"Fruit, nuts and other edible parts of plants; prepared or preserved, whether or not containing added sugar, other sweetening matter or spirit, n.e.c. in heading no. 2008",2008,6
IV,2009,"Fruit or nut juices (including grape must and coconut water) and vegetable juices, unfermented, not containing added spirit, whether or not containing added sugar or other sweetening matter",20,4
IV,200911,"Juice; orange, frozen, unfermented, (not containing added spirit), whether or not containing added sugar or other sweetening matter",2009,6
IV,200912,"Juice; orange, not frozen, of a Brix value not exceeding 20, unfermented, not containing added spirit, whether or not containing added sugar or other sweetening matter",2009,6
IV,200919,"Juice; orange, not frozen, of a Brix value exceeding 20, unfermented, not containing added spirit, whether or not containing added sugar or other sweetening matter",2009,6
IV,200921,"Juice; grapefruit or pomelo, of a Brix value not exceeding 20, unfermented, (not containing added spirit), whether or not containing added sugar or other sweetening matter",2009,6
IV,200929,"Juice; grapefruit or pomelo, of a Brix value exceeding 20, unfermented, not containing added spirit, whether or not containing added sugar or other sweetening matter",2009,6
IV,200931,"Juice; of single citrus fruit (excluding orange, grapefruit or pomelo), of a Brix value not exceeding 20, unfermented, not containing added spirit, whether or not containing added sugar or other sweetening matter",2009,6
IV,200939,"Juice; of single citrus fruit (excluding orange, grapefruit or pomelo), of a Brix value exceeding 20, unfermented, not containing added spirit, whether or not containing added sugar or other sweetening matter",2009,6
IV,200941,"Juice; pineapple, of a Brix value not exceeding 20, unfermented, (not containing added spirit), whether or not containing added sugar or other sweetening matter",2009,6
IV,200949,"Juice; pineapple, of a Brix value exceeding 20, unfermented, not containing added spirit, whether or not containing added sugar or other sweetening matter",2009,6
IV,200950,"Juice; tomato, unfermented, not containing added spirit, whether or not containing added sugar or other sweetening matter",2009,6
IV,200961,"Juice; grape, of a Brix value not exceeding 30, unfermented, (not containing added spirit), whether or not containing added sugar or other sweetening matter",2009,6
IV,200969,"Juice; grape, of a Brix value exceeding 30, unfermented, not containing added spirit, whether or not containing added sugar or other sweetening matter",2009,6
IV,200971,"Juice; apple, of a Brix value not exceeding 20, unfermented, (not containing added spirit), whether or not containing added sugar or other sweetening matter",2009,6
IV,200979,"Juice; apple, of a Brix value exceeding 20, unfermented, not containing added spirit, whether or not containing added sugar or other sweetening matter",2009,6
IV,200981,"Juice; cranberry (Vaccinium macrocarpon, Vaccinium oxycoccos); Iingonberry (Vaccinium vitis-idaea), unfermented, not containing added spirit, whether or not containing added sugar or other sweetening matter",2009,6
IV,200989,"Juice; of any single fruit, nut or vegetable n.e.c. in heading no. 2009, unfermented, not containing added spirit, whether or not containing added sugar or other sweetening matter",2009,6
IV,200990,"Juices; mixtures of fruits or vegetables (but not nut juice), unfermented, not containing added spirit, whether or not containing added sugar or other sweetening matter",2009,6
IV,21,Miscellaneous edible preparations,TOTAL,2
IV,2101,"Extracts, essences, concentrates of coffee, tea or mate; preparations with a basis of these products or with a basis of coffee, tea or mate; roasted chicory and other roasted coffee substitutes and extracts, essences and concentrates thereof",21,4
IV,210111,"Extracts, essences and concentrates; of coffee, and preparations with a basis of these extracts, essences or concentrates or with a basis of coffee",2101,6
IV,210112,"Preparations with a basis of extracts, essences or concentrates or with a basis of coffee",2101,6
IV,210120,"Extracts, essences and concentrates; of tea or mate, and preparations with a basis of these extracts, essences or concentrates or with a basis of tea or mate",2101,6
IV,210130,"Chicory, roasted and other roasted coffee substitutes; extracts, essences and concentrates thereof",2101,6
IV,2102,"Yeasts (active or inactive); other single-cell micro-organisms, dead (but not including vaccines of heading no. 3002); prepared baking powders",21,4
IV,210210,Yeasts; active,2102,6
IV,210220,"Yeasts; inactive, other single-cell micro-organisms, dead",2102,6
IV,210230,Baking powders; prepared,2102,6
IV,2103,"Sauces and preparations therefor; mixed condiments and mixed seasonings, mustard flour and meal and prepared mustard",21,4
IV,210310,Sauces; soya,2103,6
IV,210320,Sauces; tomato ketchup and other tomato sauces,2103,6
IV,210330,Mustard flour and meal and prepared mustard,2103,6
IV,210390,Sauces and preparations therefor; mixed condiments and mixed seasonings,2103,6
IV,2104,Soups and broths and preparations therefor; homogenised composite food preparations,21,4
IV,210410,Soups and broths and preparations therefor,2104,6
IV,210420,Homogenised composite food preparations,2104,6
IV,2105,Ice cream and other edible ice; whether or not containing cocoa,21,4
IV,210500,Ice cream and other edible ice; whether or not containing cocoa,2105,6
IV,2106,Food preparations not elsewhere specified or included,21,4
IV,210610,Protein; concentrates and textured protein substances,2106,6
IV,210690,Food preparations; n.e.c. in item no. 2106.10,2106,6
IV,22,"Beverages, spirits and vinegar",TOTAL,2
IV,2201,"Waters, including natural or artificial mineral waters and aerated waters, not containing added sugar or other sweetening matter nor flavoured; ice and snow",22,4
IV,220110,"Waters; mineral and aerated, including natural or artificial, (not containing added sugar or other sweetening matter nor flavoured)",2201,6
IV,220190,"Waters; other than mineral and aerated, (not containing added sugar or other sweetening matter nor flavoured), ice and snow",2201,6
IV,2202,"Waters, including mineral and aerated waters, containing added sugar or sweetening matter, flavoured; other non-alcoholic beverages, not including fruit, nut or vegetable juices of heading no. 2009",22,4
IV,220210,"Waters; including mineral and aerated, containing added sugar or other sweetening matter or flavoured",2202,6
IV,220291,Non-alcoholic beverages; non-alcoholic beer,2202,6
IV,220299,"Non-alcoholic beverages; other than non-alcoholic beer, n.e.c. in item no. 2202.10, not including fruit, nut or vegetable juices of heading no. 2009",2202,6
IV,2203,Beer made from malt,22,4
IV,220300,Beer; made from malt,2203,6
IV,2204,"Wine of fresh grapes, including fortified wines; grape must other than that of heading no. 2009",22,4
IV,220410,Wine; sparkling,2204,6
IV,220421,"Wine; still, in containers holding 2 litres or less",2204,6
IV,220422,"Wine; still, in containers holding more than 2 litres but not more than 10 litres",2204,6
IV,220429,"Wine; still, in containers holding more than 10 litres",2204,6
IV,220430,"Grape must; n.e.c. in heading no. 2009, n.e.c. in item no. 2204.2",2204,6
IV,2205,"Vermouth and other wine of fresh grapes, flavoured with plants or aromatic substances",22,4
IV,220510,"Vermouth and other wine of fresh grapes, flavoured with plants or aromatic substances, in containers holding 2 litres or less",2205,6
IV,220590,"Vermouth and other wine of fresh grapes, flavoured with plants or aromatic substances, in containers holding more than 2 litres",2205,6
IV,2206,"Fermented beverages, n.e.c. in chapter 22; (e.g. cider, perry, mead, sake)",22,4
IV,220600,"Beverages, fermented; (e.g. cider, perry, mead, sake)",2206,6
IV,2207,"Ethyl alcohol, undenatured; of an alcoholic strength by volume of 80% vol. or higher; ethyl alcohol and other spirits, denatured, of any strength",22,4
IV,220710,Undenatured ethyl alcohol; of an alcoholic strength by volume of 80% vol. or higher,2207,6
IV,220720,"Ethyl alcohol and other spirits; denatured, of any strength",2207,6
IV,2208,"Ethyl alcohol, undenatured; of an alcoholic strength by volume of less than 80% volume; spirits, liqueurs and other spirituous beverages",22,4
IV,220820,Spirits obtained by distilling grape wine or grape marc,2208,6
IV,220830,Whiskies,2208,6
IV,220840,Rum and other spirits obtained by distilling fermented sugar-cane products,2208,6
IV,220850,Gin and geneva,2208,6
IV,220860,Vodka,2208,6
IV,220870,Liqueurs and cordials,2208,6
IV,220890,"Spirits, liqueurs and other spirituous beverages; n.e.c. in heading no. 2208",2208,6
IV,2209,Vinegar and substitutes for vinegar obtained from acetic acid,22,4
IV,220900,Vinegar and substitutes for vinegar; obtained from acetic acid,2209,6
IV,23,"Food industries, residues and wastes thereof; prepared animal fodder",TOTAL,2
IV,2301,"Flours, meal and pellets, of meat or meat offal, of fish or of crustaceans, molluscs or other aquatic invertebrates, unfit for human consumption; greaves",23,4
IV,230110,"Flours, meals and pellets; of meat or meat offal, greaves",2301,6
IV,230120,"Flours, meals and pellets; of fish or of crustaceans, molluscs or other aquatic invertebrates",2301,6
IV,2302,"Bran, sharps and other residues; whether or not in the form of pellets derived from the sifting, milling or other working of cereals or of leguminous plants",23,4
IV,230210,"Bran, sharps and other residues; of maize (corn), whether or not in the form of pellets, derived from the sifting, milling or other workings thereof",2302,6
IV,230230,"Bran, sharps and other residues; of wheat, whether or not in the form of pellets, derived from the sifting, milling or other workings thereof",2302,6
IV,230240,"Bran, sharps and other residues; of other cereals, whether or not in the form of pellets, derived from the sifting, milling or other workings thereof",2302,6
IV,230250,"Bran, sharps and other residues; of leguminous plants, whether or not in the form of pellets, derived from the sifting, milling or other workings thereof",2302,6
IV,2303,"Residues of starch manufacture, similar residues; beet-pulp, bagasse and other waste of sugar manufacture, brewing or distilling dregs and waste, whether or not in the form of pellets",23,4
IV,230310,Residues of starch manufacture and similar residues; whether or not in the form of pellets,2303,6
IV,230320,"Beet-pulp, bagasse and other waste of sugar manufacture; whether or not in the form of pellets",2303,6
IV,230330,Brewing or distilling dregs and waste; whether or not in the form of pellets,2303,6
IV,2304,"Oil-cake and other solid residues; whether or not ground or in the form of pellets, resulting from the extraction of soya-bean oil",23,4
IV,230400,"Oil-cake and other solid residues; whether or not ground or in the form of pellets, resulting from the extraction of soya-bean oil",2304,6
IV,2305,"Oil-cake and other solid residues; whether or not ground or in the form of pellets, resulting from the extraction of ground-nut oil",23,4
IV,230500,"Oil-cake and other solid residues; whether or not ground or in the form of pellets, resulting from the extraction of ground-nut oil",2305,6
IV,2306,"Oil-cake and other solid residues; whether or not ground or in the form of pellets, resulting from the extraction of vegetable or microbial fats or oils, other than those of heading no. 2304 or 2305",23,4
IV,230610,"Oil-cake and other solid residues; whether or not ground or in the form of pellets, resulting from the extraction of cotton seed oils",2306,6
IV,230620,"Oil-cake and other solid residues; whether or not ground or in the form of pellets, resulting from the extraction of linseed oils",2306,6
IV,230630,"Oil-cake and other solid residues; whether or not ground or in the form of pellets, resulting from the extraction of sunflower seed oils",2306,6
IV,230641,"Oil-cake and other solid residues; whether or not ground or in the form of pellets, resulting from the extraction of low erucic acid rape or colza seed oils",2306,6
IV,230649,"Oil-cake and other solid residues; whether or not ground or in the form of pellets, resulting from the extraction of rape seed oils (other than low erucic acid rape or colza)",2306,6
IV,230650,"Oil-cake and other solid residues; whether or not ground or in the form of pellets, resulting from the extraction of coconut or copra seed oils",2306,6
IV,230660,"Oil-cake and other solid residues; whether or not ground or in the form of pellets, resulting from the extraction of palm nuts or kernels oils",2306,6
IV,230690,"Oil-cake and other solid residues; whether or not ground or in the form of pellets, resulting from the extraction of oils, n.e.c. in heading no. 2306",2306,6
IV,2307,Wine lees; argol,23,4
IV,230700,Wine lees; argol,2307,6
IV,2308,"Vegetable materials and vegetable waste, vegetable residues and bi-products; whether or not in the form of pellets, of a kind used in animal feeding, not elsewhere specified or included",23,4
IV,230800,"Vegetable materials and vegetable waste, vegetable residues and by-products; whether or not in the form of pellets, of a kind used in animal feeding, not elsewhere specified or included",2308,6
IV,2309,Preparations of a kind used in animal feeding,23,4
IV,230910,"Dog or cat food; put up for retail sale, used in animal feeding",2309,6
IV,230990,"Dog or cat food; (not put up for retail sale), used in animal feeding",2309,6
IV,24,"Tobacco and manufactured tobacco substitutes; products, whether or not containing nicotine, intended for inhalation without combustion; other nicotine containing products intended for the intake of nicotine into the human body",TOTAL,2
IV,2401,"Tobacco, unmanufactured; tobacco refuse",24,4
IV,240110,"Tobacco, (not stemmed or stripped)",2401,6
IV,240120,Tobacco; partly or wholly stemmed or stripped,2401,6
IV,240130,Tobacco refuse,2401,6
IV,2402,"Cigars, cheroots, cigarillos and cigarettes; of tobacco or of tobacco substitutes",24,4
IV,240210,"Cigars, cheroots and cigarillos; containing tobacco including the weight of every band, wrapper or attachment thereto",2402,6
IV,240220,Cigarettes; containing tobacco,2402,6
IV,240290,"Cigars, cigarillos and cheroots; containing tobacco substitutes including the weight of every band, wrapper or attachment thereto",2402,6
IV,2403,Manufactured tobacco and manufactured tobacco substitutes n.e.c; homogenised or reconstituted tobacco; tobacco extracts and essences,24,4
IV,240311,"Tobacco; smoking, water pipe tobacco as specified in Subheading Note 1 to this Chapter, whether or not containing tobacco substitutes in any proportion",2403,6
IV,240319,"Tobacco; smoking, other than water pipe tobacco, whether or not containing tobacco substitutes in any proportion",2403,6
IV,240391,Tobacco; homogenised or reconstituted,2403,6
IV,240399,Tobacco; other than homogenised or reconstituted or smoking,2403,6
IV,2404,"Products containing tobacco, reconstituted tobacco, nicotine, or tobacco or nicotine substitutes, intended for inhalation without combustion; other nicotine containing products intended for the intake of nicotine into the human body",24,4
IV,240411,"Products containing tobacco or reconstituted tobacco, intended for inhalation without combustion",2404,6
IV,240412,"Products containing nicotine, other than tobacco or reconstituted tobacco, intended for inhalation without combustion",2404,6
IV,240419,"Products containing tobacco or nicotine substitutes, intended for inhalation without combustion",2404,6
IV,240491,"Products n.e.c. in heading 2404, intended for the intake of nicotine into the human body, for oral application",2404,6
IV,240492,"Products n.e.c. in heading 2404, intended for the intake of nicotine into the human body, for transdermal application",2404,6
IV,240499,"Products n.e.c. in heading 2404, intended for the intake of nicotine into the human body, by ways other than inhalation, and other than oral or transdermal application",2404,6
V,25,"Salt; sulphur; earths, stone; plastering materials, lime and cement",TOTAL,2
V,2501,Salt (including table salt and denatured salt); pure sodium chloride whether or not in aqueous solution; sea water,25,4
V,250100,Salt (including table salt and denatured salt); pure sodium chloride whether or not in aqueous solution; sea water,2501,6
V,2502,Iron pyrites; unroasted,25,4
V,250200,Iron pyrites; unroasted,2502,6
V,2503,"Sulphur of all kinds; other than sublimed, precipitated and colloidal sulphur",25,4
V,250300,"Sulphur of all kinds; other than sublimed, precipitated and colloidal sulphur",2503,6
V,2504,Graphite; natural,25,4
V,250410,"Graphite; natural, in powder or in flakes",2504,6
V,250490,"Graphite; natural, in other forms, excluding powder or flakes",2504,6
V,2505,"Sands of all kinds; natural, whether or not coloured, other than metal-bearing sands of chapter 26",25,4
V,250510,"Sands; natural, silica and quartz sands, whether or not coloured",2505,6
V,250590,"Sands; natural, (other than silica and quartz sands), whether or not coloured, (other than metal-bearing sands of chapter 26)",2505,6
V,2506,"Quartz; (other than natural sands), quartzite, whether or not roughly trimmed or merely cut, by sawing or otherwise, into blocks or slabs of a rectangular (including square) shape",25,4
V,250610,Quartz; other than natural sands,2506,6
V,250620,"Quartzite; whether or not roughly trimmed or merely cut, by sawing or otherwise, into blocks or slabs of a rectangular (including square) shape",2506,6
V,2507,Kaolin and other kaolinic clays; whether or not calcined,25,4
V,250700,Kaolin and other kaolinic clays; whether or not calcined,2507,6
V,2508,"Clays; (not including expanded clays of heading no. 6806), andalusite kyanite and sillimanite, whether or not calcined; mullite; chamotte or dinas earth",25,4
V,250810,"Clays (excluding expanded clays of heading no. 6806); bentonite, whether or not calcined",2508,6
V,250830,"Clays (excluding expanded clays of heading no. 6806); fireclay, whether or not calcined",2508,6
V,250840,"Clays (excluding expanded clays of heading no. 6806); n.e.c. in heading no. 2508, whether or not calcined",2508,6
V,250850,"Clays (excluding expanded clays of heading no. 6806); andalusite, kyanite and sillimanite, whether or not calcined",2508,6
V,250860,Clays (excluding expanded clays of heading no. 6806); mullite,2508,6
V,250870,Clays (excluding expanded clays of heading no. 6806); chamotte or dinas earths,2508,6
V,2509,Chalk,25,4
V,250900,Chalk,2509,6
V,2510,Natural calcium phosphates; natural aluminium calcium phosphates and phosphatic chalk,25,4
V,251010,"Natural calcium phosphates, natural aluminium calcium phosphates and phosphatic chalk; unground",2510,6
V,251020,"Natural calcium phosphates, natural aluminium calcium phosphates and phosphatic chalk; ground",2510,6
V,2511,"Natural barium sulphate (barytes); natural barium carbonate, (witherite) whether or not calcined, other than barium oxide of heading no. 2816",25,4
V,251110,Barium sulphate (barytes); natural,2511,6
V,251120,"Barium carbonate (witherite); natural, whether or not calcined, other than barium oxide of heading no. 2816",2511,6
V,2512,"Siliceous fossil meals (e.g. kieselguhr, tripolite and diatomite) and similar siliceous earths; whether or not calcined, of an apparent specific gravity of 1 or less",25,4
V,251200,"Siliceous fossil meals (e.g. kieselguhr, tripolite and diatomite) and similar siliceous earths; whether or not calcined, of an apparent specific gravity of 1 or less",2512,6
V,2513,"Pumice stone; emery; natural corundum, natural garnet and other natural abrasives, whether or not heat treated",25,4
V,251310,"Pumice stone, whether or not heat treated",2513,6
V,251320,"Emery, natural corundum, natural garnet and other natural abrasives, whether or not heat-treated",2513,6
V,2514,"Slate, whether or not roughly trimmed or merely cut, by sawing or otherwise, into blocks or slabs of a rectangular (including square) shape",25,4
V,251400,"Slate; whether or not roughly trimmed or merely cut, by sawing or otherwise, into blocks or slabs of a rectangular (including square) shape",2514,6
V,2515,"Marble, travertine, ecaussine and other calcareous stone; of an apparent specific gravity of less than 2.5, alabaster, whether cut by sawing etc, into blocks, slabs of a rectangular (square) shape",25,4
V,251511,"Marble and travertine; having a specific gravity of 2.5 or more, crude or roughly trimmed by sawing or otherwise, into blocks or slabs of a rectangular (including square) shape",2515,6
V,251512,"Marble and travertine; merely cut, by sawing or otherwise, into blocks or slabs of a rectangular (including square) shape, having a specific gravity of 2.5 or more",2515,6
V,251520,"Ecaussine and other calcareous monumental or building stone; alabaster, having a specific gravity of 2.5 or more",2515,6
V,2516,"Granite, porphyry, basalt, sandstone, other monumental and building stone, whether or not roughly trimmed, cut, by sawing etc, into blocks or slabs of a rectangular (including square) shape",25,4
V,251611,Granite; crude or roughly trimmed,2516,6
V,251612,"Granite; merely cut, by sawing or otherwise, into blocks or slabs of a rectangular (including square) shape",2516,6
V,251620,"Sandstone;. whether or not roughly trimmed, cut, by sawing etc, into blocks or slabs of a rectangular (including square) shape",2516,6
V,251690,"Monumental or building stone; n.e.c. in heading no. 2516, whether or not roughly trimmed or merely cut, by sawing or otherwise, into blocks or slabs of a rectangular (including square) shape",2516,6
V,2517,"Pebbles, gravel, crushed stone for concrete aggregates for road or railway ballast, shingle or flint; macadam of slag, dross etc tarred granules, chippings, powder of stones of heading no. 2515 and 2516",25,4
V,251710,"Pebbles, gravel, broken or crushed stone; of a kind commonly used for concrete aggregates, for road metalling or for railway or other ballast, shingle and flint, whether or not heat-treated",2517,6
V,251720,"Macadam of slag, dross or similar industrial waste; whether or not incorporating the materials in Tariff item 2517.10.00",2517,6
V,251730,Tarred macadam,2517,6
V,251741,"Stones; of marble, in granules, chippings and powder, whether or not heat-treated",2517,6
V,251749,"Stones; of heading no. 2515 or 2516 (excluding marble), in granules, chippings and powder, whether or not heat-treated",2517,6
V,2518,"Dolomite, whether or not calcined or sintered, including dolomite roughly trimmed or merely cut, by sawing or otherwise, into blocks or slabs of a rectangular (including square) shape",25,4
V,251810,"Dolomite, not calcined or sintered; including dolomite roughly trimmed, or merely cut by sawing or otherwise into blocks or slabs of rectangular (including square) shape",2518,6
V,251820,"Dolomite, calcined or sintered; including dolomite roughly trimmed, or merely cut by sawing or otherwise into blocks or slabs of rectangular (including square) shape",2518,6
V,2519,"Natural magnesium carbonate (magnesite); fused magnesia; dead-burned (sintered) magnesia, whether or not containing small quantities of other oxides added before sintering; magnesium oxide, pure or not",25,4
V,251910,Magnesium carbonate (magnesite); natural,2519,6
V,251990,"Magnesia, fused or dead-burned (sintered); whether or not containing small quantities of other oxides added before sintering, other magnesium oxide, whether or not pure, (not natural magnesium carbonate)",2519,6
V,2520,"Gypsum; anhydrite; plasters (consisting of calcined gypsum or calcium sulphate), coloured or not, with or without small quantities of accelerators or retarders",25,4
V,252010,Gypsum; anhydrite,2520,6
V,252020,"Plasters; (consisting of calcined gypsum or calcium sulphate), whether or not coloured, with or without small quantities of accelerators or retarders",2520,6
V,2521,"Limestone flux; limestone and other calcareous stone, of a kind used for the manufacture of lime or cement",25,4
V,252100,"Limestone flux; limestone and other calcareous stone, of a kind used for the manufacture of lime or cement",2521,6
V,2522,"Quicklime, slaked lime and hydraulic lime; other than calcium oxide and hydroxide of heading no. 2825",25,4
V,252210,Quicklime; excluding calcium oxide and hydroxide of heading no. 2825,2522,6
V,252220,Slaked lime; excluding calcium oxide and hydroxide of heading no. 2825,2522,6
V,252230,Hydraulic lime; excluding calcium oxide and hydroxide of heading no. 2825,2522,6
V,2523,"Portland cement, aluminous cement (ciment fondu), slag cement, supersulphate cement and similar hydraulic cements, whether or not coloured or in the form of clinkers",25,4
V,252310,Cement clinkers (whether or not coloured),2523,6
V,252321,"Cement; portland, white, whether or not artificially coloured",2523,6
V,252329,"Cement; portland, other than white, whether or not artificially coloured",2523,6
V,252330,"Cement; aluminous (ciment fondu), whether or not coloured or in the form of clinkers",2523,6
V,252390,Cement; hydraulic kinds n.e.c. in heading no. 2523,2523,6
V,2524,Asbestos,25,4
V,252410,Asbestos; crocidolite (blue asbestos),2524,6
V,252490,Asbestos; other than crocidolite (blue asbestos),2524,6
V,2525,"Mica, including splittings; mica waste",25,4
V,252510,Mica; crude and rifted into sheets or splittings,2525,6
V,252520,Mica; powder,2525,6
V,252530,Mica; waste,2525,6
V,2526,"Natural steatite; whether or not roughly trimmed or merely cut, by sawing or otherwise, into blocks or slabs of a rectangular (including square) shape; talc",25,4
V,252610,"Steatite; natural, (not crushed or powdered), whether or not roughly trimmed or merely cut, by sawing or otherwise, into blocks or slabs of a rectangular (including square) shape; talc",2526,6
V,252620,"Steatite; natural, crushed, powdered, whether or not roughly trimmed or merely cut, by sawing or otherwise, into blocks or slabs of a rectangular (including square) shape; talc",2526,6
V,2528,"Natural borates and concentrates thereof (whether or not calcined), but not including borates separated from natural brine; natural boric acid containing not more than 85 % of H3BO3 calculated on the dry weight",25,4
V,252800,"Natural borates and concentrates thereof (whether or not calcined), but not including borates separated from natural brine; natural boric acid containing not more than 85 % of H3BO3 calculated on the dry weight",2528,6
V,2529,Feldspar; leucite; nepheline and nepheline syenite; fluorspar,25,4
V,252910,Feldspar,2529,6
V,252921,Fluorspar; containing by weight 97% or less of calcium fluoride,2529,6
V,252922,Fluorspar; containing by weight more than 97% of calcium fluoride,2529,6
V,252930,Leucite; nepheline and nepheline syenite,2529,6
V,2530,Mineral substances not elsewhere specified or included,25,4
V,253010,"Vermiculite, perlite and chlorites; unexpanded",2530,6
V,253020,"Kieserite, epsomite (natural magnesium sulphates)",2530,6
V,253090,Mineral substances; n.e.c. in chapter 25,2530,6
V,26,"Ores, slag and ash",TOTAL,2
V,2601,Iron ores and concentrates; including roasted iron pyrites,26,4
V,260111,Iron ores and concentrates; non-agglomerated,2601,6
V,260112,Iron ores and concentrates; agglomerated (excluding roasted iron pyrites),2601,6
V,260120,Iron pyrites; roasted,2601,6
V,2602,"Manganese ores and concentrates, including ferruginous manganese ores and concentrates with a manganese content of 20% or more, calculated on the dry weight",26,4
V,260200,"Manganese ores and concentrates, including ferruginous manganese ores and concentrates with a manganese content of 20% or more, calculated on the dry weight",2602,6
V,2603,Copper ores and concentrates,26,4
V,260300,Copper ores and concentrates,2603,6
V,2604,Nickel ores and concentrates,26,4
V,260400,Nickel ores and concentrates,2604,6
V,2605,Cobalt ores and concentrates,26,4
V,260500,Cobalt ores and concentrates,2605,6
V,2606,Aluminium ores and concentrates,26,4
V,260600,Aluminium ores and concentrates,2606,6
V,2607,Lead ores and concentrates,26,4
V,260700,Lead ores and concentrates,2607,6
V,2608,Zinc ores and concentrates,26,4
V,260800,Zinc ores and concentrates,2608,6
V,2609,Tin ores and concentrates,26,4
V,260900,Tin ores and concentrates,2609,6
V,2610,Chromium ores and concentrates,26,4
V,261000,Chromium ores and concentrates,2610,6
V,2611,Tungsten ores and concentrates,26,4
V,261100,Tungsten ores and concentrates,2611,6
V,2612,Uranium or thorium ores and concentrates,26,4
V,261210,Uranium ores and concentrates,2612,6
V,261220,Thorium ores and concentrates,2612,6
V,2613,Molybdenum ores and concentrates,26,4
V,261310,Molybdenum ores and concentrates; roasted,2613,6
V,261390,Molybdenum ores and concentrates; other than roasted,2613,6
V,2614,Titanium ores and concentrates,26,4
V,261400,Titanium ores and concentrates,2614,6
V,2615,"Niobium, tantalum, vanadium or zirconium ores and concentrates",26,4
V,261510,Zirconium ores and concentrates,2615,6
V,261590,"Niobium, tantalum, vanadium ores and concentrates",2615,6
V,2616,Precious metal ores and concentrates,26,4
V,261610,Silver ores and concentrates,2616,6
V,261690,Precious metal ores and concentrates; (excluding silver),2616,6
V,2617,Ores and concentrates; n.e.c. in heading no. 2601,26,4
V,261710,Antimony ores and concentrates,2617,6
V,261790,Ores and concentrates n.e.c. in chapter 26; other than antimony,2617,6
V,2618,Granulated slag (slag sand) from the manufacture of iron or steel,26,4
V,261800,"Slag, granulated (slag sand); from the manufacture or iron or steel",2618,6
V,2619,"Slag, dross; (other than granulated slag), scalings and other waste from the manufacture of iron or steel",26,4
V,261900,"Slag, dross; (other than granulated slag), scalings and other waste from the manufacture of iron or steel",2619,6
V,2620,"Slag, ash and residues; (not from the manufacture of iron or steel) containing metals, arsenic or their compounds",26,4
V,262011,"Slag, ash and residues; (not from the manufacture of iron or steel), containing mainly zinc, hard zinc spelter",2620,6
V,262019,"Slag, ash and residues; (not from the manufacture of iron or steel), containing mainly zinc, other than hard zinc spelter",2620,6
V,262021,"Slag, ash and residues; (not from the manufacture of iron or steel), containing mainly lead; leaded gasoline sludges and leaded anti-knock compound sludges",2620,6
V,262029,"Slag, ash and residues; (not from the manufacture of iron or steel), containing mainly lead; excluding leaded gasoline sludges and leaded anti-knock compound sludges",2620,6
V,262030,"Slag, ash and residues; (not from the manufacture of iron or steel), containing mainly copper",2620,6
V,262040,"Slag, ash and residues; (not from the manufacture of iron or steel), containing mainly aluminium",2620,6
V,262060,"Slag, ash and residues; (not from the manufacture of iron or steel), containing arsenic, mercury, thallium or their mixtures, of a kind used for the extraction of arsenic or those metals or for the manufacture of their chemical compounds",2620,6
V,262091,"Slag, ash and residues; (not from the manufacture of iron or steel), containing antimony, beryllium, cadmium, chromium or their mixtures",2620,6
V,262099,"Slag, ash and residues; (not from the manufacture of iron or steel), containing mainly metals or their compounds, n.e.c. in heading no. 2620",2620,6
V,2621,Slag and ash n.e.c. in chapter 26; including seaweed ash (kelp) and ash and residues from the incineration of municipal waste,26,4
V,262110,Slag and ash; ash and residues from the incineration of municipal waste,2621,6
V,262190,Slag and ash n.e.c. in chapter 26; including seaweed ash (kelp) but excluding ash and residues from the incineration of municipal waste,2621,6
V,27,"Mineral fuels, mineral oils and products of their distillation; bituminous substances; mineral waxes",TOTAL,2
V,2701,"Coal; briquettes, ovoids and similar solid fuels manufactured from coal",27,4
V,270111,"Coal; anthracite, whether or not pulverised, but not agglomerated",2701,6
V,270112,"Coal; bituminous, whether or not pulverised, but not agglomerated",2701,6
V,270119,"Coal; (other than anthracite and bituminous), whether or not pulverised but not agglomerated",2701,6
V,270120,"Briquettes, ovoids and similar solid fuels; manufactured from coal",2701,6
V,2702,"Lignite; whether or not agglomerated, excluding jet",27,4
V,270210,"Lignite; whether or not pulverised, but not agglomerated, excluding jet",2702,6
V,270220,"Lignite; agglomerated, excluding jet",2702,6
V,2703,"Peat; (including peat litter), whether or not agglomerated",27,4
V,270300,"Peat; (including peat litter), whether or not agglomerated",2703,6
V,2704,"Coke and semi-coke; of coal, lignite or peat, whether or not agglomerated; retort carbon",27,4
V,270400,"Coke and semi-coke; of coal, lignite or peat, whether or not agglomerated; retort carbon",2704,6
V,2705,"Coal gas, water gas, producer gas and similar gases, other than petroleum gases and other gaseous hydrocarbons",27,4
V,270500,"Gases; coal, water, producer and similar gases (excluding petroleum and other gaseous hydrocarbons)",2705,6
V,2706,"Tar distilled from coal, from lignite, peat and other mineral tars, whether or not dehydrated or partially distilled; including reconstituted tars",27,4
V,270600,"Tar; distilled from coal, lignite or peat, and other mineral tars, whether or not dehydrated or partially distilled, including reconstituted tars",2706,6
V,2707,Oils and other products of the distillation of high temperature coal tar; similar products in which the weight of the aromatic constituents exceeds that of the non-aromatic constituents,27,4
V,270710,Oils and products of the distillation of high temperature coal tar; benzol (benzene),2707,6
V,270720,Oils and products of the distillation of high temperature coal tar; toluol (toluene),2707,6
V,270730,Oils and products of the distillation of high temperature coal tar; xylol (xylenes),2707,6
V,270740,Oils and products of the distillation of high temperature coal tar; naphthalene,2707,6
V,270750,"Aromatic hydrocarbon mixtures; n.e.c. in heading no. 2707, of which 65% or more by volume (including losses) distils at 250 degrees Celsius by the ISO 3405 method (equivalent to the ASTM D 86 method)",2707,6
V,270791,Oils and other products of the distillation of high temperature coal tar; creosote oils,2707,6
V,270799,Oils and other products of the distillation of high temperature coal tar; n.e.c. in heading no. 2707,2707,6
V,2708,Pitch and pitch coke; obtained from coal tar or from other mineral tars,27,4
V,270810,Pitch; obtained from coal tar or from other mineral tars,2708,6
V,270820,Pitch coke; obtained from coal tar or from other mineral tars,2708,6
V,2709,Petroleum oils and oils obtained from bituminous minerals; crude,27,4
V,270900,"Oils; petroleum oils and oils obtained from bituminous minerals, crude",2709,6
V,2710,"Petroleum oils and oils from bituminous minerals, not crude; preparations n.e.c, containing by weight 70% or more of petroleum oils or oils from bituminous minerals; these being the basic constituents of the preparations; waste oils",27,4
V,271012,"Petroleum oils and oils from bituminous minerals, not containing biodiesel, not crude, not waste oils; preparations n.e.c, containing by weight 70% or more of petroleum oils or oils from bituminous minerals; light oils and preparations",2710,6
V,271019,"Petroleum oils and oils from bituminous minerals, not containing biodiesel, not crude, not waste oils; preparations n.e.c, containing by weight 70% or more of petroleum oils or oils from bituminous minerals; not light oils and preparations",2710,6
V,271020,"Petroleum oils and oils from bituminous minerals, containing biodiesel, not crude, not waste oils; preparations n.e.c, containing by weight 70% or more of petroleum oils or oils from bituminous minerals",2710,6
V,271091,"Waste Oils; of petroleum or obtained from bituminous minerals, not crude; and preparations n.e.c., weight 70% or preparations of the same, containing polychlorinated biphenyls (PCBs), polychorinated terphenyls (PCTs) or polybrominated biphenyls (PBBs)",2710,6
V,271099,"Waste Oils; of petroleum or obtained from bituminous minerals, not crude and preparations n.e.c., weight 70% or preparations of the same, not containing polychlorinated biphenyls (PCBs), polychorinated terphenyls (PCTs) or polybrominated biphenyls (PBBs)",2710,6
V,2711,Petroleum gases and other gaseous hydrocarbons,27,4
V,271111,"Petroleum gases and other gaseous hydrocarbons; liquefied, natural gas",2711,6
V,271112,"Petroleum gases and other gaseous hydrocarbons; liquefied, propane",2711,6
V,271113,"Petroleum gases and other gaseous hydrocarbons; liquefied, butanes",2711,6
V,271114,"Petroleum gases and other gaseous hydrocarbons; liquefied, ethylene, propylene, butylene and butadiene",2711,6
V,271119,"Petroleum gases and other gaseous hydrocarbons; liquefied, n.e.c. in heading no. 2711",2711,6
V,271121,"Petroleum gases and other gaseous hydrocarbons; in gaseous state, natural gas",2711,6
V,271129,"Petroleum gases and other gaseous hydrocarbons; in gaseous state, other than natural gas",2711,6
V,2712,"Petroleum jelly; paraffin wax, micro-crystalline petroleum wax, slack wax, ozokerite, lignite wax, peat wax, other mineral waxes, similar products obtained by synthesis, other processes; coloured or not",27,4
V,271210,Petroleum jelly,2712,6
V,271220,"Paraffin wax; containing by weight less than 0.75% of oil, obtained by synthesis or by other processes, whether or not coloured",2712,6
V,271290,"Paraffin wax; containing by weight 0.75% or more of oil, obtained by synthesis or by other processes, whether or not coloured",2712,6
V,2713,"Petroleum coke, petroleum bitumen; other residues of petroleum oils or oils obtained from bituminous minerals",27,4
V,271311,"Petroleum coke; (not calcined), obtained from bituminous minerals",2713,6
V,271312,"Petroleum coke; calcined, obtained from bituminous minerals",2713,6
V,271320,Petroleum bitumen; obtained from bituminous minerals,2713,6
V,271390,Residues; of petroleum oils or of oils obtained from bituminous minerals,2713,6
V,2714,"Bitumen and asphalt, natural; bituminous or oil shale and tar sands; asphaltites and asphaltic rocks",27,4
V,271410,Bituminous or oil shale and tar sands,2714,6
V,271490,"Bitumen and asphalt, natural; asphaltites and asphaltic rock",2714,6
V,2715,"Bituminous mixtures based on natural asphalt; on natural bitumen, on petroleum bitumen, on mineral tar or on mineral tar pitch (e.g. bituminous mastics, cut-backs)",27,4
V,271500,"Bituminous mixtures based on natural asphalt, on natural bitumen, on petroleum bitumen, on mineral tar or on mineral tar pitch (e.g. bituminous mastics, cut-backs)",2715,6
V,2716,Electrical energy,27,4
V,271600,Electrical energy,2716,6
VI,28,"Inorganic chemicals; organic and inorganic compounds of precious metals; of rare earth metals, of radio-active elements and of isotopes",TOTAL,2
VI,2801,"Fluorine, chlorine, bromine and iodine",28,4
VI,280110,Chlorine,2801,6
VI,280120,Iodine,2801,6
VI,280130,Fluorine; bromine,2801,6
VI,2802,"Sulphur; sublimed or precipitated, colloidal sulphur",28,4
VI,280200,"Sulphur; sublimed or precipitated, colloidal sulphur",2802,6
VI,2803,Carbon; carbon blacks and other forms of carbon n.e.c.,28,4
VI,280300,Carbon; carbon blacks and other forms of carbon n.e.c.,2803,6
VI,2804,"Hydrogen, rare gases and other non-metals",28,4
VI,280410,Hydrogen,2804,6
VI,280421,"Gases, rare; argon",2804,6
VI,280429,"Gases, rare; other than argon",2804,6
VI,280430,Nitrogen,2804,6
VI,280440,Oxygen,2804,6
VI,280450,Boron; tellurium,2804,6
VI,280461,Silicon; containing by weight not less than 99.99% of silicon,2804,6
VI,280469,Silicon; containing by weight less than 99.99% of silicon,2804,6
VI,280470,Phosphorus,2804,6
VI,280480,Arsenic,2804,6
VI,280490,Selenium,2804,6
VI,2805,"Alkali or alkaline-earth metals; rare-earth metals, scandium and yttrium, whether or not intermixed or interalloyed; mercury",28,4
VI,280511,Alkali or alkali-earth metals; sodium,2805,6
VI,280512,Alkali or alkali-earth metals; calcium,2805,6
VI,280519,Alkali or alkali-earth metals; other than sodium and calcium,2805,6
VI,280530,"Earth-metals, rare; scandium and yttrium, whether or not intermixed or interalloyed",2805,6
VI,280540,Mercury,2805,6
VI,2806,Hydrogen chloride (hydrochloric acid); chlorosulphuric acid,28,4
VI,280610,Hydrogen chloride (hydrochloric acid),2806,6
VI,280620,Chlorosulphuric acid,2806,6
VI,2807,Sulphuric acid; oleum,28,4
VI,280700,Sulphuric acid; oleum,2807,6
VI,2808,Nitric acid; sulphonitric acids,28,4
VI,280800,Nitric acid; sulphonitric acids,2808,6
VI,2809,"Diphosphorus pentaoxide; phosphoric acid; polyphosphoric acids, whether or not chemically defined",28,4
VI,280910,Diphosphorus pentoxide,2809,6
VI,280920,Phosphoric acid and polyphosphoric acids,2809,6
VI,2810,Oxides of boron; boric acids,28,4
VI,281000,Oxides of boron; boric acids,2810,6
VI,2811,Inorganic acids and other inorganic oxygen compounds of non-metals; n.e.c. in heading no. 2806 to 2810,28,4
VI,281111,Hydrogen fluoride (hydrofluoric acid),2811,6
VI,281112,Hydrogen cyanide (hydrocyanic acid),2811,6
VI,281119,Inorganic acids; other than hydrogen fluoride,2811,6
VI,281121,Carbon dioxide,2811,6
VI,281122,Silicon dioxide,2811,6
VI,281129,"Inorganic oxygen compounds; of non-metals, n.e.c. in item no. 2811.2",2811,6
VI,2812,Halides and halide oxides of non-metals,28,4
VI,281211,Carbonyl dichloride (phosgene),2812,6
VI,281212,Phosphorus oxychloride,2812,6
VI,281213,Phosphorus trichloride,2812,6
VI,281214,Phosphorus pentachloride,2812,6
VI,281215,Sulphur monochloride,2812,6
VI,281216,Sulphur dichloride,2812,6
VI,281217,Thionyl chloride,2812,6
VI,281219,"Arsenic trichloride and other chlorides and chloride oxides, n.e.c. in item no. 2812",2812,6
VI,281290,Halides and halide oxides of non-metals; excluding chloride,2812,6
VI,2813,Sulphides of non-metals; commercial phosphorus trisulphide,28,4
VI,281310,Carbon disulphide,2813,6
VI,281390,"Sulphides of non-metals, (excluding carbon); commercial phosphorus trisulphide",2813,6
VI,2814,Ammonia; anhydrous or in aqueous solution,28,4
VI,281410,Ammonia; anhydrous,2814,6
VI,281420,Ammonia; in aqueous solution,2814,6
VI,2815,Sodium hydroxide (caustic soda); potassium hydroxide (caustic potash) peroxides of sodium or potassium,28,4
VI,281511,Sodium hydroxide (caustic soda); solid,2815,6
VI,281512,Sodium hydroxide (caustic soda); in aqueous solution (soda lye or liquid soda),2815,6
VI,281520,Potassium hydroxide (caustic potash),2815,6
VI,281530,Peroxides of sodium or potassium,2815,6
VI,2816,"Hydroxide and peroxide of magnesium; oxides, hydroxides and peroxides of strontium or barium",28,4
VI,281610,Hydroxide and peroxide of magnesium,2816,6
VI,281640,"Oxides, hydroxides and peroxides, of strontium or barium",2816,6
VI,2817,Zinc; oxide and peroxide,28,4
VI,281700,Zinc; oxide and peroxide,2817,6
VI,2818,Aluminium oxide (including artificial corundum); aluminium hydroxide,28,4
VI,281810,Aluminium oxide; artificial corundum,2818,6
VI,281820,Aluminium oxide; other than artificial corundum,2818,6
VI,281830,Aluminium hydroxide,2818,6
VI,2819,Chromium oxides and hydroxides,28,4
VI,281910,Chromium trioxide,2819,6
VI,281990,Chromium oxides and hydroxides; excluding chromium trioxide,2819,6
VI,2820,Manganese oxides,28,4
VI,282010,Manganese dioxide,2820,6
VI,282090,Manganese oxides; excluding manganese dioxide,2820,6
VI,2821,Iron oxides and hydroxides; earth colours containing 70% or more by weight of combined iron evaluated as Fe2o3,28,4
VI,282110,Iron oxides and hydroxides,2821,6
VI,282120,Earth colours; containing 70% or more by weight of combined iron evaluated as Fe2o3,2821,6
VI,2822,Cobalt oxides and hydroxides; commercial cobalt oxides,28,4
VI,282200,Cobalt oxides and hydroxides; commercial cobalt oxides,2822,6
VI,2823,Titanium oxides,28,4
VI,282300,Titanium oxides,2823,6
VI,2824,Lead oxides; red lead and orange lead,28,4
VI,282410,"Lead; lead monoxide (litharge, massicot)",2824,6
VI,282490,Lead oxides; n.e.c. in heading no. 2824,2824,6
VI,2825,"Hydrazine and hydroxylamine and their inorganic salts; other inorganic bases; other metal oxides, hydroxides and peroxides",28,4
VI,282510,Hydrazine and hydroxylamine and their inorganic salts,2825,6
VI,282520,Lithium oxide and hydroxide,2825,6
VI,282530,Vanadium oxides and hydroxides,2825,6
VI,282540,Nickel oxides and hydroxides,2825,6
VI,282550,Copper oxides and hydroxides,2825,6
VI,282560,Germanium oxides and zirconium dioxide,2825,6
VI,282570,Molybdenum oxides and hydroxides,2825,6
VI,282580,Antimony oxides,2825,6
VI,282590,"Inorganic bases, metal oxides, hydroxides and peroxides; n.e.c. in heading no. 2825",2825,6
VI,2826,"Fluorides; fluorosilicates, fluoroaluminates and other complex fluorine salts",28,4
VI,282612,Fluorides; of aluminium,2826,6
VI,282619,Fluorides; other than of aluminium,2826,6
VI,282630,Sodium hexafluoroaluminate (synthetic cryolite),2826,6
VI,282690,"Fluorides; fluorosilicates, fluoroaluminates and other complex fluorine salts, n.e.c. in heading no. 2826",2826,6
VI,2827,Chlorides; chloride oxides and chloride hydroxides; bromides and bromide oxides; iodides and iodide oxides,28,4
VI,282710,Chlorides; of ammonium,2827,6
VI,282720,Chlorides; of calcium,2827,6
VI,282731,Chlorides; of magnesium,2827,6
VI,282732,Chlorides; of aluminium,2827,6
VI,282735,Chlorides; of nickel,2827,6
VI,282739,"Chlorides; other than of ammonium, calcium, magnesium, aluminium and nickel",2827,6
VI,282741,Chloride oxides and chloride hydroxides; of copper,2827,6
VI,282749,Chloride oxides and chloride hydroxides; other than of copper,2827,6
VI,282751,Bromides; of sodium or of potassium,2827,6
VI,282759,Bromides and bromide oxides; other than item no. 2827.51,2827,6
VI,282760,Iodides and iodide oxides,2827,6
VI,2828,Hypochlorites; commercial calcium hypochlorite; chlorites; hypobromites,28,4
VI,282810,Hypochlorites; commercial calcium hypochlorite and other calcium hypochlorites,2828,6
VI,282890,Hypochlorites; n.e.c. in heading no. 2828,2828,6
VI,2829,Chlorates and perchlorates; bromates and perbromates; iodates and periodates,28,4
VI,282911,Chlorates; of sodium,2829,6
VI,282919,Chlorates; other than sodium,2829,6
VI,282990,Perchlorates; bromates and perbromates; iodates and periodates,2829,6
VI,2830,Sulphides; polysulphides whether or not chemically defined,28,4
VI,283010,"Sulphides; of sodium, whether or not chemically defined",2830,6
VI,283090,"Sulphides and polysulphides; whether or not chemically defined, other than sulphides of sodium",2830,6
VI,2831,Dithionites and sulphoxylates,28,4
VI,283110,Dithionites and sulphoxylates; of sodium,2831,6
VI,283190,Dithionites and sulphoxylates; other than sodium,2831,6
VI,2832,Sulphites; thiosulphates,28,4
VI,283210,Sulphites; of sodium,2832,6
VI,283220,Sulphites; other than of sodium,2832,6
VI,283230,Thiosulphates,2832,6
VI,2833,Sulphates; alums; peroxosulphates (persulphates),28,4
VI,283311,Sodium sulphates; disodium sulphate,2833,6
VI,283319,Sodium sulphates; other than disodium sulphate,2833,6
VI,283321,Sulphates; of magnesium,2833,6
VI,283322,Sulphates; of aluminium,2833,6
VI,283324,Sulphates; of nickel,2833,6
VI,283325,Sulphates; of copper,2833,6
VI,283327,Sulphates; of barium,2833,6
VI,283329,Sulphates; n.e.c. in item no. 2833.2,2833,6
VI,283330,Alums,2833,6
VI,283340,Peroxosulphates (persulphates),2833,6
VI,2834,Nitrites; nitrates,28,4
VI,283410,Nitrites,2834,6
VI,283421,Nitrates; of potassium,2834,6
VI,283429,Nitrates; of other than potassium,2834,6
VI,2835,"Phosphinates (hypophosphites), phosphonates (phosphites), and phosphates; and polyphosphates, whether or not chemically defined",28,4
VI,283510,"Phosphinates (hypophosphites) and phosphonates (phosphites), whether or not chemically defined",2835,6
VI,283522,"Phosphates; of mono- or disodium, whether or not chemically defined",2835,6
VI,283524,"Phosphates; of potassium, whether or not chemically defined",2835,6
VI,283525,"Phosphates; calcium hydrogenorthophosphate (dicalcium phosphate), whether or not chemically defined",2835,6
VI,283526,"Phosphates; of calcium n.e.c. in item no. 2835.25, whether or not chemically defined",2835,6
VI,283529,"Phosphates; (other than of mono- or disodium, other than of potassium or of calcium hydrogenorthophosphate (dicalcium phosphate) and excluding other phosphates of calcium), whether or not chemically defined",2835,6
VI,283531,"Polyphosphates; sodium triphosphate (sodium tripolyphosphate), whether or not chemically defined",2835,6
VI,283539,"Polyphosphates; other than sodium triphosphate (sodium tripolyphosphate), whether or not chemically defined",2835,6
VI,2836,Carbonates; peroxocarbonates (percarbonates); commercial ammonium carbonate containing ammonium carbamate,28,4
VI,283620,Carbonates; disodium carbonate,2836,6
VI,283630,Carbonates; sodium hydrogen carbonate (sodium bicarbonate),2836,6
VI,283640,Carbonates; potassium carbonate,2836,6
VI,283650,Carbonates; calcium carbonate,2836,6
VI,283660,Carbonates; barium carbonate,2836,6
VI,283691,Carbonates; lithium carbonate,2836,6
VI,283692,Carbonates; strontium carbonate,2836,6
VI,283699,Carbonates; n.e.c. in heading no. 2836 and other than lithium or strontium,2836,6
VI,2837,"Cyanides, cyanide oxides and complex cyanides",28,4
VI,283711,Cyanides and cyanide oxides; of sodium,2837,6
VI,283719,Cyanides and cyanide oxides; other than of sodium,2837,6
VI,283720,Complex cyanides,2837,6
VI,2839,Silicates; commercial alkali metal silicates,28,4
VI,283911,Silicates; sodium metasilicates,2839,6
VI,283919,Silicates; of sodium (excluding sodium metasilicates),2839,6
VI,283990,"Silicates; commercial alkali metal silicates, other than of sodium",2839,6
VI,2840,Borates; peroxoborates (perborates),28,4
VI,284011,"Borates; disodium tetraborate (refined borax), anhydrous",2840,6
VI,284019,"Borates; disodium tetraborate (refined borax), other than anhydrous",2840,6
VI,284020,Borates; n.e.c. in heading no. 2840,2840,6
VI,284030,Peroxoborates (perborates),2840,6
VI,2841,Salts of oxometallic or peroxometallic acids,28,4
VI,284130,Salts; sodium dichromate,2841,6
VI,284150,"Salts; chromates, dichromates, peroxochromates; n.e.c. in heading no. 2841",2841,6
VI,284161,"Salts; of oxometallic or peroxometallic acids, manganites, manganates and permanganates, potassium permanganate",2841,6
VI,284169,"Salts; of oxometallic or peroxometallic acids, manganites, manganates and permanganates, other than potassium permanganate",2841,6
VI,284170,Salts; molybdates,2841,6
VI,284180,Salts; tungstates (wolframates),2841,6
VI,284190,Salts of oxometallic or peroxometallic acids; n.e.c. in heading no. 2841,2841,6
VI,2842,"Salts of inorganic acids or peroxoacids, n.e.c. including aluminosilicates whether or not chemically defined, but excluding azides",28,4
VI,284210,"Salts of inorganic acids or peroxoacids, double or complex silicates, including aluminosilicates, whether or not chemically defined, excluding azides",2842,6
VI,284290,"Salts; of inorganic acids or peroxoacids, other than double or complex silicates, including aluminosilicates, whether or not chemically, excluding azides",2842,6
VI,2843,"Colloidal precious metals; inorganic or organic compounds of precious metals, whether or not chemically defined; amalgams of precious metals",28,4
VI,284310,Colloidal precious metals; whether or not chemically defined,2843,6
VI,284321,Silver compounds; silver nitrates,2843,6
VI,284329,Silver compounds; excluding silver nitrates,2843,6
VI,284330,Gold compounds,2843,6
VI,284390,"Inorganic or organic compounds of precious metals, n.e.c.; amalgams",2843,6
VI,2844,Radioactive chemical elements and radioactive isotopes (including the fissile or fertile chemical elements and isotopes); and their compounds; mixtures and residues containing these products,28,4
VI,284410,"Uranium; natural uranium and its compounds, alloys, dispersions (including cermets), ceramic products and mixtures containing natural uranium or natural uranium compounds",2844,6
VI,284420,"Uranium; enriched in U235, plutonium, their compounds, alloys dispersions (including cermets), ceramic products and mixtures containing uranium enriched in U235, plutonium or compounds of these products",2844,6
VI,284430,"Uranium; depleted in U235, thorium, their compounds, alloys, dispersions (including cermets), ceramic products and mixtures containing uranium depleted in U235, thorium; compounds of these products",2844,6
VI,284441,"Radioactive elements; tritium and its compounds; alloys, dispersions (including cermets), ceramic products and mixtures containing tritium or its compounds",2844,6
VI,284442,"Radioactive elements; actinium-225, 227, californium-253, curium-240, 241, 242, 243, 244, einsteinium-253, 254, gadolinium-148, polonium-208, 209, 210, radium-223, uranium-230 or 232, compounds; alloys, dispersions, ceramic products and mixtures",2844,6
VI,284443,"Radioactive elements, isotopes and compounds; other alloys, dispersions (including cermets), ceramic products and mixtures containing these elements, isotopes or compounds",2844,6
VI,284444,"Radioactive elements, isotopes, compounds n.e.c. in heading no. 2844, alloys, dispersions (including cermets), ceramic products, mixtures containing the elements, isotopes, compounds; radioactive residues",2844,6
VI,284450,Spent (irradiated) fuel elements (cartridges) of nuclear reactors,2844,6
VI,2845,"Isotopes other than those of heading no. 2844; compounds, inorganic or organic, of such isotopes, whether or not chemically defined",28,4
VI,284510,Heavy water (deuterium oxide),2845,6
VI,284520,Boron enriched in boron-10 and its compounds,2845,6
VI,284530,Lithium enriched in lithium-6 and its compounds,2845,6
VI,284540,Helium-3,2845,6
VI,284590,"Isotopes other than those of heading no. 2844, 2845.20, 2845.30 or 2845.40; compounds, inorganic or organic, of such isotopes, whether or not chemically defined",2845,6
VI,2846,"Compounds, inorganic or organic, of rare-earth metals; of yttrium or of scandium or of mixtures of these metals",28,4
VI,284610,Cerium compounds,2846,6
VI,284690,"Compounds, inorganic or organic (excluding cerium), of rare-earth metals, of yttrium, scandium or of mixtures of these metals",2846,6
VI,2847,Hydrogen peroxide; whether or not solidified with urea,28,4
VI,284700,Hydrogen peroxide; whether or not solidified with urea,2847,6
VI,2849,"Carbides, whether or not chemically defined",28,4
VI,284910,"Carbides; of calcium, whether or not chemically defined",2849,6
VI,284920,"Carbides; of silicon, whether or not chemically defined",2849,6
VI,284990,"Carbides; whether or not chemically defined, other than of calcium or silicon",2849,6
VI,2850,"Hydrides, nitrides, azides, silicides and borides, whether or not chemically defined, other than compounds which are also carbides of heading no. 2849",28,4
VI,285000,"Hydrides, nitrides, azides, silicides and borides, whether or not chemically defined, other than compounds which are also carbides of heading no. 2849",2850,6
VI,2852,"Inorganic or organic compounds of mercury, excluding amalgams, whether or not chemically defined",28,4
VI,285210,"Inorganic or organic compounds of mercury, excluding amalgams, chemically defined",2852,6
VI,285290,"Inorganic or organic compounds of mercury; excluding amalgams, not chemically defined,",2852,6
VI,2853,"Phosphides, chemically defined or not, not ferrophosphorus; other inorganic compounds n.e.c. (including distilled, conductivity water and water of like purity); liquid air, rare gases removed or not; compressed air; amalgams, not precious metal amalgams",28,4
VI,285310,Inorganic compounds; cyanogen chloride (chlorcyan),2853,6
VI,285390,"Phosphides, chemically defined or not, not ferrophosphorus; other inorganic compounds n.e.c. (including distilled, conductivity water and water of like purity); liquid air, rare gases removed or not; compressed air; amalgams, not precious metal amalgams",2853,6
VI,29,Organic chemicals,TOTAL,2
VI,2901,Acyclic hydrocarbons,29,4
VI,290110,Acyclic hydrocarbons; saturated,2901,6
VI,290121,"Acyclic hydrocarbons; unsaturated, ethylene",2901,6
VI,290122,"Acyclic hydrocarbons; unsaturated, propene (propylene)",2901,6
VI,290123,"Acyclic hydrocarbons; unsaturated, butene (butylene) and isomers thereof",2901,6
VI,290124,"Acyclic hydrocarbons; unsaturated, buta-1,3-diene and isoprene",2901,6
VI,290129,"Acyclic hydrocarbons; unsaturated, n.e.c. in heading no. 2901",2901,6
VI,2902,Cyclic hydrocarbons,29,4
VI,290211,Cyclic hydrocarbons; cyclohexane,2902,6
VI,290219,"Cyclic hydrocarbons; cyclanes, cyclenes and cycloterpenes, excluding cyclohexane",2902,6
VI,290220,Cyclic hydrocarbons; benzene,2902,6
VI,290230,Cyclic hydrocarbons; toluene,2902,6
VI,290241,Cyclic hydrocarbons; o-xylene,2902,6
VI,290242,Cyclic hydrocarbons; m-xylene,2902,6
VI,290243,Cyclic hydrocarbons; p-xylene,2902,6
VI,290244,Cyclic hydrocarbons; mixed xylene isomers,2902,6
VI,290250,Cyclic hydrocarbons; styrene,2902,6
VI,290260,Cyclic hydrocarbons; ethylbenzene,2902,6
VI,290270,Cyclic hydrocarbons; cumene,2902,6
VI,290290,Cyclic hydrocarbons; n.e.c. in heading no. 2902,2902,6
VI,2903,Halogenated derivatives of hydrocarbons,29,4
VI,290311,Saturated chlorinated derivatives of acyclic hydrocarbons; chloromethane (methyl chloride) and chloroethane (ethyl chloride),2903,6
VI,290312,Saturated chlorinated derivatives of acyclic hydrocarbons; dichloromethane (methylene chloride),2903,6
VI,290313,Saturated chlorinated derivatives of acyclic hydrocarbons; chloroform (trichloromethane),2903,6
VI,290314,Saturated chlorinated derivatives of acyclic hydrocarbons; carbon tetrachloride,2903,6
VI,290315,"Saturated chlorinated derivatives of acyclic hydrocarbons; ethylene dichloride (ISO) (1,2-dichloroethane)",2903,6
VI,290319,Saturated chlorinated derivatives of acyclic hydrocarbons; n.e.c. in item no. 2903.1,2903,6
VI,290321,Unsaturated chlorinated derivatives of acyclic hydrocarbons; vinyl chloride (chloroethylene),2903,6
VI,290322,Unsaturated chlorinated derivatives of acyclic hydrocarbons; trichloroethylene,2903,6
VI,290323,Unsaturated chlorinated derivatives of acyclic hydrocarbons; tetrachloroethylene (perchloroethylene),2903,6
VI,290329,Unsaturated chlorinated derivatives of acyclic hydrocarbons; n.e.c. in item no. 2903.2,2903,6
VI,290341,Saturated fluorinated derivatives of acyclic hydrocarbons; trifluoromethane (HFC-23),2903,6
VI,290342,Saturated fluorinated derivatives of acyclic hydrocarbons; difluoromethane (HFC-32),2903,6
VI,290343,"Saturated fluorinated derivatives of acyclic hydrocarbons; fluoromethane (HFC-41), 1,2-difluoroethane (HFC-152) and 1,1-difluoroethane (HFC-152a)",2903,6
VI,290344,"Saturated fluorinated derivatives of acyclic hydrocarbons; pentafluoroethane (HFC-125), 1,1,1-trifluoroethane (HFC-143a) and 1,1,2-trifluoroethane (HFC-143)",2903,6
VI,290345,"Saturated fluorinated derivatives of acyclic hydrocarbons; 1,1,1,2-tetrafluoroethane (HFC-134a) and 1,1,2,2-tetrafluoroethane (HFC-134)",2903,6
VI,290346,"Saturated fluorinated derivatives of acyclic hydrocarbons; 1,1,1,2,3,3,3-heptafluoropropane (HFC-227ea), 1,1,1,2,2,3-hexafluoropropane (HFC-236cb), 1,1,1,2,3,3-hexafluoropropane (HFC-236ea) and 1,1,1,3,3,3-hexafluoropropane (HFC-236fa)",2903,6
VI,290347,"Saturated fluorinated derivatives of acyclic hydrocarbons; 1,1,1,3,3-pentafluoropropane (HFC-245fa) and 1,1,2,2,3-pentafluoropropane (HFC-245ca)",2903,6
VI,290348,"Saturated fluorinated derivatives of acyclic hydrocarbons; 1,1,1,3,3-pentafluorobutane (HFC-365mfc) and 1,1,1,2,2,3,4,5,5,5-decafluoropentane (HFC-43-10mee)",2903,6
VI,290349,Saturated fluorinated derivatives of acyclic hydrocarbons; n.e.c. in item no 2903.4,2903,6
VI,290351,"Unsaturated fluorinated derivatives of acyclic hydrocarbons; 2,3,3,3-tetrafluoropropene (HFO-1234yf), 1,3,3,3-tetrafluoropropene (HFO-1234ze) and (Z)-1,1,1,4,4,4-hexafluoro-2-butene (HFO-1336mzz)",2903,6
VI,290359,Unsaturated fluorinated derivatives of acyclic hydrocarbons; n.e.c. in item no. 2903.5,2903,6
VI,290361,Brominated or iodinated derivatives of acyclic hydrocarbons; methyl bromide (bromomethane),2903,6
VI,290362,"Brominated or iodinated derivatives of acyclic hydrocarbons; ethylene dibromide (ISO) (1,2-dibromoethane)",2903,6
VI,290369,Brominated or iodinated derivatives of acyclic hydrocarbons; n.e.c. in item no. 2903.6,2903,6
VI,290371,Halogenated derivatives of acyclic hydrocarbons containing two or more different halogens; chlorodifluoromethane (HCFC-22),2903,6
VI,290372,Halogenated derivatives of acyclic hydrocarbons containing two or more different halogens; dichlorotrifluoroethane (HCFC-123),2903,6
VI,290373,"Halogenated derivatives of acyclic hydrocarbons containing two or more different halogens; dichlorofluoroethanes (HCFC-141, 141b)",2903,6
VI,290374,"Halogenated derivatives of acyclic hydrocarbons containing two or more different halogens; chlorodifluoroethanes HCFC-142, 142b)",2903,6
VI,290375,"Halogenated derivatives of acyclic hydrocarbons containing two or more different halogens; dichloropentafluoropropanes (HCFC-225, 225ca, 225cb)",2903,6
VI,290376,"Halogenated derivatives of acyclic hydrocarbons containing two or more different halogens; bromochlorodifluoromethane (Halon-1211), bromotrifluoromethane (Halon-1301), and dibromotetrafluoroethanes (Halon-2402)",2903,6
VI,290377,"Halogenated derivatives of acyclic hydrocarbons containing two or more different halogens; n.e.c. in headings 290371 to 290376, perhalogenated only with fluorine and chlorine",2903,6
VI,290378,"Halogenated derivatives of acyclic hydrocarbons containing two or more different halogens; perhalogenated derivatives, other than those only with fluorine and chlorine, n.e.c. in item no. 2903.71 to 2903.76",2903,6
VI,290379,Halogenated derivatives of acyclic hydrocarbons containing two or more different halogens; n.e.c. in item no. 2903.7,2903,6
VI,290381,"Halogenated derivatives of cyclanic, cyclenic or cycloterpenic hydrocarbons; 1,2,3,4,5,6-Hexachlorocyclohexane (HCH (ISO)), including lindane (ISO, INN)",2903,6
VI,290382,"Halogenated derivatives of cyclanic, cyclenic or cycloterpenic hydrocarbons; aldrin (ISO), chlordane (ISO), and heptachlor (ISO)",2903,6
VI,290383,"Halogenated derivatives of cyclanic, cyclenic or cycloterpenic hydrocarbons; mirex (ISO)",2903,6
VI,290389,"Halogenated derivatives of cyclanic, cyclenic or cycloterpenic hydrocarbons; n.e.c. in item no. 2903.8",2903,6
VI,290391,"Halogenated derivatives of aromatic hydrocarbons; chlorobenzene, o-dichlorobenzene, and p-dichlorobenzene",2903,6
VI,290392,"Halogenated derivatives of aromatic hydrocarbons; hexachlorobenzene (ISO) and DDT (ISO) (clofenotane (INN), and 1,1,1-trichloro-2,2-bis(p-chlorophenyl)ethane)",2903,6
VI,290393,Halogenated derivatives of aromatic hydrocarbons; pentachlorobenzene (ISO),2903,6
VI,290394,Halogenated derivatives of aromatic hydrocarbons; hexabromobiphenyls,2903,6
VI,290399,"Halogenated derivatives of aromatic hydrocarbons; n.e.c. in item no. 2903.91, 2903.92, 2903.93 and 2903.94",2903,6
VI,2904,"Sulphonated, nitrated or nitrosated derivatives of hydrocarbons; whether or not halogenated",29,4
VI,290410,"Derivatives of hydrocarbons; containing only sulpho groups, their salts and ethyl esters, whether or not halogenated",2904,6
VI,290420,"Derivatives of hydrocarbons; containing only nitro or only nitroso groups, whether or not halogenated",2904,6
VI,290431,"Derivatives of hydrocarbons; perfluorooctane sulphonic acid, whether or not halogenated",2904,6
VI,290432,"Derivatives of hydrocarbons; ammonium perfluorooctane sulphonate, whether or not halogenated",2904,6
VI,290433,"Derivatives of hydrocarbons; lithium perfluorooctane sulphonate, whether or not halogenated",2904,6
VI,290434,"Derivatives of hydrocarbons; potassium perfluorooctane sulphonate, whether or not halogenated",2904,6
VI,290435,"Derivatives of hydrocarbons; salts of perfluorooctane sulphonic acid n.e.c in heading no. 2904, whether or not halogenated",2904,6
VI,290436,"Derivatives of hydrocarbons; perfluorooctane sulphonyl fluoride, whether or not halogenated",2904,6
VI,290491,"Derivatives of hydrocarbons; trichloronitromethane (chloropicrin), whether or not halogenated",2904,6
VI,290499,"Derivatives of hydrocarbons n.e.c. in heading no. 2904, whether or not halogenated",2904,6
VI,2905,"Acyclic alcohols and their halogenated, sulphonated, nitrated or nitrosated derivatives",29,4
VI,290511,"Alcohols; saturated monohydric, methanol (methyl alcohol)",2905,6
VI,290512,"Alcohols; saturated monohydric, propan-1-ol (propyl alcohol) and propan-2-ol (isopropyl alcohol)",2905,6
VI,290513,"Alcohols; saturated monohydric, butan-1-ol (n-butyl alcohol)",2905,6
VI,290514,"Alcohols; saturated monohydric, butanols excluding item no. 2905.13",2905,6
VI,290516,"Alcohols; saturated monohydric, octanol (octyl alcohol) and isomers thereof",2905,6
VI,290517,"Alcohols; saturated monohydric, dodecan-1-ol (lauryl alcohol), hexadecan-1-ol (cetyl alcohol) and octadecan-1-ol (stearyl alcohol)",2905,6
VI,290519,"Alcohols; saturated monohydric, n.e.c. in item no. 2905.1",2905,6
VI,290522,"Alcohols; unsaturated monohydric, acyclic terpene alcohols",2905,6
VI,290529,"Alcohols; acyclic, unsaturated monohydric, (other than acyclic terpene alcohols)",2905,6
VI,290531,"Alcohols; acyclic, diols; ethylene glycol (ethanediol)",2905,6
VI,290532,"Alcohols; acyclic, diols; propylene glycol (propane-1, 2-diol)",2905,6
VI,290539,"Alcohols; acyclic, diols, other than ethylene glycol (ethandiol) or propylene glycol (propane-1,2-diol)",2905,6
VI,290541,"Alcohols; polyhydric, 2-ethyl-2- (hydroxymethyl) propane-1,3-diol (trimethylolpropane)",2905,6
VI,290542,"Alcohols; polyhydric, pentaerythritol",2905,6
VI,290543,"Alcohols; polyhydric, mannitol",2905,6
VI,290544,"Alcohols; polyhydric, d-glucitol (sorbitol)",2905,6
VI,290545,"Alcohols; polyhydric, glycerol",2905,6
VI,290549,"Alcohols; polyhydric, n.e.c. in item no. 2905.4",2905,6
VI,290551,"Alcohols; acyclic; halogenated, sulphonated, nitrated or nitrosated derivatives thereof, ethchlorvynol (INN)",2905,6
VI,290559,"Alcohols; acyclic; halogenated, sulphonated, nitrated or nitrosated derivatives thereof, other than ethchlorvynol (INN)",2905,6
VI,2906,"Alcohols; cyclic, and their halogenated, sulphonated, nitrated or nitrosated derivatives",29,4
VI,290611,"Alcohols; cyclanic, cyclenic or cycloterpenic and derivatives, menthol",2906,6
VI,290612,"Alcohols; cyclanic, cyclenic or cycloterpenic and derivatives, cyclohexanol, methylcyclohexanols and dimethylcyclohexanols",2906,6
VI,290613,"Alcohols; cyclanic, cyclenic or cycloterpenic and derivatives, sterols and inositols",2906,6
VI,290619,"Alcohols; cyclanic, cyclenic or cycloterpenic and derivatives, n.e.c. in item no. 2906.1",2906,6
VI,290621,"Alcohols; aromatic alcohols and derivatives, benzyl alcohol",2906,6
VI,290629,"Alcohols; aromatic and derivatives, other than benzyl alcohol",2906,6
VI,2907,"Phenols; monophenols, polyphenols, and phenol-alcohols",29,4
VI,290711,Monophenols; phenol (hydroxybenzene) and its salts,2907,6
VI,290712,Monophenols; cresols and their salts,2907,6
VI,290713,"Monophenols; octylphenol, nonylphenol and their isomers, salts thereof",2907,6
VI,290715,Monophenols; naphthols and their salts,2907,6
VI,290719,Monophenols; n.e.c. in item no. 2907.1,2907,6
VI,290721,Polyphenols; resorcinol and its salts,2907,6
VI,290722,Polyphenols; hydroquinone (quinol) and its salts,2907,6
VI,290723,"Polyphenols; 4,4'-isopropylidenediphenol (bisphenol A, diphenylolpropane) and its salts",2907,6
VI,290729,Phenol-alcohols and polyphenols n.e.c. in item number 2907.2,2907,6
VI,2908,"Phenols or phenol-alcohols; halogenated, sulphonated, nitrated or nitrosated derivatives",29,4
VI,290811,Phenol or phenol-alcohol derivatives containing only halogen substituents and their salts; pentachlorophenol (ISO),2908,6
VI,290819,Phenol or phenol-alcohol derivatives containing only halogen substituents and their salts; other than pentachlorophenol (ISO),2908,6
VI,290891,"Phenol or phenol-alcohol derivatives, sulphonated, nitrated or nitrosated derivatives thereof; dinoseb (ISO) and its salts",2908,6
VI,290892,"Phenol or phenol-alcohol derivatives, sulphonated, nitrated or nitrosated derivatives thereof; 4,6-dinitro-o-cresol (DNOC (ISO)) and its salts",2908,6
VI,290899,"Phenol or phenol-alcohol derivatives, sulphonated, nitrated or nitrosated derivatives thereof; other than dinoseb (ISO), and 4,6-dinitro-o-cresol (DNOC (ISO)), and their salts",2908,6
VI,2909,"Ethers, ether-alcohols, ether-phenols, ether-alcohol-phenols, alcohol peroxides, ether peroxides, acetal and hemiacetal peroxides, ketone peroxides (chemically defined or not), and their halogenated, sulphonated, nitrated or nitrosated derivatives",29,4
VI,290911,"Ethers; acyclic, and their halogenated, sulphonated, nitrated or nitrosated derivatives, diethyl ether",2909,6
VI,290919,"Ethers; acyclic, and their halogenated, sulphonated, nitrated or nitrosated derivatives, other than diethyl ether",2909,6
VI,290920,"Ethers; cyclanic, cyclenic or cycloterpenic and their halogenated, sulphonated, nitrated or nitrosated derivatives",2909,6
VI,290930,"Ethers; aromatic, and their halogenated, sulphonated, nitrated or nitrosated derivatives",2909,6
VI,290941,"Ether-alcohols and their halogenated, sulphonated, nitrated or nitrosated derivatives; 2,2-oxydiethanol (diethylene glycol, digol)",2909,6
VI,290943,"Ether-alcohols and their halogenated, sulphonated, nitrated or nitrosated derivatives; monobutyl ethers of ethylene glycol or of diethylene glycol",2909,6
VI,290944,"Ether-alcohols and their halogenated, sulphonated, nitrated or nitrosated derivatives; monoalkylethers of ethylene glycol or of diethylene glycol n.e.c. in heading no. 2909",2909,6
VI,290949,"Ether-alcohols and their halogenated, sulphonated, nitrated or nitrosated derivatives; n.e.c. in item no. 2909.4",2909,6
VI,290950,"Ether-phenols, ether-alcohol-phenols and their halogenated, sulphonated, nitrated or nitrosated derivatives",2909,6
VI,290960,"Alcohol peroxides, ether peroxides, acetal and hemiacetal peroxides, ketone peroxides and their halogenated, sulphonated, nitrated or nitrosated derivatives",2909,6
VI,2910,"Epoxides, epoxyalcohols, epoxyphenols and epoxyethers; with a three-membered ring and their halogenated, sulphonated, nitrated or nitrosated derivatives",29,4
VI,291010,"Epoxides, epoxyalcohols, epoxyphenols and epoxyethers; with a three-membered ring and their halogenated, sulphonated, nitrated or nitrosated derivatives; oxirane (ethylene oxide)",2910,6
VI,291020,"Epoxides, epoxyalcohols, epoxyphenols and epoxyethers; with a three-membered ring and their halogenated, sulphonated, nitrated or nitrosated derivatives, methyloxirane (propylene oxide)",2910,6
VI,291030,"Epoxides, epoxyalcohols, epoxyphenols and epoxyethers; with a three-membered ring and their halogenated, sulphonated, nitrated or nitrosated derivatives, 1-chloro-2,3-epoxypropane (epichlorohydrin)",2910,6
VI,291040,"Epoxides, epoxyalcohols, epoxyphenols and epoxyethers; with a three-membered ring and their halogenated, sulphonated, nitrated or nitrosated derivatives, dieldrin (ISO, INN)",2910,6
VI,291050,"Epoxides, epoxyalcohols, epoxyphenols and epoxyethers; with a three-membered ring and their halogenated, sulphonated, nitrated or nitrosated derivatives, endrin (ISO)",2910,6
VI,291090,"Epoxides, epoxyalcohols, epoxyphenols and epoxyethers; with a three-membered ring and their halogenated, sulphonated, nitrated or nitrosated derivatives, n.e.c. in heading no. 2910",2910,6
VI,2911,"Acetals and hemiacetals; whether or not with other oxygen function, and their halogenated, sulphonated, nitrated or nitrostated derivatives",29,4
VI,291100,"Acetals and hemiacetals; whether or not with other oxygen function, and their halogenated, sulphonated, nitrated or nitrosated derivatives",2911,6
VI,2912,"Aldehydes, whether or not with other oxygen function; cyclic polymers of aldehydes; paraformaldehyde",29,4
VI,291211,"Aldehydes; acyclic, without other oxygen function, methanal (formaldehyde)",2912,6
VI,291212,"Aldehydes; acyclic, without other oxygen function, ethanal (acetaldehyde)",2912,6
VI,291219,"Aldehydes; acyclic, without other oxygen function, n.e.c. in item no. 2912.1",2912,6
VI,291221,"Aldehydes; cyclic, without other oxygen function, benzaldehyde",2912,6
VI,291229,"Aldehydes; cyclic, without other oxygen function, other than benzaldehyde",2912,6
VI,291241,"Aldehydes; aldehyde-ethers, aldehyde-phenols and aldehydes with other oxygen function, vanillin (4-hydroxy-3-methoxybenzaldehyde)",2912,6
VI,291242,"Aldehydes; aldehyde-ethers, aldehyde-phenols and aldehydes with other oxygen function, ethylvanillin (3-ethoxy-4-hydroxybenzaldehyde)",2912,6
VI,291249,"Aldehyde-alcohols, aldehyde-ethers, aldehyde-phenols and aldehydes with other oxygen function; other than vanillin (4-hydroxy-3-methoxybenzaldehyde) and ethylvanillin (3-ethoxy-4-hydroxybenzaldehyde)",2912,6
VI,291250,Aldehydes; cyclic polymers of aldehydes,2912,6
VI,291260,Paraformaldehyde,2912,6
VI,2913,"Aldehydes; halogenated, sulphonated, nitrated or nitrosated derivatives of products of heading no. 2912",29,4
VI,291300,"Aldehydes; halogenated, sulphonated, nitrated or nitrosated derivatives of products of heading no. 2912",2913,6
VI,2914,"Ketones and quinones; whether or not with other oxygen function, and their halogenated, sulphonated, nitrated or nitrostated derivatives",29,4
VI,291411,"Ketones; acyclic, without other oxygen function, acetone",2914,6
VI,291412,"Ketones; acyclic, without other oxygen function, butanone (methyl ethyl ketone)",2914,6
VI,291413,"Ketones; acyclic, without other oxygen function, 4-methylpentan-2-one (methyl isobutyl ketone)",2914,6
VI,291419,"Ketones; acyclic, without other oxygen function, n.e.c. in item no. 2914.1",2914,6
VI,291422,"Ketones; cyclanic, cyclenic or cycloterpenic, without other oxygen function, cyclohexanone and methylcyclohexanones",2914,6
VI,291423,"Ketones; cyclanic, cyclenic or cycloterpenic, without other oxygen function, ionones and methylionones",2914,6
VI,291429,"Ketones; cyclanic, cyclenic or cycloterpenic, without other oxygen function, other than cyclohexanone, methylcyclohexanones, ionones, and methylionones",2914,6
VI,291431,"Ketones; aromatic, (without other oxygen function), phenylacetone (phenylpropan-2-one)",2914,6
VI,291439,"Ketones; aromatic, (without other oxygen function), excluding phenylacetone (phenylpropan-2-one)",2914,6
VI,291440,Ketone-alcohols and ketone-aldehydes,2914,6
VI,291450,Ketone-phenols and ketones with other oxygen function,2914,6
VI,291461,Quinones; anthraquinone,2914,6
VI,291462,Quinones; coenzyme Q10 (ubidecarenone (INN)),2914,6
VI,291469,Quinones; other than anthraquinone and coenzyme Q10 (ubidecarenone (INN)),2914,6
VI,291471,"Ketones and quinones; halogenated, sulphonated, nitrated or nitrosated derivatives; chlordecone (ISO)",2914,6
VI,291479,"Ketones and quinones; halogenated, sulphonated, nitrated or nitrosated derivatives, other than chlordecone (ISO)",2914,6
VI,2915,"Acids; saturated acyclic monocarboxylic acids and their anhydrides, halides, peroxides and peroxyacids; their halogenated, sulphonated, nitrated or nitrosated derivatives",29,4
VI,291511,Acids; saturated acyclic monocarboxylic acids; formic acid,2915,6
VI,291512,Acids; saturated acyclic monocarboxylic acids; salts of formic acids,2915,6
VI,291513,Acids; saturated acyclic monocarboxylic acids; esters of formic acid,2915,6
VI,291521,Acids; saturated acyclic monocarboxylic acids; acetic acid,2915,6
VI,291524,Acids; saturated acyclic monocarboxylic acids; acetic anhydride,2915,6
VI,291529,Acids; saturated acyclic monocarboxylic acids; acetic acid and its salts n.e.c. in item no. 2915.2,2915,6
VI,291531,Acids; saturated acyclic monocarboxylic acids; ethyl acetate,2915,6
VI,291532,Acids; saturated acyclic monocarboxylic acids; vinyl acetate,2915,6
VI,291533,Acids; saturated acyclic monocarboxylic acids; n-butyl acetate,2915,6
VI,291536,Acids; saturated acyclic monocarboxylic acids; dinoseb (ISO) acetate,2915,6
VI,291539,Acids; saturated acyclic monocarboxylic acids; esters of acetic acid n.e.c. in item no. 2915.3,2915,6
VI,291540,"Acids; saturated acyclic monocarboxylic acids; mono-, di- or trichloroacetic acids, their salts and esters",2915,6
VI,291550,"Acids; saturated acyclic monocarboxylic acids; propionic acid, its salts and esters",2915,6
VI,291560,"Acids; saturated acyclic monocarboxylic acids; butanoic acids, pentanoic acids, their salts and esters",2915,6
VI,291570,"Acids; saturated acyclic monocarboxylic acids; palmitic acid, stearic acid, their salts and esters",2915,6
VI,291590,"Acids; saturated acyclic monocarboxylic acids; anhydrides, halides, peroxides, peroxyacids and halogenated, sulphonated, nitrated or nitrosated derivatives, n.e.c. in heading no. 2915",2915,6
VI,2916,"Acids; unsaturated acyclic monocarboxylic, cyclic monocarboxylic, their anhydrides, halides, peroxides and peroxyacids; their halogenated, sulphonated, nitrated or nitrosated derivatives",29,4
VI,291611,Acids; unsaturated acyclic monocarboxylic acids; acrylic acid and its salts,2916,6
VI,291612,Acids; unsaturated acyclic monocarboxylic acids; esters of acrylic acid,2916,6
VI,291613,Acids; unsaturated acyclic monocarboxylic acids; methacrylic acid and its salts,2916,6
VI,291614,Acids; unsaturated acyclic monocarboxylic acids; esters of methacrylic acid,2916,6
VI,291615,"Acids; unsaturated acyclic monocarboxylic acids; oleic, linoleic or linolenic acids, their salts and esters",2916,6
VI,291616,"Acids; unsaturated acyclic monocarboxylic, cyclic monocarboxylic, their anhydrides, halides, peroxides and peroxyacids; their halogenated, sulphonated, nitrated or nitrosated derivatives, binapacryl (ISO)",2916,6
VI,291619,"Acids; unsaturated acyclic monocarboxylic, cyclic monocarboxylic, their anhydrides, halides, peroxides and peroxyacids; their halogenated, sulphonated, nitrated or nitrosated derivatives, n.e.c. in item no. 2916.1",2916,6
VI,291620,"Acids; cyclanic, cyclenic or cycloterpenic monocarboxylic acids, their anhydrides, halides, peroxides, peroxyacids and their derivatives",2916,6
VI,291631,"Acids; aromatic monocarboxylic acids, benzoic acid, its salts and esters",2916,6
VI,291632,"Acids; aromatic monocarboxylic acids, benzoyl peroxide and benzoyl chloride",2916,6
VI,291634,"Acids; aromatic monocarboxylic acids, phenylacetic acid and its salts",2916,6
VI,291639,"Acids; aromatic monocarboxylic acids, and their anhydrides, halides, peroxides, peroxyacids and their derivatives, other than benzoic acid, its salts and esters, benzoyl peroxide and benzoyl chloride, phenylacetic acid and its salts",2916,6
VI,2917,"Acids; polycarboxylic acids, their anhydrides, halides, peroxides and peroxy-acids; their halogenated, sulphonated, nitrated or nitrosated derivatives",29,4
VI,291711,"Acids; acyclic polycarboxylic acids; oxalic acid, its salts and esters",2917,6
VI,291712,"Acids; acyclic polycarboxylic acids; adipic acid, its salts and esters",2917,6
VI,291713,"Acids; acyclic polycarboxylic acids; azelaic acid, sebacic acid, their salts and esters",2917,6
VI,291714,Acids; acyclic polycarboxylic acids; maleic anhydride,2917,6
VI,291719,Acids; acyclic polycarboxylic acids; n.e.c. in item no. 2917.1,2917,6
VI,291720,"Acids; cyclanic, cyclenic or cycloterpenic polycarboxylic acids, their anhydrides, halides, peroxides, peroxyacids and derivatives",2917,6
VI,291732,Acids; aromatic polycarboxylic acids; dioctyl orthophthalates,2917,6
VI,291733,Acids; aromatic polycarboxylic acids; dinonyl or didecyl orthophthalates,2917,6
VI,291734,Acids; aromatic polycarboxylic acids; other esters of orthophthalic acids,2917,6
VI,291735,Acids; aromatic polycarboxylic acids; phthalic anhydride,2917,6
VI,291736,Acids; aromatic polycarboxylic acids; terephthalic acid and its salts,2917,6
VI,291737,Acids; aromatic polycarboxylic acids; dimethyl terephthalate,2917,6
VI,291739,Acids; aromatic polycarboxylic acids; n.e.c. in item no. 2917.3,2917,6
VI,2918,"Acids; carboxylic acid with additional oxygen function and their anhydrides, halides, peroxides, peroxyacids; their halogenated, sulphonated, nitrated or nitrosated derivatives",29,4
VI,291811,"Acids; carboxylic acids, (with alcohol function but without other oxygen function), lactic acid, its salts and esters",2918,6
VI,291812,"Acids; carboxylic acids, (with alcohol function but without other oxygen function), tartaric acid",2918,6
VI,291813,"Acids; carboxylic acids, (with alcohol function but without other oxygen function); salts and esters of tartaric acid",2918,6
VI,291814,"Acids; carboxylic acids, (with alcohol function but without other oxygen function), citric acid",2918,6
VI,291815,"Acids; carboxylic acids, (with alcohol function but without other oxygen function), salts and esters of citric acid",2918,6
VI,291816,"Acids; carboxylic acids, (with alcohol function but without other oxygen function), gluconic acid, its salts and esters",2918,6
VI,291817,"Acids; carboxylic acids, (with alcohol function but without other oxygen function), 2,2-Diphenyl-2-hydroxyacetic acid (benzilic acid)",2918,6
VI,291818,"Acids; carboxylic acids, (with alcohol function but without other oxygen function), chlorobenzilate (ISO)",2918,6
VI,291819,"Acids; carboxylic acids, (with alcohol function but without other oxygen function), other than lactic, tartaric, citric, and gluconic acids and their salts and esters",2918,6
VI,291821,"Acids; carboxylic acids, (with phenol function but without other oxygen function), salicylic acid and its salts",2918,6
VI,291822,"Acids; carboxylic acids, (with phenol function but without other oxygen function), o-acetylsalicylic acid, its salts and esters",2918,6
VI,291823,"Acids; carboxylic acids, (with phenol function but without other oxygen function), other esters of salicylic acid and its salts n.e.c. in item no. 2918.2",2918,6
VI,291829,"Acids; carboxylic acids, (with phenol function but without other oxygen function), their anhydrides, halides, peroxides, peroxyacids and their derivatives, n.e.c. in item no. 2918.2",2918,6
VI,291830,"Acids; carboxylic acids, (with aldehyde or ketone function but without other oxygen function), their anhydrides, halides, peroxides, peroxyacids and their derivatives",2918,6
VI,291891,"Acids; carboxylic acids, with additional oxygen function (not alcohol, phenol, aldehyde or ketone) and their anhydrides, halides, peroxides and peroxyacids; 2,4,5-T (ISO) (2,4,5-trichlorophenoxyacetic acid), its salts and esters",2918,6
VI,291899,"Acids; carboxylic acids, with additional oxygen function (not alcohol, phenol, aldehyde or ketone) and their anhydrides, halides, peroxides and peroxyacids; their halogenated, sulphonated, nitrated or nitrosated derivatives; other than 2,4,5-T (ISO)",2918,6
VI,2919,"Esters; phosphoric, and their salts, including lactophosphates, their halogenated, sulphonated, nitrated or nitrosated derivatives",29,4
VI,291910,"Esters; phosphoric, and their salts, including lactophosphates, their halogenated, sulphonated, nitrated or nitrosated derivatives; tris(2,3-dibromopropyl) phosphate",2919,6
VI,291990,"Esters; phosphoric, and their salts, including lactophosphates, their halogenated, sulphonated, nitrated or nitrosated derivatives; other than tris(2,3-dibromopropyl) phosphate",2919,6
VI,2920,"Esters of other inorganic acids of non-metals (other than of hydrogen halides) and their salts, their halogenated, sulphonated, nitrated or nitrosated derivatives",29,4
VI,292011,"Esters; thiophosphoric esters (phosphorothioates) and their salts, their halogenated, sulphonated, nitrated or nitrosated derivatives, parathion (ISO) and parathion-methyl (ISO) (methyl-parathion)",2920,6
VI,292019,Esters; thiophosphoric esters (phosphorothioates) and their salts; other than parathion (ISO) and parathion-methyl (ISO) (methyl-parathion),2920,6
VI,292021,"Esters; phosphite esters and their salts; their halogenated, sulphonated, nitrated or nitrosated derivatives, dimethyl phosphite",2920,6
VI,292022,"Esters; phosphite esters and their salts; their halogenated, sulphonated, nitrated or nitrosated derivatives, diethyl phosphite",2920,6
VI,292023,"Esters; phosphite esters and their salts; their halogenated, sulphonated, nitrated or nitrosated derivatives, trimethyl phosphite",2920,6
VI,292024,"Esters; phosphite esters and their salts; their halogenated, sulphonated, nitrated or nitrosated derivatives, triethyl phosphite",2920,6
VI,292029,"Esters; phosphite esters and their salts; their halogenated, sulphonated, nitrated or nitrosated derivatives, n.e.c. in heading no. 2920",2920,6
VI,292030,"Esters; of other inorganic acids of non-metals (excluding esters of hydrogen halides) and their salts; their halogenated, sulphonated, nitrated or nitrosated derivatives, endosulfan (ISO)",2920,6
VI,292090,"Esters; other than thiophosphoric esters (phosphorothioates) and phosphite esters and their salts, their halogenated, sulphonated, nitrated or nitrosated derivatives, n.e.c. in heading no. 2920",2920,6
VI,2921,Amine-function compounds,29,4
VI,292111,"Amine-function compounds; acyclic monoamines and their derivatives, methylamine, di- or trimethylamine and their salts",2921,6
VI,292112,"Amine-function compounds; acyclic monoamines and their derivatives, and salts thereof, 2-(N,N-Dimethylamino)ethylchloride hydrochloride",2921,6
VI,292113,"Amine-function compounds; acyclic monoamines and their derivatives, and salts thereof, 2-(N,N-Diethylamino)ethylchloride hydrochloride",2921,6
VI,292114,"Amine-function compounds; acyclic monoamines and their derivatives, and salts thereof, 2-(N,N-Diisopropylamino)ethylchloride hydrochloride",2921,6
VI,292119,"Amine-function compounds; acyclic monoamines and their derivatives, and salts thereof, n.e.c. in item no. 2921.1",2921,6
VI,292121,"Amine-function compounds; acyclic polyamines and their derivatives, ethylenediamine and its salts",2921,6
VI,292122,"Amine-function compounds; acyclic polyamines and their derivatives, hexamethylenediamine and its salts",2921,6
VI,292129,"Amine-function compounds; acyclic polyamines and their derivatives, and salts thereof, n.e.c. in item no. 2921.2",2921,6
VI,292130,"Amine-function compounds; cyclanic, cyclenic or cycloterpenic mono- or polyamines and their derivatives; salts thereof",2921,6
VI,292141,"Amine-function compounds; aromatic monoamines and their derivatives, aniline and its salts",2921,6
VI,292142,"Amine-function-compounds; aromatic monoamines and their derivatives, aniline derivatives and their salts",2921,6
VI,292143,"Amine-function compounds; aromatic monoamines and their derivatives, toluidines and their derivatives; salts thereof",2921,6
VI,292144,"Amine-function compounds; aromatic monoamines and their derivatives, diphenylamine and its derivatives; salts thereof",2921,6
VI,292145,"Amine-function compounds; aromatic monoamines and their derivatives; 1-naphthylamine (alpha-naphthylamine), 2-naphthylamine (beta-naphthaylamine) and their derivatives; salts thereof",2921,6
VI,292146,"Amine-function compounds; aromatic monoamines and derivatives; amfetamine (INN), benzfetamine (INN), dexamfetamine (INN), etilamfetamine (INN), fencamfamin (INN), lefetamine (INN), levamfetamine (INN), mefenorex (INN) and phentermine (INN); salts thereof",2921,6
VI,292149,Amine-function compounds; aromatic monoamines and their derivatives; salts thereof; n.e.c. in item no. 2921.4,2921,6
VI,292151,"Amine-function compounds; aromatic amines and their derivatives; o-, m-, p-phenylenediamine, diaminotoluenes and their derivatives; salts thereof",2921,6
VI,292159,"Amine-function compounds; aromatic polyamines and their derivatives, other than item no. 2921.51",2921,6
VI,2922,Oxygen-function amino-compounds,29,4
VI,292211,"Amino-alcohols, other than those containing more than one kind of oxygen function; their ethers and esters; salts thereof, monoethanolamine and its salts",2922,6
VI,292212,"Amino-alcohols, other than those containing more than one kind of oxygen function; their ethers and esters; salts thereof, diethanolamine and its salts",2922,6
VI,292214,"Amino-alcohols, other than those containing more than one kind of oxygen function; their ethers and esters; salts thereof; dextropropoxyphene (INN) and its salts",2922,6
VI,292215,"Amino-alcohols, other than those containing more than one kind of oxygen function; their ethers and esters; salts thereof, triethanolamine",2922,6
VI,292216,"Amino-alcohols, other than those containing more than one kind of oxygen function; their ethers and esters; salts thereof, Diethanolammonium perfluorooctane sulphonate",2922,6
VI,292217,"Amino-alcohols, other than those containing more than one kind of oxygen function; their ethers and esters; salts thereof, Methyldiethanolamine and ethyldiethanolamine",2922,6
VI,292218,"Amino-alcohols, other than those containing more than one kind of oxygen function; their ethers and esters; salts thereof, 2-(N,N- Diisopropylamino)ethanol",2922,6
VI,292219,"Amino-alcohols, other than those containing more than one kind of oxygen function, their ethers and esters; salts thereof, n.e.c. in item no. 2922.1",2922,6
VI,292221,"Amino-naphthols and other amino-phenols, other than those containing more than one kind of oxygen function; their ethers and esters; salts thereof, aminohydroxynaphthalenesulphonic acids and their salts",2922,6
VI,292229,"Amino-naphthols and other amino-phenols, other than those containing more than one kind of oxygen function, their ethers and esters; salts thereof n.e.c. in item no. 2922.2",2922,6
VI,292231,"Amino-aldehydes, amino-ketones and amino-quinones; other than those containing more than one kind of oxygen function, salts thereof",2922,6
VI,292239,"Amino-aldehydes, amino-ketones and amino-quinones; other than those containing more than one kind of oxygen function; salts thereof, excluding amfepramone (INN), methadone (INN), and normethadone (INN) and salts thereof",2922,6
VI,292241,"Amino-acids, other than those containing more than one kind of oxygen function, and their esters; lysine and its esters; salts thereof",2922,6
VI,292242,"Amino-acids, other than those containing more than one kind of oxygen function, and their esters; glutamic acid and its esters; salts thereof",2922,6
VI,292243,"Amino-acids, other than those containing more than one kind of oxygen function, and their esters; anthranilic acid and its esters; salts thereof",2922,6
VI,292244,"Amino-acids, other than those containing more than one kind of oxygen function, and their esters; tilidine (INN) and its esters; salts thereof",2922,6
VI,292249,"Amino-acids, other than those containing more than one kind of oxygen function, their esters; salts thereof, excluding lysine, glutamic acid, anthranalic acid and tilidine, their esters and salts thereof",2922,6
VI,292250,"Amino-alcohol-phenols, amino-acid-phenols and other amino-compounds with oxygen function",2922,6
VI,2923,"Quaternary ammonium salts and hydroxides; lecithins and other phosphoaminolipids, whether or not chemically defined",29,4
VI,292310,"Quaternary ammonium salts and hydroxides; choline and its salts, whether or not chemically defined",2923,6
VI,292320,"Lecithins and other phosphoaminolipids, whether or not chemically defined",2923,6
VI,292330,"Quaternary ammonium salts and hydroxides; tetraethylammonium perfluorooctane sulphonate, whether or not chemically defined",2923,6
VI,292340,"Quaternary ammonium salts and hydroxides; didecyldimethylammonium perfluorooctane sulphonate, whether or not chemically defined",2923,6
VI,292390,Quaternary ammonium salts and hydroxides; whether or not chemically defined n.e.c. in heading no. 2923,2923,6
VI,2924,Carboxyamide-function compounds; amide-function compounds of carbonic acid,29,4
VI,292411,Acyclic amides (including acyclic carbamates) and their derivatives; salts thereof; meprobamate (INN),2924,6
VI,292412,"Acyclic amides (including acyclic carbamates) and their derivatives; salts thereof; fluoroacetamide (ISO), monocrotophos (ISO) and phosphamidon (ISO)",2924,6
VI,292419,"Acyclic amides (including acyclic carbamates) and their derivatives; salts thereof, other than meprobamate (INN), fluoroacetamide (ISO), monocrotophos (ISO) or phosphamidon (ISO)",2924,6
VI,292421,"Cyclic amides (including cyclic carbamates) and their derivatives, ureines and their derivatives; salts thereof",2924,6
VI,292423,Cyclic amides (including cyclic carbamates) and their derivatives; 2-acetamidobenzoic acid (N-acetylanthranillic acid) and its salts,2924,6
VI,292424,Cyclic amides (including cyclic carbamates) and their derivatives; ethinamate and its salts,2924,6
VI,292425,Cyclic amides (including cyclic carbamates) and their derivatives; alachlor (ISO) and its salts,2924,6
VI,292429,"Cyclic amides (including cyclic carbamates) and their derivatives; other than the derivatives and salts of ureines, 2-acetamidobenzoic acid (N-acetylanthancillic acid),ethinamate S, and alachlor (ISO) and their derivatives and salts",2924,6
VI,2925,Carboxyimide-function compounds (including saccharin and its salts) and imine-function compounds,29,4
VI,292511,Imides and their derivatives; saccharin and its salts,2925,6
VI,292512,Imides and their derivatives; glutethimide (INN),2925,6
VI,292519,Imides and their derivatives; other than saccharin and glutethimide (INN),2925,6
VI,292521,Imines and their derivatives; salts thereof; chlordimeform (ISO),2925,6
VI,292529,Imines and their derivatives; salts thereof; other than chlordimeform (ISO),2925,6
VI,2926,Nitrile-function compounds,29,4
VI,292610,Nitrile-function compounds; acrylonitrile,2926,6
VI,292620,Nitrile-function compounds; 1-cyanoguanidine (dicyandiamide),2926,6
VI,292630,"Nitrile-function compounds; fenproporex (INN) and its salts; methadone (INN) intermediate (4-cyano-2-dimethylamino-4,4-diphenylbutane)",2926,6
VI,292640,Nitrile-function compounds; alpha-phenylacetoacetonitrile,2926,6
VI,292690,Nitrile-function compounds; n.e.c. heading no. 2926,2926,6
VI,2927,"Diazo-, azo- or azoxy-compounds",29,4
VI,292700,"Diazo-, azo- or azoxy compounds",2927,6
VI,2928,Organic derivatives of hydrazine or of hydroxylamine,29,4
VI,292800,Organic derivatives of hydrazine or of hydroxylamine,2928,6
VI,2929,"Nitrogen-function compounds, n.e.c. in chapter 29",29,4
VI,292910,"Nitrogen-function compounds; n.e.c. in chapter 29, isocyanates",2929,6
VI,292990,"Nitrogen-function compounds; n.e.c. in chapter 29, excluding isocyanates",2929,6
VI,2930,Organo-sulphur compounds,29,4
VI,293010,"Organo-sulphur compounds; 2-(N,N-Diethylamino) ethanethiol",2930,6
VI,293020,Organo-sulphur compounds; thiocarbamates and dithiocarbamates,2930,6
VI,293030,"Organo-sulphur compounds; thiuram mono-, di- or tetrasulphides",2930,6
VI,293040,Organo-sulphur compounds; methionine,2930,6
VI,293060,"Organo-sulphur compounds; 2-(N,N-Diethylamino)ethanethiol",2930,6
VI,293070,Organo-sulphur compounds; bis(2-hydroxyethyl)sulfide (thiodiglycol (INN)),2930,6
VI,293080,"Organo-sulphur compounds; aldicarb (ISO), captafol (ISO) and methamidophos (ISO)",2930,6
VI,293090,Organo-sulphur compounds; n.e.c. in heading no. 2930,2930,6
VI,2931,Other organo-inorganic compounds,29,4
VI,293110,Organo-inorganic compounds; tetramethyl lead and tetraethyl lead,2931,6
VI,293120,Organo-inorganic compounds; tributyltin compounds,2931,6
VI,293141,Non-halogenated organo-phosphorous derivatives; dimethyl methylphosphonate,2931,6
VI,293142,Non-halogenated organo-phosphorous derivatives; dimethyl propylphosphonate,2931,6
VI,293143,Non-halogenated organo-phosphorous derivatives; diethyl ethylphosphonate,2931,6
VI,293144,Non-halogenated organo-phosphorous derivatives; methylphosphonic acid,2931,6
VI,293145,Non-halogenated organo-phosphorous derivatives; salt of methylphosphonic acid and (aminominomethyl) urea (1:1),2931,6
VI,293146,"Non-halogenated organo-phosphorous derivatives; 2,4,6-tripropyl-1,3,5,2,4,6-trioxatriphosphinane 2,4,6-trioxide",2931,6
VI,293147,"Non-halogenated organo-phosphorous derivatives; (5-ethyl-2-methyl-2-oxido-1,3,2-dioxaphosphinan-5-yl) methyl methyl methylphosphonate",2931,6
VI,293148,"Non-halogenated organo-phosphorous derivatives; 3,9-dimethyl-2,4,8,10-tetraoxa-3,9-diphosphaspiro[5.5] undecane 3,9-dioxide",2931,6
VI,293149,"Non-halogenated organo-phosphorous derivatives; other non-halogenated organo-phosphorous derivatives, n.e.c. in item no. 2931.4",2931,6
VI,293151,Halogenated organo-phosphorous derivatives; methylphosphonic dichloride,2931,6
VI,293152,Halogenated organo-phosphorous derivatives; propylphosphonic dichloride,2931,6
VI,293153,Halogenated organo-phosphorous derivatives; O-(3-chloropropyl) O-[4-nitro-3-(trifluoromethyl)phenyl] methylphosphonothionate,2931,6
VI,293154,Halogenated organo-phosphorous derivatives; trichlorfon (ISO),2931,6
VI,293159,"Halogenated organo-phosphorous derivatives; other halogenated organo-phosphorous derivatives, n.e.c. in item no. 2931.5",2931,6
VI,293190,"Organo-inorganic compounds; other than tetramethyl lead, tetraethyl lead, tributyltin compounds, and other organo-phosphorous derivatives",2931,6
VI,2932,Heterocyclic compounds with oxygen hetero-atom(s) only,29,4
VI,293211,"Heterocyclic compounds; with oxygen hetero-atom(s) only, containing an unfused furan ring (whether or not hydrogenated) in the structure, tetrahydrofuran",2932,6
VI,293212,"Heterocyclic compounds; with oxygen hetero-atom(s) only, containing an unfused furan ring (whether or not hydrogenated) in the structure, 2-furaldehyde (furfuraldehyde)",2932,6
VI,293213,"Heterocyclic compounds; with oxygen hetero-atom(s) only, containing an unfused furan ring (whether or not hydrogenated) in the structure, furfuryl alcohol and tetrahydrofurfuryl alcohol",2932,6
VI,293214,"Heterocyclic compounds; with oxygen hetero-atom(s) only, containing an unfused furan ring (whether or not hydrogenated) in the structure, sucralose",2932,6
VI,293219,"Heterocyclic compounds; with oxygen hetero-atom(s) only, containing an unfused furan ring (whether or not hydrogenated) in the structure, n.e.c. in item no. 2932.1",2932,6
VI,293220,"Heterocyclic compounds; with oxygen hetero-atom(s) only, containing an unfused furan ring (whether or not hydrogenated) in the structure, lactones",2932,6
VI,293291,"Heterocyclic compounds; with oxygen hetero-atom(s) only, (other than lactones or compounds containing an unfused furan ring (whether or not hydrogenated) in the structure), isosafrole",2932,6
VI,293292,"Heterocyclic compounds; with oxygen hetero-atom(s) only, (other than lactones or compounds containing an unfused furan ring (whether or not hydrogenated) in the structure), 1-(1,3-Benzodioxol-5-yl)propan-2-one",2932,6
VI,293293,"Heterocyclic compounds; with oxygen hetero-atom(s) only, (other than lactones or compounds containing an unfused furan ring (whether or not hydrogenated) in the structure), piperonal",2932,6
VI,293294,"Heterocyclic compounds; with oxygen hetero-atom(s) only, (other than lactones or compounds containing an unfused furan ring (whether or not hydrogenated) in the structure), safrole",2932,6
VI,293295,"Heterocyclic compounds; with oxygen hetero-atom(s) only, (other than lactones or compounds containing an unfused furan ring (whether or not hydrogenated) in the structure), tetrahydrocannabinols (all isomers)",2932,6
VI,293296,"Heterocyclic compounds; with oxygen hetero-atom(s) only, (other than lactones or compounds containing an unfused furan ring (whether or not hydrogenated) in the structure), carbofuran (ISO)",2932,6
VI,293299,"Heterocyclic compounds; with oxygen hetero-atom(s) only, no lactones or unfused furan rings in the structure, other than isosafrole, 1-(1,3-benzodiaxol-5-yl) propan-2-one, piperonal, safrole, tetrahydrocannabinols (all isomers), carbofuran (ISO)",2932,6
VI,2933,Heterocyclic compounds with nitrogen hetero-atom(s) only,29,4
VI,293311,"Heterocyclic compounds; with nitrogen hetero-atom(s) only, containing an unfused pyrazole ring (whether or not hydrogenated) in the structure, phenazone (antipyrin) and its derivatives",2933,6
VI,293319,"Heterocyclic compounds; with nitrogen hetero-atom(s) only, containing an unfused pyrazole ring (whether or not hydrogenated) in the structure, other than henazone (antipyrin) and its derivatives",2933,6
VI,293321,"Heterocyclic compounds; with nitrogen hetero-atom(s) only, containing an unfused imidazole ring (whether or not hydrogenated) in the structure, hydantoin and its derivatives",2933,6
VI,293329,"Heterocyclic compounds; with nitrogen hetero-atom(s) only, containing an unfused imidazole ring (whether or not hydrogenated) in the structure, other than hydantoin and its derivatives",2933,6
VI,293331,"Heterocyclic compounds; containing an unfused pyridine ring (whether or not hydrogenated) in the structure, pyridine and its salts",2933,6
VI,293332,"Heterocyclic compounds; containing an unfused pyridine ring (whether or not hydrogenated) in the structure, piperidine and its salts",2933,6
VI,293333,"Heterocyclic compounds; containing an unfused pyridine ring (whether or not hydrogenated) in the structure, alfentanil (INN), anileridine (INN), bezitramide (INN), bromazepam (INN), carfentanil (INN), difenoxin (INN), diphenoxylate (INN), dipipanone (INN)",2933,6
VI,293334,"Heterocyclic compounds; containing an unfused pyridine ring (whether or not hydrogenated) in the structure, other fentanyls and their derivatives",2933,6
VI,293335,"Heterocyclic compounds; containing an unfused pyridine ring (whether or not hydrogenated) in the structure, 3-quinuclidinol",2933,6
VI,293336,"Heterocyclic compounds; containing an unfused pyridine ring (whether or not hydrogenated) in the structure, 4-anilino-N-phenethylpiperidine (ANPP)",2933,6
VI,293337,"Heterocyclic compounds; containing an unfused pyridine ring (whether or not hydrogenated) in the structure, N-phenethyl-4-piperdone (NPP)",2933,6
VI,293339,"Heterocyclic compounds; containing an unfused pyridine ring (whether or not hydrogenated) in the structure, n.e.c. in 2933.3",2933,6
VI,293341,"Heterocyclic compounds; containing a quinoline or isoquinoline ring-system (whether or not hydrogenated) in the structure, not further fused, levorphanol (INN) and its salts",2933,6
VI,293349,"Heterocyclic compounds; containing a quinoline or isoquinoline ring-system (whether or not hydrogenated) in the structure, not further fused, other than levorphanol (INN) and its salts",2933,6
VI,293352,"Heterocyclic compounds; containing a pyrimidine ring (whether or not hydrogenated) or piperazine ring in the structure, malonylurea (barbituric acid) and its salts",2933,6
VI,293353,"Allobarbital (INN), amobarbital (INN), barbital (INN), butalbital (INN), butobarbital, cyclobarbital (INN), methylphenobarbital (INN), pentobarbital (INN), phenobarbital (INN), secbutabarbital (INN), secobarbital (INN) and vinylbital (INN); salts thereof",2933,6
VI,293354,"Heterocyclic compounds; containing a pyrimidine ring (whether or not hydrogenated) or piperazine ring in the structure, other derivatives of malonylurea (barbituric acid) and salts thereof, n.e.c. in 2933.53",2933,6
VI,293355,"Heterocyclic compounds; containing a pyrimidine ring (whether or not hydrogenated) or piperazine ring in the structure; loprazolam (INN), mecloqualone (INN), methaqualone (INN), and zipeprol (INN); salts thereof",2933,6
VI,293359,"Heterocyclic compounds; containing a pyrimidine ring (whether or not hydrogenated) or piperazine ring in the structure, (other than malonylurea and its derivatives, loprazolam, mecloqualone, methaqualone, zipeprol, and salts thereof) n.e.c. in 2933.5",2933,6
VI,293361,"Heterocyclic compounds; containing an unfused triazine ring (whether or not hydrogenated) in the structure, melamine",2933,6
VI,293369,"Heterocyclic compounds; containing an unfused triazine ring (whether or not hydrogenated) in the structure, others excluding melamine",2933,6
VI,293371,Heterocyclic compounds; lactams; 6-hexanelactam (epsilon-caprolactam),2933,6
VI,293372,Heterocyclic compounds; lactams; clobazam (INN) and methyprylon (INN),2933,6
VI,293379,Heterocyclic compounds; lactams; other than 6-hexanelactam (epsilon caprolactam) and clobazam (INN) and methyprylon (INN),2933,6
VI,293391,"Heterocyclic compounds; alprazolam (INN), camazepam (INN), chlordiazepoxide (INN), clonazepam (INN), clorazepate, delorazepam (INN), diazepam (INN), estazolam (INN), ethyl loflazepate (INN), fludiazepam (INN), flunitrazepam (INN), (cont)",2933,6
VI,293392,Heterocyclic compounds; azinphos-methyl (ISO),2933,6
VI,293399,Heterocyclic compounds; n.e.c. in headings no. 2933,2933,6
VI,2934,"Nucleic acids and their salts, whether or not chemically defined; other heterocyclic compounds",29,4
VI,293410,Heterocyclic compounds; containing an unfused thiazole ring (whether or not hydrogenated) in the structure,2934,6
VI,293420,"Heterocyclic compounds; containing in the structure, a benzothiazole ring-system (whether or not hydrogenated), not further fused",2934,6
VI,293430,"Heterocyclic compounds; containing in the structure, a phenothiazine ring-system (whether or not hydrogenated), not further fused",2934,6
VI,293491,"Heterocyclic compounds; other heterocyclic compounds, n.e.c. in 2934.1, 2934.2 and 2934.3",2934,6
VI,293492,"Heterocyclic compounds; other fentanyls n.e.c. in 2934, and their derivatives",2934,6
VI,293499,"Nucleic acids and their salts, other heterocyclic compounds, n.e.c. in heading number 2934",2934,6
VI,2935,Sulphonamides,29,4
VI,293510,Sulphonamides; N-methylperfluorooctane sulphonamide,2935,6
VI,293520,Sulphonamides; N-ethylperfluorooctane sulphonamide,2935,6
VI,293530,Sulphonamides; N-ethyl-N-(2-hydroxyethyl) perfluorooctane sulphonamide,2935,6
VI,293540,Sulphonamides; N-(2-hydroxyethyl)-N-methylperfluorooctane sulphonamide,2935,6
VI,293550,Sulphonamides; other perfluorooctane sulphonamides,2935,6
VI,293590,Sulphonamides; n.e.c. in heading no. 2935,2935,6
VI,2936,"Provitamins, vitamins; natural or reproduced by synthesis (including natural concentrates) derivatives thereof used as vitamins, and intermixtures of the fore-going, whether or not in any solvent",29,4
VI,293621,"Vitamins; vitamins A and their derivatives, unmixed",2936,6
VI,293622,"Vitamins; vitamin B1 and its derivatives, unmixed",2936,6
VI,293623,"Vitamins; vitamin B2 and its derivatives, unmixed",2936,6
VI,293624,"Vitamins; D- or DL-pantothenic acid (vitamin B5) and its derivatives, unmixed",2936,6
VI,293625,"Vitamins; vitamin B6 and its derivatives, unmixed",2936,6
VI,293626,"Vitamins; vitamin B12 and its derivatives, unmixed",2936,6
VI,293627,"Vitamins; vitamin C and its derivatives, unmixed",2936,6
VI,293628,"Vitamins; vitamin E and its derivatives, unmixed",2936,6
VI,293629,"Vitamins; n.e.c. in item no. 2936.2, and their derivatives, unmixed",2936,6
VI,293690,"Vitamins; n.e.c. in heading no. 2936, including natural concentrates",2936,6
VI,2937,"Hormones, prostaglandins, thromboxanes and leukotrienes, natural or reproduced by synthesis; derivatives and structural analogues thereof, including chain modified polypeptides, used primarily as hormones.",29,4
VI,293711,"Polypeptide hormones, protein hormones and glycoprotein hormones, their derivatives and structural analogues; somatotropin, its derivatives and structural analogues",2937,6
VI,293712,"Polypeptide hormones, protein hormones and glycoprotein hormones, their derivatives and structural analogues; insulin and its salts",2937,6
VI,293719,"Polypeptide hormones, protein hormones and glycoprotein hormones, their derivatives and structural analogues; other than somatotropin, (its derivatives and structural anaologues) and insulin and its salts",2937,6
VI,293721,"Steroidal hormones, their derivatives and structural analogues; cortisone, hydrocortisone, prednisone (dehydrocortisone) and prednisolone (dehydrohydrocortisone)",2937,6
VI,293722,"Steroidal hormones, their derivatives and structural analogues; halogenated derivatives of corticosteroidal hormones",2937,6
VI,293723,"Steroidal hormones, their derivatives and structural analogues; oestrogens and progestogens",2937,6
VI,293729,"Steroidal hormones, their derivatives and structural analogues; other than cortisone, hydrocortisone, prednisone (dehydrocortisone), prednisolone (dehydrohydrocortisone), halogenated derivatives of corticosteroidal hormones, oestrogen and progestogens",2937,6
VI,293750,"Prostaglandins, thromboxanes and leukotrienes, their derivatives and structural analogues",2937,6
VI,293790,"Hormones, prostaglandins, thromboxanes and leukotrienes, natural or reproduced by synthesis; derivatives and structural analogues thereof, including chain modified polypeptides, used primarily as hormones, n.e.c. in heading 2937",2937,6
VI,2938,"Glycosides, natural or reproduced by synthesis, and their salts, ethers, esters and other derivatives",29,4
VI,293810,Glycosides; rutoside (rutin) and its derivatives,2938,6
VI,293890,"Glycosides; natural or reproduced by synthesis, other than rutoside (rutin) and its derivatives",2938,6
VI,2939,"Alkaloids; natural or reproduced by synthesis, and their salts, ethers, esters and other derivatives",29,4
VI,293911,Alkaloids; of opium and their derivatives; salts thereof,2939,6
VI,293919,"Alkaloids; of opium and their derivatives; other than in 2939.11, salts thereof",2939,6
VI,293920,Alkaloids; of cinchona and their derivatives; salts thereof,2939,6
VI,293930,Alkaloids; caffeine and its salts,2939,6
VI,293941,Alkaloids; of ephedrine and their derivatives; salts thereof,2939,6
VI,293942,Alkaloids; of ephedrine and their derivatives; pseudoephedrine (INN) and its salts,2939,6
VI,293943,Alkaloids; of ephedrine and their derivatives; cathine (INN) and its salts,2939,6
VI,293944,Alkaloids; of ephedrine and their derivatives; norephedrine and its salts,2939,6
VI,293945,"Alkaloids; of ephedrine and their derivatives; levometamfetamine, metamfetamine (INN), metamefetamine racemate and their salts",2939,6
VI,293949,"Alkaloids; of ephedrine and their derivatives; other than ephedrine, pseudoephedrine (INN), norephedrine, cathine (INN), levometamfetamine, metamfetamine (INN), metamefetamine racemate and their salts",2939,6
VI,293951,"Alkaloids; theophylline and aminophylline (theophylline-ethylenediamine) and their derivatives; salts thereof, fenetylline (INN) and its salts",2939,6
VI,293959,"Alkaloids; theophylline and aminophylline (theophylline-ethylenediamine) and their derivatives; salts thereof, other than fenetylline",2939,6
VI,293961,"Alkaloids; of rye ergot and their derivatives, ergometrine (INN) and its salts",2939,6
VI,293962,"Alkaloids; of rye ergot and their derivatives, ergotamine (INN) and its salts",2939,6
VI,293963,"Alkaloids; of rye ergot and their derivatives, lysergic acid and its salts",2939,6
VI,293969,"Alkaloids; of rye ergot and their derivatives, salts thereof, n.e.c. in item no. 2939.6",2939,6
VI,293972,"Alkaloids; of vegetal origin, cocaine, ecgonine; salts, esters and other derivatives thereof",2939,6
VI,293979,"Alkaloids; of vegetal origin, other than cocaine, ecgonine; salts, esters and other derivatives; n.e.c. in heading no. 2939",2939,6
VI,293980,"Alkaloids; natural or reproduced by synthesis, and their salts, esters and other derivatives n.e.c. in heading no. 2939",2939,6
VI,2940,"Sugars, chemically pure, other than sucrose, lactose, maltose, glucose and fructose; sugar ethers, sugar acetals and sugar esters, and their salts, other than the products of heading 29.37, 29.38, or 29.39",29,4
VI,294000,"Sugars, chemically pure, other than sucrose, lactose, maltose, glucose and fructose; sugar ethers, sugar acetals and sugar esters, and their salts, other than the products of heading 29.37, 29.38, or 29.39",2940,6
VI,2941,Antibiotics,29,4
VI,294110,Antibiotics; penicillins and their derivatives with a penicillanic acid structure; salts thereof,2941,6
VI,294120,Antibiotics; streptomycins and their derivatives; salts thereof,2941,6
VI,294130,Antibiotics; tetracyclines and their derivatives; salts thereof,2941,6
VI,294140,Antibiotics; chloramphenicol and its derivatives; salts thereof,2941,6
VI,294150,Antibiotics; erythromycin and its derivatives; salts thereof,2941,6
VI,294190,Antibiotics; n.e.c. in heading no. 2941,2941,6
VI,2942,Organic compounds; n.e.c. in chapter 29,29,4
VI,294200,Organic compounds; n.e.c. in chapter 29,2942,6
VI,30,Pharmaceutical products,TOTAL,2
VI,3001,"Glands and other organs (extracts, secretions thereof) for organo-therapeutic uses, dried, powdered or not; heparin and its salts; other human or animal substances for therapeutic or prophylactic uses n.e.c.",30,4
VI,300120,"Glands and other organs; extracts of glands or other organs or of their secretions, for organo-therapeutic uses",3001,6
VI,300190,"Glands and other organs; heparin and its salts; other human or animal substances prepared for therapeutic or prophylactic uses, n.e.c. in heading 3001",3001,6
VI,3002,"Human blood; animal blood for therapeutic, prophylactic or diagnostic uses; antisera, other blood fractions, immunological products, modified or obtained by biotechnological processes; vaccines, toxins, cultures of micro-organisms (excluding yeasts) etc",30,4
VI,300212,"Blood, human or animal, antisera, other blood fractions and immunological products; antisera and other blood fractions",3002,6
VI,300213,"Blood, human or animal, antisera, other blood fractions and immunological products; immunological products, unmixed, not put up in measured doses or in forms or packings for retail sale",3002,6
VI,300214,"Blood, human or animal, antisera, other blood fractions and immunological products; immunological products, mixed, put up in measured doses or in forms or packings for retail sale",3002,6
VI,300215,"Blood, human or animal, antisera, other blood fractions and immunological products; immunological products, put up in measured doses or in forms or packings for retail sale",3002,6
VI,300241,"Vaccines, toxins, cultures of micro-organisms (excluding yeasts) and similar products; for human medicine",3002,6
VI,300242,"Vaccines, toxins, cultures of micro-organisms (excluding yeasts) and similar products; for veterinary medicine",3002,6
VI,300249,"Toxins, cultures of micro-organisms (excluding yeasts) and similar products; n.e.c. in item 3002.3",3002,6
VI,300251,"Cell cultures, whether or not modified; cell therapy products",3002,6
VI,300259,"Cell cultures, whether or not modified; other cell cultures not including cell therapy products",3002,6
VI,300290,"Toxins, cultures of micro-organisms (excluding yeasts) and similar products",3002,6
VI,3003,"Medicaments; (not goods of heading no. 3002, 3005 or 3006) of two or more constituents mixed together for therapeutic or prophylactic use not in measured doses or in forms or packings for retail sale",30,4
VI,300310,"Medicaments; containing penicillins, streptomycins or their derivatives, for therapeutic or prophylactic uses, (not in measured doses, not packaged for retail sale)",3003,6
VI,300320,"Medicaments; containing antibiotics other than penicillins, streptomycins and their derivatives, for therapeutic or prophylactic uses, (not in measured doses, not packaged for retail sale)",3003,6
VI,300331,"Medicaments; containing insulin, for therapeutic or prophylactic uses, not packaged for retail sale",3003,6
VI,300339,"Medicaments; containing hormones (excluding insulin), (but not containing antibiotics), for therapeutic or prophylactic uses, not packaged for retail sale",3003,6
VI,300341,"Medicaments; containing alkaloids or their derivatives, containing ephedrine or its salts, for therapeutic or prophylactic uses, (not packaged for retail sale)",3003,6
VI,300342,"Medicaments; containing alkaloids or their derivatives, containing pseudoephedrine (INN) or its salts, for therapeutic or prophylactic uses, (not packaged for retail sale)",3003,6
VI,300343,"Medicaments; containing alkaloids or their derivatives, containing norephedrine or its salts, for therapeutic or prophylactic uses, (not packaged for retail sale)",3003,6
VI,300349,"Medicaments; containing alkaloids or their derivatives; other than ephedrine, pseudoephedrine (INN) or norephedrine or their salts; for therapeutic or prophylactic uses, (not packaged for retail sale)",3003,6
VI,300360,"Medicaments; containing antimalarial active principles described in subheading note 2 to this chapter, for therapeutic or prophylactic uses, (not packaged for retail sale)",3003,6
VI,300390,"Medicaments; (not containing antibiotics, hormones, alkaloids or their derivatives), for therapeutic or prophylactic uses, (not packaged for retail sale)",3003,6
VI,3004,"Medicaments; (not goods of heading no. 3002, 3005 or 3006) consisting of mixed or unmixed products for therapeutic or prophylactic use, put up in measured doses (incl. those in the form of transdermal admin. systems) or packed for retail sale",30,4
VI,300410,"Medicaments; containing penicillins, streptomycins or their derivatives, for therapeutic or prophylactic uses, packaged for retail sale",3004,6
VI,300420,"Medicaments; containing antibiotics (other than penicillins, streptomycins or their derivatives), for therapeutic or prophylactic uses, packaged for retail sale",3004,6
VI,300431,"Medicaments; containing insulin, for therapeutic or prophylactic uses, packaged for retail sale",3004,6
VI,300432,"Medicaments; containing corticosteroid hormones, their derivatives or structural analogues (but not containing antibiotics), for therapeutic or prophylactic uses, packaged for retail sale",3004,6
VI,300439,"Medicaments; containing hormones (but not insulin), adrenal cortex hormones or antibiotics, for therapeutic or prophylactic uses, packaged for retail sale",3004,6
VI,300441,"Medicaments; containing alkaloids or their derivatives, containing ephedrine or its salts, for therapeutic or prophylactic uses, packaged for retail sale",3004,6
VI,300442,"Medicaments; containing alkaloids or their derivatives, containing pseudoephedrine (INN) or its salts, for therapeutic or prophylactic uses, packaged for retail sale",3004,6
VI,300443,"Medicaments; containing alkaloids or their derivatives, containing norephedrine or its salts, for therapeutic or prophylactic uses, packaged for retail sale",3004,6
VI,300449,"Medicaments; containing alkaloids or their derivatives; other than ephedrine, pseudoephedrine (INN) or norephedrine or their salts; for therapeutic or prophylactic uses, packaged for retail sale",3004,6
VI,300450,"Medicaments; containing vitamins or their derivatives, for therapeutic or prophylactic use, packaged for retail sale",3004,6
VI,300460,"Medicaments; containing antimalarial active principles described in Subheading Note 2 to this Chapter, for therapeutic or prophylactic uses, packaged for retail sale",3004,6
VI,300490,"Medicaments; consisting of mixed or unmixed products n.e.c. in heading no. 3004, for therapeutic or prophylactic uses, packaged for retail sale",3004,6
VI,3005,"Wadding, gauze, bandages (dressings, adhesive plasters, poultices), impregnated or coated with pharmaceutical substances or in forms or packings for retail sale, for medical, surgical or veterinary use",30,4
VI,300510,"Dressings, adhesive; and other articles having an adhesive layer, packed for retail sale for medical, surgical, dental or veterinary purposes",3005,6
VI,300590,"Wadding, gauze, bandages and similar articles; (excluding adhesive dressings), impregnated or coated with pharmaceutical substances, packaged for retail sale",3005,6
VI,3006,Pharmaceutical goods,30,4
VI,300610,"Pharmaceutical goods; sterile surgical catgut, suture materials, tissue adhesives, laminaria, laminaria tents, absorbable surgical or dental haemostatics, and surgical or dental adhesion barriers",3006,6
VI,300630,"Pharmaceutical goods; opacifying preparations for x-ray examinations, diagnostic reagents designed to be administered to the patient",3006,6
VI,300640,"Pharmaceutical goods; dental cements and other dental fillings, bone reconstruction cements",3006,6
VI,300650,Pharmaceutical goods; first aid boxes and kits,3006,6
VI,300660,"Pharmaceutical goods; chemical contraceptive preparations based on hormones, on other products of heading 2937 or on spermicides",3006,6
VI,300670,Pharmaceutical goods; Gel preparations designed to be used in human or veterinary medicine as a lubricant for parts of the body for surgical operations or physical examinations or as a coupling agent between the body and medical instruments,3006,6
VI,300691,Pharmaceutical goods; appliances identifiable for ostomy use,3006,6
VI,300692,Pharmaceutical goods; waste pharmaceuticals,3006,6
VI,300693,"Pharmaceutical goods; placebos and blinded (or double-blinded) clinical trial kits for a recognised clinical trial, put up in measured doses",3006,6
VI,31,Fertilizers,TOTAL,2
VI,3101,"Fertilizers; animal or vegetable, whether or not mixed together or chemically treated; fertilizers produced by the mixing or chemical treatment of animal or vegetable products",31,4
VI,310100,"Fertilizers, animal or vegetable; whether or not mixed together or chemically treated; fertilizers, produced by the mixing or chemical treatment of animal or vegetable products",3101,6
VI,3102,"Fertilizers; mineral or chemical, nitrogenous",31,4
VI,310210,"Fertilizers, mineral or chemical; nitrogenous, urea, whether or not in aqueous solution",3102,6
VI,310221,"Fertilizers, mineral or chemical; nitrogenous, ammonium sulphate",3102,6
VI,310229,"Fertilizers, mineral or chemical; nitrogenous, other than ammonium sulphate",3102,6
VI,310230,"Fertilizers, mineral or chemical; nitrogenous, ammonium nitrate, whether or not in aqueous solution",3102,6
VI,310240,"Fertilizers, mineral or chemical; ammonium nitrate with calcium carbonate or other inorganic non-fertilizing substances, mixtures thereof",3102,6
VI,310250,"Fertilizers, mineral or chemical; nitrogenous, sodium nitrate",3102,6
VI,310260,"Fertilizers, mineral or chemical; nitrogenous, double salts and mixtures of calcium nitrate and ammonium nitrate",3102,6
VI,310280,"Fertilizers, mineral or chemical; nitrogenous, mixtures of urea and ammonium nitrate in aqueous or ammoniacal solution",3102,6
VI,310290,"Fertilizers, mineral or chemical; nitrogenous, other kinds including mixtures not specified in the foregoing subheadings",3102,6
VI,3103,"Fertilizers; mineral or chemical, phosphatic",31,4
VI,310311,"Fertilizers, mineral or chemical; phosphatic, superphosphates, containing by weight 35% or more of diphosphorus pentaoxide (P2O5)",3103,6
VI,310319,"Fertilizers, mineral or chemical; phosphatic, superphosphates, other than containing by weight 35% or more of diphosphorus pentaoxide (P2O5)",3103,6
VI,310390,"Fertilizers, mineral or chemical; phosphatic, n.e.c. in heading no. 3103",3103,6
VI,3104,"Fertilizers; mineral or chemical, potassic",31,4
VI,310420,"Fertilizers, mineral or chemical; potassic, potassium chloride",3104,6
VI,310430,"Fertilizers, mineral or chemical; potassic, potassium sulphate",3104,6
VI,310490,"Fertilizers, mineral or chemical; potassic, n.e.c. in heading no. 3104",3104,6
VI,3105,"Fertilizers; mineral or chemical, containing 2 or 3 of the elements nitrogen, phosphorus, potassium; other fertilisers; goods of chapter 31 in tablets or packages of gross weight not exceeding 10kg",31,4
VI,310510,"Fertilizers, mineral or chemical; in tablets or similar forms or in packages of a gross weight not exceeding 10kg",3105,6
VI,310520,"Fertilizers, mineral or chemical; containing the three fertilizing elements nitrogen, phosphorus and potassium",3105,6
VI,310530,"Fertilizers, mineral or chemical; diammonium hydrogenorthophosphate (diammonium phosphate)",3105,6
VI,310540,"Fertilizers, mineral or chemical; ammonium dihydrogenorthophosphate (monoammonium phosphate) and mixtures thereof with diammonium hydrogenorthophosphate (diammonium phosphate)",3105,6
VI,310551,"Fertilizers, mineral or chemical; containing nitrates and phosphates",3105,6
VI,310559,"Fertilizers, mineral or chemical; containing the two fertilizing elements nitrogen and phosphorus, other than nitrates and phosphates",3105,6
VI,310560,"Fertilizers, mineral or chemical; containing the two fertilizing elements phosphorus and potassium",3105,6
VI,310590,"Fertilizers, mineral or chemical; n.e.c. in heading no. 3105",3105,6
VI,32,"Tanning or dyeing extracts; tannins and their derivatives; dyes, pigments and other colouring matter; paints, varnishes; putty, other mastics; inks",TOTAL,2
VI,3201,"Tanning extracts of vegetable origin; tannins and their salts, ethers, esters and other derivatives",32,4
VI,320110,Tanning extracts of vegetable origin; quebracho extract,3201,6
VI,320120,Tanning extracts of vegetable origin; wattle extract,3201,6
VI,320190,"Tanning extracts of vegetable origin; tannins and their salts, ethers, esters and other derivatives, (excluding quebracho or wattle extract)",3201,6
VI,3202,"Tanning substances; synthetic organic or inorganic tanning substances; tanning preparations, whether or not containing natural tanning substances, enzymatic preparations for pre-tanning",32,4
VI,320210,Tanning substances; synthetic organic tanning substances,3202,6
VI,320290,"Tanning substances; inorganic tanning substances; tanning preparations, whether or not containing natural tanning substances; enzymatic preparations for pre- tanning",3202,6
VI,3203,"Colouring matter of vegetable or animal origin (including dyeing extracts, not animal black); whether or not chemically defined; preparations based on colouring matter of vegetable or animal origin",32,4
VI,320300,"Colouring matter of vegetable or animal origin, including dyeing extracts not animal black, whether or not chemically defined; preparations based on colouring matter of vegetable or animal origin",3203,6
VI,3204,Synthetic organic colouring matter and preparations based thereon; synthetic organic products used as fluorescent brightening agents or as luminophores; whether or not chemically defined,32,4
VI,320411,Dyes; disperse dyes and preparations based thereon,3204,6
VI,320412,"Dyes; acid, whether or not premetallised and preparations based thereon, mordant dyes and preparations based thereon",3204,6
VI,320413,Dyes; basic dyes and preparations based thereon,3204,6
VI,320414,Dyes; direct dyes and preparations based thereon,3204,6
VI,320415,Dyes; vat dyes (including those usable in that state as pigments) and preparations based thereon,3204,6
VI,320416,Dyes; reactive dyes and preparations based thereon,3204,6
VI,320417,Dyes; pigments and preparations based thereon,3204,6
VI,320418,Dyes; carotenoid colouring matters and preparations based thereon,3204,6
VI,320419,"Dyes; n.e.c., including mixtures of colouring matter of two or more of those from item no. 3204.11 to 3204.19",3204,6
VI,320420,Dyes; synthetic organic products of a kind used as fluorescent brightening agents,3204,6
VI,320490,"Dyes; synthetic organic products n.e.c. in heading no. 3204 (e.g. of a kind used as luminophores), whether or not chemically defined",3204,6
VI,3205,Colour lakes; preparations based on colour lakes as specified in note 3 to this chapter,32,4
VI,320500,Colour lakes; preparations based on colour lakes as specified in note 3 to this chapter,3205,6
VI,3206,"Colouring matter and preparations thereof n.e.c. in heading no. 3203, 3204, 3205; inorganic products, kind used as luminophores whether or not chemically defined",32,4
VI,320611,"Colouring matter; pigments and preparations based on titanium dioxide, containing 80% or more by weight of titanium dioxide calculated on the dry matter",3206,6
VI,320619,"Colouring matter; pigments and preparations based on titanium dioxide, containing less than 80% by weight of titanium dioxide calculated on the dry weight",3206,6
VI,320620,Colouring matter; pigments and preparations based on chromium compounds,3206,6
VI,320641,Colouring matter; ultramarine and preparations based thereon,3206,6
VI,320642,Colouring matter; lithopone and other pigments and preparations based on zinc sulphide,3206,6
VI,320649,Colouring matter; other preparations n.e.c. in item no. 3206.4,3206,6
VI,320650,Colouring matter; inorganic products of a kind used as luminophores,3206,6
VI,3207,"Pigments, prepared; opacifiers, colours, vitrifiable enamels, glazes, engobes (slips), liquid lustres etc as used in the ceramic enamelling or glass industry; glass frit and powder, granules or flakes",32,4
VI,320710,"Pigments; prepared pigments, opacifiers, colours and similar preparations",3207,6
VI,320720,"Enamels and glazes; vitrifiable enamels and glazes, engobes (slips) and similar preparations",3207,6
VI,320730,Lustres; liquid lustres and similar preparations,3207,6
VI,320740,"Glass; glass frit and other glass, in the form of powder, granules or flakes",3207,6
VI,3208,"Paints, varnishes; (enamels and lacquers) based on synthetic polymers or chemically modified natural polymers, dispersed or dissolved in a non-aqueous medium",32,4
VI,320810,"Paints and varnishes; based on polyesters, dispersed or dissolved in a non-aqueous medium",3208,6
VI,320820,"Paints and varnishes; based on acrylic or vinyl polymers, dispersed or dissolved in a non-aqueous medium",3208,6
VI,320890,"Paints and varnishes; based on polymers n.e.c. in heading no. 3208, dispersed or dissolved in a non-aqueous medium",3208,6
VI,3209,"Paints and varnishes (including enamels and lacquers) based on synthetic or chemically modified natural polymers, dispersed or dissolved in an aqueous medium",32,4
VI,320910,"Paints and varnishes; based on acrylic or vinyl polymers, dispersed or dissolved in an aqueous medium",3209,6
VI,320990,"Paints and varnishes; (based on polymers other than acrylic or vinyl), dispersed or dissolved in an aqueous medium",3209,6
VI,3210,"Paints and varnishes (including enamels, lacquers and distempers), excluding those of heading no. 3209, prepared water pigments of a kind used for finishing leather",32,4
VI,321000,"Paints and varnishes; (including enamels, lacquers and distempers), prepared water pigments of a kind used for finishing leather",3210,6
VI,3211,Driers; prepared,32,4
VI,321100,Driers; prepared,3211,6
VI,3212,"Pigments (metallic powders and flakes) dispersed in non-aqueous media in liquid or paste form, as used in manufacture of paints (including enamels); stamping foils, dyes etc in forms, packing for retail sale",32,4
VI,321210,"Pigments; of a kind used in the manufacture of paints, stamping foils",3212,6
VI,321290,"Pigments; of a kind used in the manufacture of paints, other than stamping foils",3212,6
VI,3213,"Colours; artists, students, or signboard painters, modifying tints, amusement colours and the like; in tablets, tubes, jars, bottles, pan or in similar forms or packings",32,4
VI,321310,"Colours; in sets, of a kind used by artists, students or signboard painters",3213,6
VI,321390,"Colours; (other than in sets), of a kind used by artists, students or signboard painters",3213,6
VI,3214,"Glaziers' putty, grafting putty, resin cements, caulking compounds and other mastics; painters' fillings; non-refractory surfacing preparations for facades, indoor walls, floors, ceilings or the like",32,4
VI,321410,Mastics; painters' fillings,3214,6
VI,321490,Mastics; n.e.c. in heading no. 3214,3214,6
VI,3215,"Ink; printing, writing or drawing ink and other inks; whether or not concentrated or solid",32,4
VI,321511,"Ink; for printing, black, whether or not concentrated or solid",3215,6
VI,321519,"Ink; for printing, other than black, whether or not concentrated or solid",3215,6
VI,321590,"Ink; writing, drawing and other inks, n.e.c. in heading no. 3215, whether or not concentrated or solid",3215,6
VI,33,"Essential oils and resinoids; perfumery, cosmetic or toilet preparations",TOTAL,2
VI,3301,"Oils; essential (concretes, absolutes); concentrates thereof in fats, fixed oils, waxes or the like (obtained by enfleurage or maceration); aqueous distillates, solutions and terpenic by-products thereof; resinoids; extracted oleoresins",33,4
VI,330112,"Oils, essential; of orange (terpeneless or not), including concretes and absolutes",3301,6
VI,330113,"Oils, essential; of lemon (terpeneless or not), including concretes and absolutes",3301,6
VI,330119,"Oils, essential; of citrus fruits n.e.c. in heading no. 3301 (terpeneless or not), including concretes and absolutes",3301,6
VI,330124,"Oils, essential; of peppermint (Mentha piperita), terpeneless or not, including concretes and absolutes",3301,6
VI,330125,"Oils, essential; of mints (excluding peppermint), terpeneless or not, including concretes and absolutes",3301,6
VI,330129,"Oils, essential; n.e.c. in heading no. 3301 (terpeneless or not), including concretes and absolutes",3301,6
VI,330130,Resinoids,3301,6
VI,330190,"Oils, essential; concentrates in fats, fixed oils, waxes and the like, terpenic by-products, aqueous distillates and solutions, extracted oleoresins, n.e.c. in heading no. 3301",3301,6
VI,3302,"Odoriferous substances and mixtures (including alcoholic solutions) with a basis of one or more of these substances, of a kind used as raw materials in industry; other preparations based on odoriferous substances, of a kind used for beverage manufacture",33,4
VI,330210,Odoriferous substances and mixtures; of a kind used in the food or drink industries,3302,6
VI,330290,Odoriferous substances and mixtures; used as raw materials in industries other than the food or drink industries,3302,6
VI,3303,Perfumes and toilet waters,33,4
VI,330300,Perfumes and toilet waters,3303,6
VI,3304,"Cosmetic and toilet preparations; beauty, make-up and skin care preparations (excluding medicaments, including sunscreen or sun tan preparations), manicure or pedicure preparations",33,4
VI,330410,Cosmetic and toilet preparations; lip make-up,3304,6
VI,330420,Cosmetic and toilet preparations; eye make-up,3304,6
VI,330430,Cosmetic and toilet preparations; manicure or pedicure preparations,3304,6
VI,330491,"Cosmetic and toilet preparations; powders, whether or not compressed (excluding lip, eye, manicure or pedicure preparations)",3304,6
VI,330499,"Cosmetic and toilet preparations; n.e.c. in heading no. 3304, for the care of the skin (excluding medicaments, including sunscreen or sun tan preparations)",3304,6
VI,3305,Hair preparations; for use on the hair,33,4
VI,330510,Hair preparations; shampoos,3305,6
VI,330520,Hair preparations; for permanent waving or straightening,3305,6
VI,330530,Hair preparations; lacquers,3305,6
VI,330590,Hair preparations; n.e.c. in heading no. 3305,3305,6
VI,3306,"Oral or dental hygiene preparations; including fixative pastes and powders; yarn used to clean between the teeth (dental floss), in individual retail packages",33,4
VI,330610,Oral or dental hygiene preparations; dentifrices,3306,6
VI,330620,Oral or dental hygiene preparations; yarn used to clean between the teeth (dental floss),3306,6
VI,330690,Oral or dental hygiene preparations; other than dentifrices,3306,6
VI,3307,"Perfumery, cosmetic or toilet preparations; pre-shave, shaving, after-shave, bath preparations; personal deodorants and depilatories; room deodorisers, perfumed or not with disinfectant properties or not",33,4
VI,330710,"Perfumery, cosmetic or toilet preparations; pre-shave, shaving or after-shave preparations",3307,6
VI,330720,"Perfumery, cosmetic or toilet preparations; personal deodorants and antiperspirants",3307,6
VI,330730,"Perfumery, cosmetic or toilet preparations; perfumed bath salts and other bath preparations",3307,6
VI,330741,"Perfumes and deodorizers; perfuming or deodorizing preparations for rooms, agarbatti and other odoriferous preparations which operate by burning (including those used during religious rites)",3307,6
VI,330749,"Perfumes and deodorizers; perfuming or deodorizing preparations for rooms, (excluding those which operate by burning)",3307,6
VI,330790,Perfumes and deodorizers; perfuming or deodorizing preparations n.e.c. in heading no. 3307,3307,6
VI,34,"Soap, organic surface-active agents; washing, lubricating, polishing or scouring preparations; artificial or prepared waxes, candles and similar articles, modelling pastes, dental waxes and dental preparations with a basis of plaster",TOTAL,2
VI,3401,"Soap; organic surface-active preparations used as soap, skin washing, in bars, cakes, moulded pieces, shapes, liquid or cream, containing soap or not; for retail, paper, wadding, felt and nonwovens, impregnated, coated or covered with soap or detergent",34,4
VI,340111,"Soap and organic surface-active products; in the form of bars, cakes, moulded shapes, and paper, wadding, felt and nonwovens, impregnated, coated or covered with soap or detergent, for toilet use (including medicated products)",3401,6
VI,340119,"Soap and organic surface-active products; in the form of bars, cakes, moulded shapes, and paper, wadding, felt and nonwovens, impregnated, coated or covered with soap or detergent, not for toilet use",3401,6
VI,340120,Soap; in forms n.e.c. in item no. 3401.11,3401,6
VI,340130,"Organic surface-active products and preparations for washing the skin, in the form of liquid or cream and put up for retail sale, whether or not containing soap",3401,6
VI,3402,"Organic surface-active agents (not soap); surface-active, washing (including auxiliary washing) and cleaning preparations, containing soap or not, excluding those of heading no. 3401",34,4
VI,340231,"Anionic organic surface-active agents (other than soap); linear alkylbenzene sulphonic acids and their salts, whether or not put up for retail sale",3402,6
VI,340239,"Anionic organic surface-active agents (other than soap); other than linear alkylbenzene sulphonic acids and their salts, whether or not put up for retail sale",3402,6
VI,340241,"Organic surface-active agents; cationic (other than soap), whether or not put up for retail sale",3402,6
VI,340242,"Organic surface-active agents; non-ionic (other than soap), whether or not put up for retail sale",3402,6
VI,340249,"Organic surface-active agents; whether or not put up for retail sale, n.e.c. in item no. 3402",3402,6
VI,340250,"Washing and cleaning preparations; powders, flakes and granules, surface-active, whether or not containing soap (excluding those of heading no. 3401), put up for retail sale",3402,6
VI,340290,"Washing and cleaning preparations; surface-active, whether or not containing soap (excluding those of heading no. 3401), including auxiliary washing preparations, not for retail sale",3402,6
VI,3403,Lubricating preparations and those used in oil or grease treatment of textile and similar materials; excluding preparations containing 70% or more (by weight) of petroleum or bituminous mineral oils,34,4
VI,340311,"Lubricating preparations; for the treatment of textile and similar materials (leather, furskins etc), containing less than 70% (by weight) of petroleum oils or oils obtained from bituminous minerals",3403,6
VI,340319,"Lubricating preparations; (other than for the treatment of textile and similar materials), containing less than 70% (by weight) of petroleum oils or oils obtained from bituminous minerals",3403,6
VI,340391,"Lubricating preparations; for the treatment of textile and similar materials (leather, furskins etc), (not containing petroleum oils or oils obtained from bituminous minerals)",3403,6
VI,340399,"Lubricating preparations; other than for the treatment of textile and similar materials, not containing petroleum oils or oils obtained from bituminous minerals",3403,6
VI,3404,"Waxes; artificial, prepared",34,4
VI,340420,"Waxes; artificial and prepared, of poly(oxyethylene) (polyethylene glycol)",3404,6
VI,340490,"Waxes; artificial and prepared, other than of polyethylene glycol",3404,6
VI,3405,"Polishes, creams, scouring pastes, powders and similar; in any form, (including articles impregnated, coated or covered with such), for furniture, footwear, floors, coachwork, glass or metal",34,4
VI,340510,"Polishes, creams and similar preparations; for footwear or leather, excluding waxes of heading no. 3404",3405,6
VI,340520,"Polishes, creams and similar preparations; for the maintenance of wooden furniture, floors or other woodwork, excluding waxes of heading no. 3404",3405,6
VI,340530,"Polishes, creams and similar preparations; for coachwork, other than metal polishes, excluding waxes of heading no. 3404",3405,6
VI,340540,"Scouring pastes and powders and other scouring preparations; (whether or not in the form of paper, wadding, felt, nonwovens, cellular plastics, cellular rubber, impregnated, coated or covered)",3405,6
VI,340590,"Polishes, creams and similar preparations; n.e.c. in heading no. 3405, excluding waxes of heading no. 3404",3405,6
VI,3406,"Candles, tapers and the like",34,4
VI,340600,"Candles, tapers and the like",3406,6
VI,3407,"Modelling pastes, including those for children; dental wax, impression compounds, in sets or packings for retail sale or in plates and similar forms; dentistry preparations with plaster base",34,4
VI,340700,"Modelling pastes; preparations known as dental wax, put up in sets, in packings for retail sale or in plates, horseshoe shapes, sticks or similar forms, other preparations for use in dentistry",3407,6
VI,35,Albuminoidal substances; modified starches; glues; enzymes,TOTAL,2
VI,3501,"Casein, caseinates and other casein derivatives; casein glues",35,4
VI,350110,Casein,3501,6
VI,350190,Caseinates and other casein derivatives; casein glues,3501,6
VI,3502,"Albumins (including concentrates of two or more whey proteins, containing by weight more than 80% whey proteins, calculated on the dry matter), albuminates and other albumin derivatives",35,4
VI,350211,"Albumins; egg albumin, dried",3502,6
VI,350219,"Albumins; egg albumin, not dried",3502,6
VI,350220,"Albumins; milk albumin, including concentrates of two or more whey proteins",3502,6
VI,350290,"Albumins, albuminates and other albumin derivatives; other than egg or milk albumin, including concentrates of two or more whey proteins",3502,6
VI,3503,"Gelatin (including gelatin in rectangular sheets, whether or not surface-worked or coloured) and gelatin derivatives; isinglass; other glues of animal origin, excluding casein glues of heading no. 3501",35,4
VI,350300,"Gelatin (including gelatin in rectangular sheets, whether or not surface-worked or coloured) and gelatin derivatives; isinglass; other glues of animal origin, excluding casein glues of heading no. 3501",3503,6
VI,3504,"Peptones and their derivatives; other protein substances and their derivatives n.e.c. or included; hide powder, whether or not chromed",35,4
VI,350400,"Peptones and their derivatives; other protein substances and their derivatives n.e.c. or included, hide powder, whether or not chromed",3504,6
VI,3505,Dextrins and other modified starches (e.g. pregelatinised or esterified starches); glues based on starches or on dextrins or other modified starches,35,4
VI,350510,Dextrins and other modified starches,3505,6
VI,350520,"Glues; based on starches, or on dextrins or other modified starches",3505,6
VI,3506,"Prepared glues and other prepared adhesives, n.e.c. or included; products suitable for use as glues or adhesives, put up for retail sale as glues or adhesives, not exceeding 1kg net weight",35,4
VI,350610,"Glues or adhesives; prepared, products suitable for use as glues or adhesives, put up for retail sale as glues or adhesives, not exceeding a net weight of 1kg",3506,6
VI,350691,"Adhesives; prepared, based on polymers of heading 3901 to 3913 or on rubber",3506,6
VI,350699,"Glues and other adhesives; prepared, n.e.c. in heading no. 3506, not exceeding a net weight of 1kg",3506,6
VI,3507,Enzymes; prepared enzymes not elsewhere specified or included,35,4
VI,350710,Enzymes; rennet and concentrates thereof,3507,6
VI,350790,Enzymes and prepared enzymes; other than rennet and concentrates thereof,3507,6
VI,36,Explosives; pyrotechnic products; matches; pyrophoric alloys; certain combustible preparations,TOTAL,2
VI,3601,Explosives; propellent powders,36,4
VI,360100,Explosives; propellent powders,3601,6
VI,3602,"Prepared explosives, other than propellent powders",36,4
VI,360200,"Explosives, prepared; other than propellent powders",3602,6
VI,3603,Safety fuses; detonating cords; percussion or detonating caps; igniters; electric detonators,36,4
VI,360310,Safety fuses,3603,6
VI,360320,Detonating cords,3603,6
VI,360330,Percussion caps,3603,6
VI,360340,Detonating caps,3603,6
VI,360350,Igniters,3603,6
VI,360360,Electric detonators,3603,6
VI,3604,"Fireworks, signalling flares, rain rockets, fog signals and other pyrotechnic articles",36,4
VI,360410,Pyrotechnic products; fireworks,3604,6
VI,360490,"Pyrotechnic products; signalling flares, rain rockets, fog signals and other pyrotechnic articles (excluding fireworks)",3604,6
VI,3605,Matches; other than pyrotechnic articles of heading no. 3604,36,4
VI,360500,Matches; other than pyrotechnic articles of heading no. 3604,3605,6
VI,3606,Ferro-cerium and other pyrophoric alloys in all forms; articles of combustible materials n.e.c. in chapter 36,36,4
VI,360610,"Fuels; liquid or liquefied-gas, in containers, of a kind used for filling or refilling cigarette or similar lighters and of a capacity not exceeding 300cm3",3606,6
VI,360690,Ferro-cerium and other pyrophoric alloys in all forms; articles of combustible materials n.e.c. in chapter 36,3606,6
VI,37,Photographic or cinematographic goods,TOTAL,2
VI,3701,"Photographic plates and film in the flat, sensitised, unexposed, of any material other than paper, paperboard or textiles; instant print film in the flat, sensitised, unexposed, whether or not in packs",37,4
VI,370110,"Photographic plates and film; for x-ray, in the flat, sensitised, unexposed, of any material other than paper, paperboard or textiles",3701,6
VI,370120,"Photographic plates and film; instant print film, in the flat, sensitised, unexposed, whether or not in packs",3701,6
VI,370130,"Photographic plates and film; in the flat, sensitised, unexposed, with any side exceeding 225mm, of any materials other than paper, paperboard or textiles",3701,6
VI,370191,"Photographic plates and film; for colour photography (polychrome), in the flat, sensitised, unexposed, with no side exceeding 255mm, of any material other than paper, paperboard or textiles",3701,6
VI,370199,"Photographic plates and film; (for other than colour photography), in the flat, sensitised, unexposed, with no side exceeding 255mm, of any material other than paper, paperboard or textiles",3701,6
VI,3702,"Photographic film in rolls, sensitised, unexposed, of any material other than paper, paperboard or textiles; instant print film in rolls, sensitised, unexposed",37,4
VI,370210,"Photographic film; for x-rays, in rolls, sensitised and unexposed (other than of paper, paperboard or textiles)",3702,6
VI,370231,"Photographic film; for colour photography (polychrome), in rolls, sensitised, unexposed, without sprocket holes, of a width not exceeding 105mm (other than of paper, paperboard or textiles)",3702,6
VI,370232,"Photographic film; in rolls, with silver halide emulsion, sensitised, unexposed, without sprocket holes, of a width not exceeding 105mm (other than of paper, paperboard or textiles)",3702,6
VI,370239,"Photographic film; in rolls, (other than with silver halide emulsion and for colour photography), sensitised, unexposed, without sprocket holes, of a width not exceeding 105mm (other than of paper, paperboard or textiles)",3702,6
VI,370241,"Photographic film; for colour photography (polychrome), in rolls, sensitised, unexposed, without sprocket holes, of a width exceeding 610mm and of a length exceeding 200m (other than of paper, paperboard or textiles)",3702,6
VI,370242,"Photographic film; in rolls, (other than for colour photography), sensitised, unexposed, without sprocket holes, of a width exceeding 610mm and of a length exceeding 200m (other than of paper, paperboard or textiles)",3702,6
VI,370243,"Photographic film; in rolls, sensitised, unexposed, without sprocket holes, of a width exceeding 610mm and of a length not exceeding 200m (other than of paper, paperboard or textiles)",3702,6
VI,370244,"Photographic film; in rolls, sensitised, unexposed, without sprocket holes, of a width exceeding 105mm but not exceeding 610mm (other than of paper, paperboard or textiles)",3702,6
VI,370252,"Photographic film; for colour photography (polychrome), in rolls, sensitised, unexposed, of a width not exceeding 16mm (other than of paper, paperboard or textiles)",3702,6
VI,370253,"Photographic film; for colour photography (polychrome) slides, in rolls, sensitised, unexposed, of a width exceeding 16mm but not exceeding 35mm and of a length not exceeding 30m (other than of paper, paperboard or textiles)",3702,6
VI,370254,"Photographic film; for colour photography (polychrome), in rolls, sensitised, unexposed, of a width exceeding 16mm but not 35mm and of a length not exceeding 30m, excluding film for slides (other than of paper, paperboard or textiles)",3702,6
VI,370255,"Photographic film; for colour photography (polychrome), in rolls, sensitised, unexposed, of a width exceeding 16mm but not 35mm and of a length exceeding 30m (other than of paper, paperboard or textiles)",3702,6
VI,370256,"Photographic film; for colour photography (polychrome), in rolls, sensitised, unexposed, of a width exceeding 35mm (other than of paper, paperboard or textiles)",3702,6
VI,370296,"Photographic film; other than for colour photography, in rolls, sensitised, unexposed, of a width not exceeding 35mm and of a length not exceeding 30m (other than of paper, paperboard or textiles)",3702,6
VI,370297,"Photographic film; other than for colour photography, in rolls, sensitised, unexposed, of a width not exceeding 35mm and of a length exceeding 30m (other than paper, paperboard or textiles)",3702,6
VI,370298,"Photographic film; other than for colour photography, in rolls, sensitised, unexposed, of a width exceeding 35mm (other than of paper, paperboard or textiles)",3702,6
VI,3703,"Photographic paper, paperboard and textiles; sensitised, unexposed",37,4
VI,370310,"Photographic paper, paperboard and textiles; in rolls, sensitised, unexposed, of a width exceeding 610mm",3703,6
VI,370320,"Photographic paper, paperboard and textiles; for colour photography (polychrome), (other than in rolls of a width exceeding 610mm), sensitised, unexposed",3703,6
VI,370390,"Photographic paper, paperboard and textiles; (for other than colour photography, other than in rolls of a width exceeding 610mm), sensitised, unexposed",3703,6
VI,3704,"Photographic plates, film, paper, paperboard and textiles, exposed but not developed",37,4
VI,370400,"Photographic plates, film, paper, paperboard and textiles; exposed but not developed",3704,6
VI,3705,"Photographic plates and film; exposed and developed, other than cinematographic film",37,4
VI,370500,"Photographic plates and film; exposed and developed, other than cinematographic film",3705,6
VI,3706,"Cinematographic film; exposed and developed, whether or not incorporating sound track or consisting only of sound track",37,4
VI,370610,"Cinematographic film; exposed and developed, whether or not incorporating sound track or consisting only of sound track, of a width of 35cm or more",3706,6
VI,370690,"Cinematographic film; exposed and developed, whether or not incorporating a sound track or consisting only of sound track, of a width less than 35mm",3706,6
VI,3707,"Chemical preparations for photographic uses (other than varnishes, glues, adhesives and similar preparations); unmixed products for photographic uses, put up in measured portions or for retail sale",37,4
VI,370710,"Photographic goods; sensitised emulsions, put up in measured portions or put up for retail sale in a form ready for use",3707,6
VI,370790,"Photographic goods; chemical preparations other than sensitised emulsions, put up in measured portions or put up for retail sale in a form ready for use",3707,6
VI,38,Chemical products n.e.c.,TOTAL,2
VI,3801,"Artificial graphite; colloidal or semi-colloidal graphite; preparations based on graphite or other carbon in the form of pastes, blocks, plates or other semi-manufactures",38,4
VI,380110,Graphite; artificial,3801,6
VI,380120,Graphite; colloidal or semi-colloidal,3801,6
VI,380130,Carbonaceous pastes; for electrodes and similar pastes for furnace linings,3801,6
VI,380190,"Graphite or other carbon based preparations; in the form of pastes, blocks, plates or other semi-manufactures",3801,6
VI,3802,"Activated carbon; activated natural mineral products; animal black, including spent animal black",38,4
VI,380210,Carbon; activated,3802,6
VI,380290,"Chemical products; activated natural mineral products, animal black, including spent animal black",3802,6
VI,3803,"Tall oil, whether or not refined",38,4
VI,380300,"Chemical products; tall oil, whether or not refined",3803,6
VI,3804,"Residual lyes from the manufacture of wood pulp, whether or not concentrated, desugared or chemically treated, including lignin sulphonates, but excluding tall oil of heading no. 3803",38,4
VI,380400,"Lyes, residual; from the manufacture of wood pulp, whether or not concentrated, desugared or chemically treated, including lignin sulphonates but excluding tall oil of heading no. 3803",3804,6
VI,3805,"Gum, wood or sulphate turpentine, other terpenic oils; crude dipentene; sulphite turpentine, other crude para-cymene; pine oil containing alpha-terpineol as the main constituent",38,4
VI,380510,"Terpenic oils; gum, wood or sulphate turpentine oils",3805,6
VI,380590,"Terpenic oils; produced by the treatment of coniferous woods, crude dipentene, sulphite turpentine and other crude para-cymene, n.e.c. in heading no. 3805",3805,6
VI,3806,Rosin and resin acids and derivatives thereof; rosin spirit and rosin oils; run gums,38,4
VI,380610,Rosin and resin acids,3806,6
VI,380620,"Rosin and resin; salts of rosin, of resin acids or of derivatives of rosin or resin acids, other than salts of rosin adducts",3806,6
VI,380630,Ester gums,3806,6
VI,380690,"Rosin; spirit and oils, n.e.c. in heading no. 3806",3806,6
VI,3807,"Wood tar; wood tar oils; wood creosote; wood naphtha; vegetable pitch; brewers' pitch and similar preparations based on rosin, resin acids or on vegetable pitch",38,4
VI,380700,"Wood tar; wood tar oils; wood creosote; wood naphtha; vegetable pitch; brewers' pitch and similar preparations based on rosin, resin acids or on vegetable pitch",3807,6
VI,3808,"Insecticides, rodenticides, fungicides, herbicides, anti-sprouting products, plant growth regulators, disinfectants and the like, put up in forms or packings for retail sale or as preparations or articles",38,4
VI,380852,"Insecticides and the like; containing goods specified in Subheading Note 1 to this Chapter; for retail sale or as preparations or articles; DDT (ISO) (clofenotane (INN)), in packings of 300g or less",3808,6
VI,380859,"Insecticides, rodenticides, fungicides, disinfectants, herbicides and the like; containing goods specified in Subheading Note 1 to this Chapter; not DDT (ISO) (clofenotane (INN)), put up in forms or packings for retail sale or as preparations or articles",3808,6
VI,380861,Insecticides and the like; containing goods specified in Subheading Note 2 to this Chapter; in packings of a net weight content not exceeding 300g; for retail sale or as preparations or articles,3808,6
VI,380862,"Insecticides; containing goods specified in Subheading Note 2 to this Chapter; put up in forms or packings for retail sale or as preparations or articles, in packings of a net weight content exceeding 300g but not exceeding 7.5kg",3808,6
VI,380869,"Insecticides; containing goods named in Subheading Note 2 to this Chapter, put up in forms or packings for retail sale or as preparations or articles, in packings of a net weight content exceeding 7.5kg",3808,6
VI,380891,Insecticides; other than containing goods specified in Subheading Notes 1 & 2 to this Chapter; put up in forms or packings for retail sale or as preparations or articles,3808,6
VI,380892,Fungicides; other than containing goods specified in Subheading Note 1 to this Chapter; put up in forms or packings for retail sale or as preparations or articles,3808,6
VI,380893,"Herbicides, anti-sprouting products and plant-growth regulators; other than containing goods of Subheading Note 1 to this Chapter; put up in forms or packings for retail sale or as preparations or articles",3808,6
VI,380894,Disinfectants; other than containing goods specified in Subheading Note 1 in this Chapter; put up in forms or packings for retail sale or as preparations or articles,3808,6
VI,380899,"Rodenticides and other similar products n.e.c. in heading no. 3808.9; other than containing goods specified in Subheading Note 1 in this Chapter, put up in forms or packings for retail sale or as preparations or articles",3808,6
VI,3809,"Finishing agents, dye carriers to accelerate the dyeing, fixing of dyestuffs, other products and preparations, of a kind used in the textile, paper, leather or like industries, n.e.c. or included",38,4
VI,380910,"Finishing agents and dye carriers; to accelerate dyeing or fixing of dye-stuffs, other products and preparations, used in textile, paper, leather etc industries, with basis of amylaceous substances, n.e.c.",3809,6
VI,380991,"Finishing agents and dye carriers; to accelerate dyeing or fixing of dye-stuffs, other products and preparations, used in the textile industry (excluding those with a basis of amylaceous substances)",3809,6
VI,380992,"Finishing agents and dye carriers; to accelerate dyeing or fixing of dye-stuffs, other products and preparations, used in the paper industry (excluding those with a basis of amylaceous substances)",3809,6
VI,380993,"Finishing agents and dye carriers; to accelerate dyeing or fixing of dye-stuffs, other products and preparations, used in the leather or like (excluding paper and textile) industries, (excluding those with a basis of amylaceous substances)",3809,6
VI,3810,"Metal-pickling preparations; fluxes etc for soldering, brazing; welding powders, pastes of metal and other materials; preparations used as cores or coatings for welding electrodes or rods",38,4
VI,381010,"Pickling preparations for metal surfaces; soldering, brazing or welding powders and pastes consisting of metal and other materials",3810,6
VI,381090,"Fluxes and other auxiliary preparations; for soldering, brazing or welding, or preparations used as cores or coatings for welding electrodes or rods",3810,6
VI,3811,"Anti-knock preparations, oxidation and gum inhibitors, viscosity improvers, anti-corrosive preparations and the like, for mineral oils (including gasoline) or other liquids used for the same purposes",38,4
VI,381111,Anti-knock preparations; based on lead compounds,3811,6
VI,381119,Anti-knock preparations; other than those based on lead compounds,3811,6
VI,381121,Lubricating oil additives; containing petroleum oils or oils obtained from bituminous minerals,3811,6
VI,381129,Lubricating oil additives; not containing petroleum oils or oils obtained from bituminous minerals,3811,6
VI,381190,"Oxidation and gum inhibitors, viscosity improvers, anti-corrosive preparations, other prepared additives for mineral oils or liquids used as mineral oils (including gasoline), n.e.c. in heading no. 3811",3811,6
VI,3812,"Prepared rubber accelerators; compound plasticisers for rubber or plastics, n.e.c. or included; anti-oxidising preparations and other compound stabilisers for rubber or plastics",38,4
VI,381210,Rubber accelerators; prepared,3812,6
VI,381220,"Plasticisers, compound; for rubber or plastics",3812,6
VI,381231,"Anti-oxidising preparations and other compound stabilisers; for rubber or plastics, mixtures of oligomers of 2,2,4-trimethyl-1,2-dihydroquinoline (TMQ)",3812,6
VI,381239,"Anti-oxidising preparations and other compound stabilisers; for rubber or plastics, other than mixtures of oligomers of 2,2,4-trimethyl-1,2-dihydroquinoline (TMQ)",3812,6
VI,3813,Preparations and charges for fire extinguishers; charged fire-extinguishing grenades,38,4
VI,381300,Fire-extinguishers; preparations and charges and charged fire-extinguishing grenades,3813,6
VI,3814,"Organic composite solvents and thinners, not elsewhere specified or included; prepared paint or varnish removers",38,4
VI,381400,"Solvents and thinners; organic composite solvents and thinners, n.e.c. or included, prepared paint or varnish removers",3814,6
VI,3815,"Reaction initiators, reaction accelerators and catalytic preparations n.e.c. or included",38,4
VI,381511,"Catalysts, supported; reaction initiators, reaction accelerators and catalytic preparations, with nickel or nickel compounds as the active substance, n.e.c. or included",3815,6
VI,381512,"Catalysts, supported; reaction initiators, reaction accelerators and catalytic preparations, with precious metal or precious metal compounds as the active substance, n.e.c. or included",3815,6
VI,381519,"Catalysts, supported; reaction initiators, reaction accelerators and catalytic preparations, with an active substance other than nickel or precious metals or their compounds, n.e.c. or included",3815,6
VI,381590,"Reaction initiators, reaction accelerators and catalytic preparations, unsupported, n.e.c. or included",3815,6
VI,3816,"Refractory cements, mortars, concretes and similar compositions, including dolomite ramming mix, other than products of heading 38.01",38,4
VI,381600,"Refractory cements, mortars, concretes and similar compositions, including dolomite ramming mix, other than products of heading 38.01",3816,6
VI,3817,"Mixed alkylbenzenes and mixed alkylnaphthalenes, other than those of heading no. 2707 or 2902",38,4
VI,381700,"Mixed alkylbenzenes and mixed alkylnaphthalenes, other than those of heading no. 2707 or 2902",3817,6
VI,3818,"Chemical elements doped for use in electronics, in the form of discs, wafers or similar forms; chemical compounds doped for use in electronics",38,4
VI,381800,"Chemical elements; doped for use in electronics, in the form of discs, wafers or similar forms; chemical compounds doped for use in electronics",3818,6
VI,3819,"Hydraulic brake fluids and other prepared liquids for hydraulic transmission, not containing or containing less than 70% by weight of petroleum oils or oils obtained from bituminous minerals",38,4
VI,381900,"Hydraulic fluids; for brakes and other prepared liquids for hydraulic transmission, not containing or containing less than 70% by weight of petroleum oils or oils obtained from bituminous minerals",3819,6
VI,3820,Anti-freezing preparations and prepared de-icing fluids,38,4
VI,382000,Anti-freezing preparations and prepared de-icing fluids,3820,6
VI,3821,"Prepared culture media for the development or maintenance of micro-organisms (including viruses and the like) or of plant, human or animal cells",38,4
VI,382100,"Prepared culture media for the development or maintenance of micro-organisms (including viruses and the like) or of plant, human or animal cells",3821,6
VI,3822,"Reagents; diagnostic or laboratory reagents on a backing, prepared diagnostic or laboratory reagents whether or not on a backing, whether or not put up in the form of kits, other than those of heading 30.06; certified reference materials",38,4
VI,382211,"Reagents; diagnostic or laboratory reagents on a backing, prepared diagnostic or laboratory reagents whether or not on a backing, whether or not put up in the form of kits; for malaria",3822,6
VI,382212,"Reagents; diagnostic or laboratory reagents on a backing, prepared diagnostic or laboratory reagents whether or not on a backing, whether or not put up in the form of kits; for zika and other diseases transmitted by mosquitoes of the genus Aedes",3822,6
VI,382213,"Reagents; diagnostic or laboratory reagents on a backing, prepared diagnostic or laboratory reagents whether or not on a backing, whether or not put up in the form of kits; for blood grouping",3822,6
VI,382219,"Reagents; diagnostic or laboratory reagents on a backing, prepared diagnostic or laboratory reagents whether or not on a backing, whether or not put up in the form of kits; n.e.c.in item 3822.1",3822,6
VI,382290,"Reagents; diagnostic or laboratory reagents on a backing, prepared diagnostic or laboratory reagents whether or not on a backing, or put up in the form of kits, other than those of heading 30.06; certified reference materials, n.e.c. in heading 3822",3822,6
VI,3823,Industrial monocarboxylic fatty acids; acid oils from refining; industrial fatty alcohols,38,4
VI,382311,"Industrial monocarboxylic fatty acids, acid oils from refining; stearic acid",3823,6
VI,382312,"Industrial monocarboxylic fatty acids, acid oils from refining; oleic acid",3823,6
VI,382313,"Industrial monocarboxylic fatty acids, acid oils from refining; tall oil fatty acids",3823,6
VI,382319,"Industrial monocarboxylic fatty acids; acid oils from refining; (other than stearic acid, oleic acid or tall oil fatty acids)",3823,6
VI,382370,Industrial fatty alcohols,3823,6
VI,3824,"Prepared binders for foundry moulds or cores; chemical products and preparations of the chemical or allied industries (including those consisting of mixtures of natural products), not elsewhere specified or included",38,4
VI,382410,"Binders, prepared; for foundry moulds or cores",3824,6
VI,382430,"Metal carbides, non-agglomerated; mixed together or with metallic binders",3824,6
VI,382440,"Cements, mortars or concretes; their prepared additives",3824,6
VI,382450,Mortars and concretes; non-refractory,3824,6
VI,382460,Sorbitol; other than that of subheading no. 2905.44,3824,6
VI,382481,"Chemical products, mixtures and preparations; containing goods specified in Subheading Note 3 to this Chapter; containing oxirane (ethylene oxide)",3824,6
VI,382482,"Chemical products, mixtures and preparations; containing goods specified in Subheading Note 3 to this Chapter; containing polychlorinated biphenyls (PCBs), polychlorinated terphenyls (PCTs) or polybrominated biphenyls (PBBs)",3824,6
VI,382483,"Chemical products, mixtures and preparations; containing goods specified in Subheading Note 3 to this Chapter; containing tris(2,3-dibromopropyl) phosphate",3824,6
VI,382484,"Chemical products, mixtures and preparations; containing aldrin, camphechlor (toxaphene), chlordane, chlordecone, DDT (chlorfenotane, 1,1,1-trichloro-2,2-bis(p-chlorophenyl)ethane), dieldrin, endosulfan, endrin, heptachlor or mirex",3824,6
VI,382485,"Chemical products, mixtures and preparations; containing goods specified in Subheading Note 3 to this Chapter; containing 1,2,3,4,5,6-hexachlorocyclohexane (HCH (ISO)), including lindane (ISO, INN)",3824,6
VI,382486,"Chemical products, mixtures and preparations; containing goods specified in Subheading Note 3 to this Chapter; containing pentachlorobenzene (ISO) or hexachlorobenzene (ISO)",3824,6
VI,382487,"Chemical products, mixtures and preparations; containing goods specified in Subheading Note 3 to this Chapter; containing perfluorooctane sulphonic acid, its salts, perfluorooctane sulphonamides, or perfluorooctane sulphonyl fluoride",3824,6
VI,382488,"Chemical products, mixtures and preparations; containing goods specified in Subheading Note 3 to this Chapter; containing tetra-, penta-, hexa-, hepta- or octabromodiphenyl ethers",3824,6
VI,382489,"Chemical products, mixtures and preparations; containing goods specified in Subheading Note 3 to this Chapter; containing short-chain chlorinated paraffins",3824,6
VI,382491,"Chemical products, mixtures and preparations; consisting mainly of (5-ethyl-2-methyl-2-oxido-1,3,2-dioxaphosphinan-5-yl)methyl methyl methylphosphonate and bis[(5-ethyl-2-methyl-2-oxido-1,3,2-dioxaphosphinan-5-yl)methyl] methylphosphonate",3824,6
VI,382492,"Chemical products, mixtures and preparations; polyglycol esters of methylphosphonic acid",3824,6
VI,382499,"Chemical products, mixtures and preparations; n.e.c. heading 3824",3824,6
VI,3825,"Residual products of the chemical or allied industries, not elsewhere specified or included; municipal waste; sewage sludge; other residual products.",38,4
VI,382510,"Residual products of the chemical or allied industries, not elsewhere specified or included; municipal waste",3825,6
VI,382520,"Residual products of the chemical or allied industries, not elsewhere specified or included; sewage sludge",3825,6
VI,382530,"Residual products of the chemical or allied industries, not elsewhere specified or included; clinical waste",3825,6
VI,382541,"Residual products of the chemical or allied industries, not elsewhere specified or included; halogenated waste organic solvents",3825,6
VI,382549,"Residual products of the chemical or allied industries, not elsewhere specified or included; waste organic solvents, other than halogenated",3825,6
VI,382550,"Residual products of chemical or allied industries, not elsewhere specified or included; wastes of metal pickling liquors, hydraulic fluids, brake fluids and anti-freeze fluids",3825,6
VI,382561,"Residual products of the chemical or allied industries, not elsewhere specified or included; (other than sewage sludge, municipal waste or waste covered in 27.10); other wastes n.e.c. in 3825; those mainly containing organic constituents",3825,6
VI,382569,"Residual products of the chemical or allied industries, not elsewhere specified or included; (other than sewage sludge, municipal waste or waste covered by 27.10); other wastes n.e.c. in 3825; except those mainly containing organic constituents",3825,6
VI,382590,"Residual products of the chemical or allied industries, not elsewhere specified or included; n.e.c. in 3825 or 27.10",3825,6
VI,3826,Biodiesel and mixtures thereof; not containing or containing less than 70% by weight of petroleum oils or oils obtained from bituminous minerals,38,4
VI,382600,Biodiesel and mixtures thereof; not containing or containing less than 70% by weight of petroleum oils or oils obtained from bituminous minerals,3826,6
VI,3827,"Mixtures containing halogenated derivatives of methane, ethane or propane, not elsewhere specified or included",38,4
VI,382711,"Mixtures containing halogenated derivatives of methane, ethane or propane, not elsewhere specified or included; containing chlorofluorocarbons (CFCs), whether or not containing hydrochlorofluorocarbons (HCFCs), perfluorocarbons (PFCs) or hydrofluorocarbon",3827,6
VI,382712,"Mixtures containing halogenated derivatives of methane, ethane or propane, not elsewhere specified or included; containing hydrobromofluorocarbons (HBFCs)",3827,6
VI,382713,"Mixtures containing halogenated derivatives of methane, ethane or propane, not elsewhere specified or included; containing carbon tetrachloride",3827,6
VI,382714,"Mixtures containing halogenated derivatives of methane, ethane or propane, not elsewhere specified or included; containing 1,1,1-trichloroethane (methyl chloroform)",3827,6
VI,382720,"Mixtures containing halogenated derivatives of methane, ethane or propane, not elsewhere specified or included; containing bromochlorodifluoromethane (Halon-1211), bromotrifluoromethane (Halon-1301) or dibromotetrafluoroethanes (Halon-2402)",3827,6
VI,382731,"Mixtures containing halogenated derivatives of methane, ethane or propane; containing hydrochlorofluorocarbons (HCFCs), perfluorocarbons (PFCs) or hydrofluorocarbons (HFCs) or not, but not containing chlorofluorocarbons (CFCs); containing substances of su",3827,6
VI,382732,"Mixtures containing halogenated methane, ethane, propane; containing hydrochlorofluorocarbons (HCFCs), perfluorocarbons (PFCs) or hydrofluorocarbons (HFCs) or not, not chlorofluorocarbons (CFCs); containing substances of subheadings 2903.71 to 2903.75",3827,6
VI,382739,"Mixtures containing halogenated methane, ethane, or propane; containing hydrochlorofluorocarbons (HCFCs), perfluorocarbons (PFCs) or hydrofluorocarbons (HFCs) or not, but not chlorofluorocarbons (CFCs); n.e.c. in subheading 3827.3",3827,6
VI,382740,"Mixtures containing halogenated derivatives of methane, ethane or propane; containing hydrochlorofluorocarbons (HCFCs), perfluorocarbons (PFCs) or hydrofluorocarbons (HFCs) or not, but not containing chlorofluorocarbons (CFCs); containing bromomethane (me",3827,6
VI,382751,"Mixtures containing halogenated derivatives of methane, ethane or propane; containing trifluoromethan (HFC-23) or perfluorocarbons (PFCs) but not containing chlorofluorocarbons (CFCs) or hydrochlorofluorocarbons (HCFCs); containing trifluoromethane (HFC-2",3827,6
VI,382759,"Mixtures containing halogenated derivatives of methane, ethane or propane; containing trifluoromethan (HFC-23) or perfluorocarbons (PFCs) not containing chlorofluorocarbons (CFCs) or hydrochlorofluorocarbons (HCFCs); other mixtures n.e.c. in subheading 38",3827,6
VI,382761,"Mixtures containing halogenated derivatives of methane, ethane or propane; containing other hydrofluorocarbons (HFCs) but not containing chlorofluorocarbons (CFCs) or hydrochlorofluorocarbons (HCFCs); containing 15% or more by mass of 1,1,1-trifluoroethan",3827,6
VI,382762,"Mixtures containing halogenated derivatives of methane, ethane or propane; containing other hydrofluorocarbons (HFCs) but not containing chlorofluorocarbons (CFCs) or hydrochlorofluorocarbons (HCFCs); other mixtures, not included in the subheading above, ",3827,6
VI,382763,"Mixtures containing halogenated derivatives of methane, ethane or propane; containing other hydrofluorocarbons (HFCs) but not containing chlorofluorocarbons (CFCs) or hydrochlorofluorocarbons (HCFCs); other mixtures not included in the subheadings above, ",3827,6
VI,382764,"Mixtures containing halogenated derivatives of methane, ethane or propane; containing other hydrofluorocarbons (HFCs) but not containing chlorofluorocarbons (CFCs) or hydrochlorofluorocarbons (HCFCs); other mixtures, not included in the subheadings above,",3827,6
VI,382765,"Mixtures containing halogenated derivatives of methane, ethane or propane; containing other hydrofluorocarbons (HFCs) but not containing chlorofluorocarbons (CFCs) or hydrochlorofluorocarbons (HCFCs); other mixtures, not included in the subheadings above,",3827,6
VI,382768,"Mixtures containing halogenated derivatives of methane, ethane or propane; containing other hydrofluorocarbons (HFCs) but not containing chlorofluorocarbons (CFCs) or hydrochlorofluorocarbons (HCFCs); other mixtures, not included in the subheadings above,",3827,6
VI,382769,"Mixtures containing halogenated derivatives of methane, ethane or propane; containing other hydrofluorocarbons (HFCs) but not containing chlorofluorocarbons (CFCs) or hydrochlorofluorocarbons (HCFCs); n.e.c. in items no. 3827.5 and 3827.6, not containing ",3827,6
VI,382790,"Mixtures containing halogenated derivatives of methane, ethane or propane; n.e.c. in subheading no 3827",3827,6
VII,39,Plastics and articles thereof,TOTAL,2
VII,3901,"Polymers of ethylene, in primary forms",39,4
VII,390110,"Ethylene polymers; in primary forms, polyethylene having a specific gravity of less than 0.94",3901,6
VII,390120,"Ethylene polymers; in primary forms, polyethylene having a specific gravity of 0.94 or more",3901,6
VII,390130,"Ethylene polymers; in primary forms, ethylene-vinyl acetate copolymers",3901,6
VII,390140,"Ethylene polymers; in primary forms, ethylene-alpha-olefin copolymers, having a specific gravity of less than 0.94",3901,6
VII,390190,"Ethylene polymers; in primary forms, n.e.c. in heading no. 3901",3901,6
VII,3902,"Polymers of propylene or of other olefins, in primary forms",39,4
VII,390210,"Propylene, other olefin polymers; polypropylene in primary forms",3902,6
VII,390220,"Propylene, other olefin polymers; polyisobutylene in primary forms",3902,6
VII,390230,"Propylene, other olefin polymers; propylene copolymers in primary forms",3902,6
VII,390290,"Propylene, other olefin polymers; n.e.c. in heading no. 3902, in primary forms",3902,6
VII,3903,"Polymers of styrene, in primary forms",39,4
VII,390311,"Styrene polymers; expansible polystyrene, in primary forms",3903,6
VII,390319,"Styrene polymers; (other than expansible polystyrene), in primary forms",3903,6
VII,390320,"Styrene polymers; styrene-acrylonitrile (SAN) copolymers, in primary forms",3903,6
VII,390330,"Styrene polymers; acrylonitrile-butadiene-styrene (ABS) copolymers, in primary forms",3903,6
VII,390390,"Styrene polymers; in primary forms, n.e.c. in heading no. 3903",3903,6
VII,3904,"Polymers of vinyl chloride or of other halogenated olefins, in primary forms",39,4
VII,390410,"Vinyl chloride, other halogenated olefin polymers; poly(vinyl chloride), not mixed with any other substances, in primary forms",3904,6
VII,390421,"Vinyl chloride, other halogenated olefin polymers; non-plasticised poly(vinyl chloride), in primary forms, mixed with other substances",3904,6
VII,390422,"Vinyl chloride, other halogenated olefin polymers; plasticised poly(vinyl chloride), in primary forms, mixed with other substances",3904,6
VII,390430,"Vinyl chloride, other halogenated olefin polymers; vinyl chloride-vinyl acetate copolymers, in primary forms",3904,6
VII,390440,"Vinyl chloride, other halogenated olefin polymers; vinyl chloride copolymers, in primary forms n.e.c. in heading no. 3904",3904,6
VII,390450,"Vinyl chloride, other halogenated olefin polymers; vinylidene chloride polymers, in primary forms",3904,6
VII,390461,"Halogenated olefin polymers; fluoro-polymers, polytetrafluoroethylene, in primary forms",3904,6
VII,390469,"Halogenated olefin polymers; fluoro-polymers (other than polytetrafluoroethylene), in primary forms",3904,6
VII,390490,"Vinyl chloride, other halogenated olefin polymers; n.e.c. in heading no. 3904",3904,6
VII,3905,"Polymers of vinyl acetate or of other vinyl esters, in primary forms; other vinyl polymers in primary forms",39,4
VII,390512,"Poly(vinyl acetate); in aqueous dispersion, in primary forms",3905,6
VII,390519,"Poly(vinyl acetate); (other than in aqueous dispersion), in primary forms",3905,6
VII,390521,"Vinyl acetate copolymers; in aqueous dispersion, in primary forms",3905,6
VII,390529,"Vinyl acetate copolymers; (other than in aqueous dispersion), in primary forms",3905,6
VII,390530,Poly(vinyl alcohol); whether or not containing unhydrolysed acetate groups,3905,6
VII,390591,"Vinyl acetate, vinyl ester polymers, vinyl polymers; n.e.c. in heading no. 3905, in primary forms, copolymers",3905,6
VII,390599,"Vinyl acetate, vinyl ester polymers, vinyl polymers; n.e.c. in heading no. 3905, in primary forms, other than copolymers",3905,6
VII,3906,Acrylic polymers in primary forms,39,4
VII,390610,"Acrylic polymers; poly(methyl methacrylate), in primary forms",3906,6
VII,390690,"Acrylic polymers; (other than polymethyl methacrylate), in primary forms",3906,6
VII,3907,"Polyacetals, other polyethers and epoxide resins, in primary forms; polycarbonates, alkyd resins, polyallyl esters and other polyesters, in primary forms",39,4
VII,390710,Polyacetals; in primary forms,3907,6
VII,390721,"Polyethers other than polyacetals; in primary forms, bis(polyoxyethylene) methylphosphonate",3907,6
VII,390729,"Polyethers other than polyacetals, and bis(polyoxyethylene) methylphosphonate; in primary forms",3907,6
VII,390730,Epoxide resins; in primary forms,3907,6
VII,390740,Polycarbonates; in primary forms,3907,6
VII,390750,Alkyd resins; in primary forms,3907,6
VII,390761,"Poly(ethylene terephthalate); in primary forms, having a viscosity of 78ml/g or higher",3907,6
VII,390769,"Poly(ethylene terephthalate); in primary forms, having a viscosity of less than 78ml/g",3907,6
VII,390770,Poly(lactic acid); in primary forms,3907,6
VII,390791,"Polyesters; n.e.c. in heading no. 3907, unsaturated, in primary forms",3907,6
VII,390799,"Polyesters; n.e.c. in heading no. 3907, saturated, in primary forms",3907,6
VII,3908,Polyamides in primary forms,39,4
VII,390810,"Polyamides; polyamide-6, -11, -12, -6,6, -6,9, -6,10 or -6,12, in primary forms",3908,6
VII,390890,"Polyamides; n.e.c. in heading no. 3908, in primary forms",3908,6
VII,3909,"Amino-resins, phenolic resins and polyurethanes, in primary forms",39,4
VII,390910,"Amino-resins; urea and thiourea resins, in primary forms",3909,6
VII,390920,"Amino-resins; melamine resins, in primary forms",3909,6
VII,390931,"Amino-resins; n.e.c. in heading no. 3909, in primary forms, poly(methylene phenyl isocyanate) (Crude MDI, polymeric MDI)",3909,6
VII,390939,"Amino-resins; n.e.c. in heading no. 3909, in primary forms, other than poly(methylene phenyl isocyanate) (Crude MDI, polymeric MDI)",3909,6
VII,390940,Phenolic resins; in primary forms,3909,6
VII,390950,Polyurethanes; in primary forms,3909,6
VII,3910,Silicones in primary forms,39,4
VII,391000,Silicones; in primary forms,3910,6
VII,3911,"Petroleum resins, coumarone-indene resins, polyterpenes, polysulphides, polysulphones and similar products of chemical synthesis n.e.c. in chapter 39, in primary forms",39,4
VII,391110,"Petroleum resins, coumarone, indene or coumarone-indene resins and polyterpenes; in primary forms",3911,6
VII,391120,"Petroleum resins, poly(1,3-phenylene methylphosphonate), in primary forms",3911,6
VII,391190,"Polysulphides, polysulphones and similar products of chemical synthesis n.e.c. in chapter 39; in primary forms",3911,6
VII,3912,"Cellulose and its chemical derivatives, n.e.c. or included, in primary forms",39,4
VII,391211,"Cellulose acetates; non-plasticised, in primary forms",3912,6
VII,391212,"Cellulose acetates; plasticised, in primary forms",3912,6
VII,391220,Cellulose nitrates (including collodions); in primary forms,3912,6
VII,391231,"Cellulose ethers; carboxymethylcellulose and its salts, in primary forms",3912,6
VII,391239,"Cellulose ethers; (other than carboxymethylcellulose and its salts), in primary forms",3912,6
VII,391290,"Cellulose and its chemical derivatives; n.e.c. in item no. 3912, in primary forms",3912,6
VII,3913,"Natural polymers (e.g. alginic acid) and modified natural polymers (e.g. hardened proteins, chemical derivatives of natural rubber), n.e.c. or included, in primary forms",39,4
VII,391310,"Polymers, natural; alginic acid, its salts and esters, in primary forms",3913,6
VII,391390,"Polymers, natural and modified natural; in primary forms (excluding alginic acid, its salts and esters)",3913,6
VII,3914,"Ion-exchangers; based on polymers of heading no. 3901 to 3913, in primary forms",39,4
VII,391400,"Ion-exchangers; based on polymers of heading no. 3901 to 3913, in primary forms",3914,6
VII,3915,"Waste, parings and scrap, of plastics",39,4
VII,391510,"Ethylene polymers; waste, parings and scrap",3915,6
VII,391520,"Styrene polymers; waste, parings and scrap",3915,6
VII,391530,"Vinyl chloride polymers; waste, parings and scrap",3915,6
VII,391590,"Plastics n.e.c. in heading no. 3915; waste, parings and scrap",3915,6
VII,3916,"Monofilament of which any cross-sectional dimension exceeds 1mm, rods, sticks and profile shapes, whether or not surface-worked but not otherwise worked, of plastics",39,4
VII,391610,"Ethylene polymers; monofilament, of which any cross-sectional dimension exceeds 1mm, rods, sticks and profile shapes, whether or not surface-worked but not otherwise worked",3916,6
VII,391620,"Vinyl chloride polymers; monofilament, of which any cross-sectional dimension exceeds 1mm, rods, sticks and profile shapes, whether or not surface-worked but not otherwise worked",3916,6
VII,391690,"Plastics; monofilament, of plastics n.e.c. in heading no. 3916, cross-sectional dimension exceeds 1mm, rods, sticks and profile shapes, whether or not surface-worked but not otherwise worked",3916,6
VII,3917,"Tubes, pipes and hoses and fittings thereof (for example, joints, elbows, flanges), of plastics",39,4
VII,391710,Plastics; artificial guts (sausage casings) of hardened protein or of cellulosic materials,3917,6
VII,391721,"Plastics; tubes, pipes and hoses thereof, rigid, of polymers of ethylene",3917,6
VII,391722,"Plastics; tubes, pipes and hoses thereof, rigid, of polymers of propylene",3917,6
VII,391723,"Plastics; tubes, pipes and hoses thereof, rigid, of polymers of vinyl chloride",3917,6
VII,391729,"Plastics; tubes, pipes and hoses thereof, rigid, of plastics n.e.c. in heading no. 3917",3917,6
VII,391731,"Plastics; tubes, pipes and hoses thereof, flexible, having a minimum burst pressure of 27.6MPa",3917,6
VII,391732,"Plastics; tubes, pipes and hoses thereof, other than those of item no. 3917.31, not reinforced or otherwise combined with other materials, without fittings",3917,6
VII,391733,"Plastics; tubes, pipes and hoses thereof, other than those of item no. 3917.31, not reinforced or otherwise combined with other materials, with fittings",3917,6
VII,391739,"Plastics; tubes, pipes and hoses thereof, n.e.c. in item no. 3917.30",3917,6
VII,391740,"Plastics; tube, pipe and hose fittings (e.g. joints, elbows, flanges)",3917,6
VII,3918,"Floor coverings of plastics, self-adhesive or not, in rolls or tiles; wall or ceiling coverings of plastics, in rolls of a width not less than 45cm",39,4
VII,391810,"Floor, wall or ceiling coverings; of polymers of vinyl chloride, whether or not self-adhesive, in rolls or in the form of tiles",3918,6
VII,391890,"Floor, wall or ceiling coverings; of plastics (excluding polymers of vinyl chloride), whether or not self-adhesive, in rolls or in the form of tiles",3918,6
VII,3919,"Self-adhesive plates, sheets, film, foil, tape, strip and other flat shapes, of plastics, whether or not in rolls",39,4
VII,391910,"Plastics; plates, sheets, film, foil, tape, strip, other flat shapes thereof, self-adhesive, in rolls of a width not exceeding 20cm",3919,6
VII,391990,"Plastics; plates, sheets, film, foil, tape, strip, other flat shapes thereof, self-adhesive, other than in rolls of a width not exceeding 20cm",3919,6
VII,3920,"Plastics; plates, sheets, film, foil and strip (not self-adhesive); non-cellular and not reinforced, laminated, supported or similarly combined with other materials, n.e.c. in chapter 39",39,4
VII,392010,"Plastics; plates, sheets, film, foil and strip (not self-adhesive), of polymers of ethylene, non-cellular and not reinforced, laminated, supported or similarly combined with other materials",3920,6
VII,392020,"Plastics; of polymers of propylene, plates, sheets, film, foil and strip (not self-adhesive), non-cellular and not reinforced, laminated, supported or similarly combined with other materials",3920,6
VII,392030,"Plastics; of polymers of styrene, plates, sheets, film, foil and strip (not self-adhesive), non-cellular and not reinforced, laminated, supported or similarly combined with other materials",3920,6
VII,392043,"Plastics; polymers of vinyl chloride, containing by weight not less than 6% of plasticisers; plates, sheets, film, foil and strip (not self-adhesive), non-cellular and not reinforced, laminated, supported or similarly combined with other materials",3920,6
VII,392049,"Plastics; polymers of vinyl chloride, containing by weight, less than 6% of plasticisers; plates, sheets, film, foil and strip (not self-adhesive), non-cellular and not reinforced, laminated, supported or similarly combined with other materials",3920,6
VII,392051,"Plastics; of acrylic polymers, polymethyl methacrylate, plates, sheets, film, foil and strip (not self-adhesive), non-cellular and not reinforced, laminated, supported or similarly combined with other materials",3920,6
VII,392059,"Plastics; of acrylic polymers (excluding polymethyl methacrylate), plates, sheets, film, foil and strip (not self-adhesive), non-cellular and not reinforced, laminated, supported or similarly combined with other materials",3920,6
VII,392061,"Plastics; plates, sheets, film, foil and strip (not self-adhesive), of polycarbonates, non-cellular and not reinforced, laminated, supported or similarly combined with other materials",3920,6
VII,392062,"Plastics; plates, sheets, film, foil and strip (not self-adhesive), of poly(ethylene terephthalate), non-cellular and not reinforced, laminated, supported or similarly combined with other materials",3920,6
VII,392063,"Plastics; plates, sheets, film, foil and strip (not self-adhesive), of unsaturated polyesters, non-cellular and not reinforced, laminated, supported or similarly combined with other materials",3920,6
VII,392069,"Plastics; plates, sheets, film, foil and strip (not self-adhesive), of polyesters n.e.c. in heading no. 3920, non-cellular and not reinforced, laminated, supported or similarly combined with other materials",3920,6
VII,392071,"Plastics; plates, sheets, film, foil and strip (not self-adhesive), of regenerated cellulose; non-cellular and not reinforced, laminated, supported or similarly combined with other materials",3920,6
VII,392073,"Plastics; plates, sheets, film, foil and strip (not self-adhesive), of cellulose acetate, non-cellular and not reinforced, laminated, supported or similarly combined with other materials",3920,6
VII,392079,"Plastics; plates, sheets, film, foil and strip (not self-adhesive), of cellulose derivatives n.e.c. in heading no. 3920, non-cellular and not reinforced, laminated, supported or similarly combined with other materials",3920,6
VII,392091,"Plastics; plates, sheets, film, foil and strip (not self-adhesive), of poly(vinyl butyral), non-cellular and not reinforced, laminated, supported or similarly combined with other materials",3920,6
VII,392092,"Plastics; plates, sheets, film, foil and strip (not self-adhesive), of polyamides, non-cellular and not reinforced, laminated, supported or similarly combined with other materials",3920,6
VII,392093,"Plastics; plates, sheets, film, foil and strip (not self-adhesive), of amino-resins, non-cellular and not reinforced, laminated, supported or similarly combined with other materials",3920,6
VII,392094,"Plastics; plates, sheets, film, foil and strip (not self-adhesive), of phenolic resins, non-cellular and not reinforced, laminated, supported or similarly combined with other materials",3920,6
VII,392099,"Plastics; plates, sheets, film, foil and strip (not self-adhesive), of plastics n.e.c. in heading no. 3920, non-cellular and not reinforced, laminated, supported or similarly combined with other materials",3920,6
VII,3921,"Plastic plates, sheets, film, foil and strip n.e.c. in chapter 39",39,4
VII,392111,"Plastics; plates, sheets, film, foil and strip, of polymers of styrene, cellular",3921,6
VII,392112,"Plastics; plates, sheets, film, foil and strip, of polymers of vinyl chloride, cellular",3921,6
VII,392113,"Plastics; plates, sheets, film, foil and strip, of polyurethanes, cellular",3921,6
VII,392114,"Plastics; plates, sheets, film, foil and strip, of regenerated cellulose, cellular",3921,6
VII,392119,"Plastics; plates, sheets, film, foil and strip, of plastics n.e.c. in heading no. 3921, cellular",3921,6
VII,392190,"Plastics; plates, sheets, film, foil and strip, other than cellular",3921,6
VII,3922,"Sanitary ware; baths, shower-baths, sinks, wash-basins, bidets, lavatory pans, seats and covers, flushing cisterns and sanitary ware, of plastics",39,4
VII,392210,"Plastics; baths, shower-baths, sinks and wash-basins",3922,6
VII,392220,Plastics; lavatory seats and covers,3922,6
VII,392290,"Plastics; bidets, lavatory pans, flushing cisterns and similar sanitary ware n.e.c. in heading no. 3922",3922,6
VII,3923,"Plastic articles for the conveyance or packing of goods; stoppers, lids, caps and other closures of plastics",39,4
VII,392310,"Plastics; boxes, cases, crates and similar articles for the conveyance or packing of goods",3923,6
VII,392321,"Ethylene polymers; sacks and bags (including cones), for the conveyance or packing of goods",3923,6
VII,392329,"Plastics; sacks and bags (including cones), for the conveyance or packing of goods, of plastics other than ethylene polymers",3923,6
VII,392330,"Plastics; carboys, bottles, flasks and similar articles, for the conveyance or packing of goods",3923,6
VII,392340,"Plastics; spools, cops, bobbins and similar supports, for the conveyance or packing of goods",3923,6
VII,392350,"Plastics; stoppers, lids, caps and other closures, for the conveyance or packing of goods",3923,6
VII,392390,Plastics; articles for the conveyance or packing of goods n.e.c. in heading no. 3923,3923,6
VII,3924,"Tableware, kitchenware, other household articles and hygienic or toilet articles, of plastics",39,4
VII,392410,Plastics; tableware and kitchenware,3924,6
VII,392490,Plastics; household articles and hygienic or toilet articles,3924,6
VII,3925,Plastics; builders' wares n.e.c. or included,39,4
VII,392510,"Plastics; builders' ware, reservoirs, tanks, vats and similar containers of a capacity exceeding 300 litres",3925,6
VII,392520,"Plastics; builders' ware, doors, windows and their frames and thresholds for doors",3925,6
VII,392530,"Plastics; builders' ware, shutters, blinds (including venetian blinds) and similar articles and parts thereof",3925,6
VII,392590,"Plastics; builders' ware, n.e.c. or included in heading no. 3925",3925,6
VII,3926,"Articles of plastics and articles of other materials of heading no. 3901 to 3914, n.e.c. in chapter 39",39,4
VII,392610,Plastics; office or school supplies,3926,6
VII,392620,"Plastics; articles of apparel and clothing accessories (including gloves, mittens and mitts)",3926,6
VII,392630,"Plastics; fittings for furniture, coachwork or the like",3926,6
VII,392640,Plastics; statuettes and other ornamental articles,3926,6
VII,392690,Plastics; other articles n.e.c. in chapter 39,3926,6
VII,40,Rubber and articles thereof,TOTAL,2
VII,4001,"Natural rubber, balata, gutta-percha, guayule, chicle and similar gums; in primary forms or in plates, sheets or strip",40,4
VII,400110,"Rubber; natural rubber latex, whether or not pre-vulcanised, in primary forms or in plates, sheets or strip",4001,6
VII,400121,"Rubber; natural (excluding latex), in smoked sheets",4001,6
VII,400122,"Rubber; technically specified natural rubber (TSNR), in primary forms or in plates, sheets or strip (excluding latex and smoked sheets)",4001,6
VII,400129,"Rubber; natural (excluding latex, technically specified natural rubber and smoked sheets), in primary forms or in plates, sheets or strip",4001,6
VII,400130,"Balata, gutta-percha, guayule, chicle and similar natural gums; in primary forms or in plates, sheets or strip",4001,6
VII,4002,"Synthetic rubber and factice derived from oils, in primary forms or in plates, sheets or strip; mixtures of heading no. 4001 and 4002, in primary forms or in plates, sheets or strip",40,4
VII,400211,"Rubber; synthetic, styrene-butadiene rubber (SBR) and carboxylated styrene-butadiene rubber (XSBR) latex, in primary forms or in plates, sheets or strip",4002,6
VII,400219,"Rubber; synthetic, styrene-butadiene rubber (SBR) and carboxylated styrene-butadiene rubber (XSBR), (other than latex), in primary forms or in plates, sheets or strip",4002,6
VII,400220,"Rubber; synthetic, butadiene rubber (BR), in primary forms or in plates, sheets or strip",4002,6
VII,400231,"Rubber; synthetic, isobutene-isoprene (butyl) rubber (IIR), in primary forms or in plates, sheets or strip",4002,6
VII,400239,"Rubber; synthetic, halo-isobutene-isoprene rubber (CIIR or BIIR), in primary forms or in plates, sheets or strip",4002,6
VII,400241,"Rubber; synthetic, chloroprene (chlorobutadiene) rubber (CR), latex, in primary forms or in plates, sheets or strip",4002,6
VII,400249,"Rubber; synthetic, chloroprene (chlorobutadiene) rubber (CR), (other than latex), in primary forms or in plates, sheets or strip",4002,6
VII,400251,"Rubber; synthetic, acrylonitrile-butadiene rubber (NBR), latex, in primary forms or in plates, sheets or strip",4002,6
VII,400259,"Rubber; synthetic, acrylonitrile-butadiene rubber (NBR), (other than latex), in primary forms or in plates, sheets or strip",4002,6
VII,400260,"Rubber; synthetic, isoprene rubber (IR), in primary forms or in plates, sheets or strip",4002,6
VII,400270,"Rubber; synthetic, ethylene-propylene-non-conjugated diene rubber (EPDM), in primary forms or in plates, sheets or strip",4002,6
VII,400280,"Rubber; mixtures of natural and synthetic rubbers of heading no. 4001 and 4002, in primary forms or in plates, sheets or strip",4002,6
VII,400291,"Rubber; synthetic, n.e.c. in heading 4002, latex, in primary forms or in plates, sheets or strip",4002,6
VII,400299,"Rubber; synthetic, n.e.c. in heading 4002, (other than latex), in primary forms or in plates, sheets or strip",4002,6
VII,4003,"Reclaimed rubber in primary forms or in plates, sheets or strip",40,4
VII,400300,"Rubber; reclaimed rubber, in primary forms or in plates, sheets or strip",4003,6
VII,4004,"Waste, parings and scrap of rubber (other than hard rubber) and powders and granules obtained therefrom",40,4
VII,400400,"Rubber; waste, parings and scrap of rubber (other than hard rubber) and powders and granules obtained therefrom",4004,6
VII,4005,"Compounded rubber, unvulcanised, in primary forms or in plates, sheets or strip",40,4
VII,400510,"Rubber; unvulcanised, compounded with carbon black or silica, in primary forms or in plates, sheets or strip",4005,6
VII,400520,"Rubber; unvulcanised, compounded, solutions and dispersions other than those of item no. 4005.10",4005,6
VII,400591,"Rubber; unvulcanised, (compounded other than with carbon black or silica), in plates, sheets and strip",4005,6
VII,400599,"Rubber; unvulcanised, (compounded other than with carbon black or silica), in primary forms, (other than plates, sheets, strip, solutions or dispersions)",4005,6
VII,4006,"Unvulcanised rubber in other forms (e.g. rods, tubes and profile shapes) and articles (e.g. discs and rings)",40,4
VII,400610,"Rubber; unvulcanised, camel-back strips for retreading rubber tyres",4006,6
VII,400690,"Rubber; unvulcanised, other than camel back strips for retreading rubber tyres",4006,6
VII,4007,Vulcanised rubber thread and cord,40,4
VII,400700,"Rubber; vulcanised, thread and cord",4007,6
VII,4008,"Plates, sheets, strip, rods and profile shapes, of vulcanised rubber other than hard rubber",40,4
VII,400811,"Rubber; vulcanised (other than hard rubber), in plates, sheets and strip of cellular rubber",4008,6
VII,400819,"Rubber; vulcanised (other than hard rubber), cellular rubber, (other than in plates, sheets or strip)",4008,6
VII,400821,"Rubber; vulcanised (other than hard rubber), in plates, sheets and strip, of non-cellular rubber",4008,6
VII,400829,"Rubber; vulcanised (other than hard rubber), non-cellular rubber, in forms other than plates, sheets or strip",4008,6
VII,4009,"Tubes, pipes and hoses, of vulcanised rubber (other than hard rubber), with or without their fittings (e.g. joints, elbows, flanges)",40,4
VII,400911,"Rubber; vulcanised (other than hard rubber), tubing, piping and hoses, not reinforced or otherwise combined with other materials, without fittings",4009,6
VII,400912,"Rubber; vulcanised (other than hard rubber), tubing, piping and hoses, not reinforced or otherwise combined with other materials, with fittings",4009,6
VII,400921,"Rubber; vulcanised (other than hard rubber), tubing, piping and hoses, reinforced or otherwise combined only with metal, without fittings",4009,6
VII,400922,"Rubber; vulcanised (other than hard rubber), tubing, piping and hoses, reinforced or otherwise combined only with metal, with fittings",4009,6
VII,400931,"Rubber; vulcanised (other than hard rubber), tubing, piping and hoses, reinforced or otherwise combined only with textile materials, without fittings",4009,6
VII,400932,"Rubber; vulcanised (other than hard rubber), tubing, piping and hoses, reinforced or otherwise combined only with textile materials, with fittings",4009,6
VII,400941,"Rubber; vulcanised (other than hard rubber), tubing, piping and hoses, reinforced or otherwise combined with materials other than metal or textiles, without fittings",4009,6
VII,400942,"Rubber; vulcanised (other than hard rubber), tubing, piping and hoses, reinforced or otherwise combined with materials other than metal or textiles, with fittings",4009,6
VII,4010,"Conveyor or transmission belts or belting, of vulcanised rubber",40,4
VII,401011,"Rubber; vulcanised, conveyor belts or belting, reinforced only with metal",4010,6
VII,401012,"Rubber; vulcanised, conveyor belts or belting, reinforced only with textile materials",4010,6
VII,401019,"Rubber; vulcanised, conveyor belts or belting, (reinforced with other than metal only or textile materials only)",4010,6
VII,401031,"Rubber; vulcanised, endless transmission belts of trapezoidal cross-section (V-belts), V-ribbed, of an outside circumference exceeding 60cm but not exceeding 180 cm",4010,6
VII,401032,"Rubber; vulcanised, endless transmission belts of trapezoidal cross-section (V-belts), other than V-ribbed, of an outside circumference exceeding 60cm but not exceeding 180 cm",4010,6
VII,401033,"Rubber; vulcanised, endless transmission belts of trapezoidal cross-section (V-belts), V-ribbed, of an outside circumference exceeding 180cm but not exceeding 240 cm",4010,6
VII,401034,"Rubber; vulcanised, endless transmission belts of trapezoidal cross-section (V-belts), other than V-ribbed, of an outside circumference exceeding 180cm but not exceeding 240 cm",4010,6
VII,401035,"Rubber; vulcanised, endless synchronous belts, of an outside circumference exceeding 60 cm but not exceeding 150 cm",4010,6
VII,401036,"Rubber; vulcanised, endless synchronous belts, of an outside circumference exceeding 150 cm but not exceeding 198 cm",4010,6
VII,401039,"Rubber; vulcanised, conveyor or transmission belts or belting, n.e.c. in heading no. 4010",4010,6
VII,4011,"New pneumatic tyres, of rubber",40,4
VII,401110,"Rubber; new pneumatic tyres, of a kind used on motor cars (including station wagons and racing cars)",4011,6
VII,401120,"Rubber; new pneumatic tyres, of a kind used on buses or lorries",4011,6
VII,401130,"Rubber; new pneumatic tyres, of a kind used on aircraft",4011,6
VII,401140,"Rubber; new pneumatic tyres, of a kind used on motorcycles",4011,6
VII,401150,"Rubber; new pneumatic tyres, of a kind used on bicycles",4011,6
VII,401170,"Rubber; new pneumatic tyres, of a kind used on agricultural or forestry vehicles and machines",4011,6
VII,401180,"Rubber; new pneumatic tyres, of a kind used on construction, mining or industrial handling vehicles and machines",4011,6
VII,401190,"Rubber; new pneumatic tyres, of a kind used on light commercial vehicles",4011,6
VII,4012,"Retreaded or used pneumatic tyres of rubber; solid or cushion tyres, tyre treads and tyre flaps, of rubber",40,4
VII,401211,Retreaded tyres; of a kind used on motor cars (including station wagons and racing cars),4012,6
VII,401212,Retreaded tyres; of a kind used on motor buses or lorries,4012,6
VII,401213,Retreaded tyres; of a kind used on aircraft,4012,6
VII,401219,"Retreaded tyres; other than of a kind used on motor cars (including station wagons and racing cars), buses and lorries and aircraft",4012,6
VII,401220,Rubber; used pneumatic tyres,4012,6
VII,401290,Rubber; tyres n.e.c. in heading no. 4012,4012,6
VII,4013,"Inner tubes, of rubber",40,4
VII,401310,"Rubber; inner tubes, of a kind used on motorcars (including station wagons and racing cars), buses and lorries",4013,6
VII,401320,"Rubber; inner tubes, of a kind used on bicycles",4013,6
VII,401390,"Rubber; inner tubes, n.e.c. in heading no. 4013",4013,6
VII,4014,"Hygienic or pharmaceutical articles (including teats), of vulcanised rubber other than hard rubber, with or without fittings of hard rubber",40,4
VII,401410,"Rubber; vulcanised (other than hard rubber), sheath contraceptives",4014,6
VII,401490,"Rubber; vulcanised (other than hard rubber), hygienic or pharmaceutical articles (excluding sheath contraceptives), with or without fittings of hard rubber",4014,6
VII,4015,"Articles of apparel and clothing accessories (including gloves, mittens and mitts), for all purposes, of vulcanised rubber other than hard rubber",40,4
VII,401512,"Rubber; vulcanised (other than hard rubber), gloves, of a kind used for medical, surgical, dental or veterinary purposes",4015,6
VII,401519,"Rubber; vulcanised (other than hard rubber), gloves, mittens and mitts other than surgical gloves",4015,6
VII,401590,"Rubber; vulcanised (other than hard rubber), articles of apparel and clothing accessories (other than gloves, mittens and mitts)",4015,6
VII,4016,"Articles of vulcanised rubber other than hard rubber, n.e.c. in chapter 40",40,4
VII,401610,"Rubber; vulcanised (other than hard rubber), moulded rubber mats and mats of non-rectangular shape made by cutting from the piece, of cellular rubber",4016,6
VII,401691,"Rubber; vulcanised (other than hard rubber), floor coverings and mats, of non-cellular rubber",4016,6
VII,401692,"Rubber; vulcanised (other than hard rubber), erasers, of non-cellular rubber",4016,6
VII,401693,"Rubber; vulcanised (other than hard rubber), gaskets, washers and other seals, of non-cellular rubber",4016,6
VII,401694,"Rubber; vulcanised (other than hard rubber), boat or dock fenders, whether or not inflatable, of non-cellular rubber",4016,6
VII,401695,"Rubber; vulcanised (other than hard rubber), inflatable articles (other than boat or dock fenders), of non-cellular rubber",4016,6
VII,401699,"Rubber; vulcanised (other than hard rubber), articles n.e.c. in heading no. 4016, of non-cellular rubber",4016,6
VII,4017,"Hard rubber (e.g. ebonite) in all forms, including waste and scrap; articles of hard rubber",40,4
VII,401700,"Rubber; ebonite and other hard rubbers in all forms, including waste and scrap, and articles of hard rubber",4017,6
VIII,41,Raw hides and skins (other than furskins) and leather,TOTAL,2
VIII,4101,"Raw hides and skins of bovine (including buffalo) or equine animals (fresh, salted, dried, limed, pickled, otherwise preserved but not tanned, parchment dressed or further prepared), whether or not dehaired or split",41,4
VIII,410120,"Raw hides and skins; whole, unsplit, of bovine or equine animals, of a weight per skin not exceeding 8kg when simply dried, 10kg when dry-salted or 16kg when fresh, wet-salted or otherwise preserved",4101,6
VIII,410150,"Hides and skins; raw, whole, of bovine or equine animals, of a weight per skin exceeding 16 kg",4101,6
VIII,410190,"Hides and skins; other than whole, but including butts, bends and bellies, of bovine (including. buffalo) and equine animals, fresh, salted or preserved, but not tanned, parchment dressed or further prepared, whether or not dehaired or split",4101,6
VIII,4102,"Raw skins of sheep or lambs (fresh, salted, dried, limed, pickled or otherwise preserved, but not further prepared), whether or not with wool on or split",41,4
VIII,410210,"Skins; raw, of sheep or lambs, fresh, or salted, dried, limed, pickled or otherwise preserved, (but not tanned, parchment-dressed or further prepared), with wool on",4102,6
VIII,410221,"Skins; raw, of sheep or lambs, pickled (but not tanned, parchment-dressed or further preserved), without wool on",4102,6
VIII,410229,"Hides and skins; raw, of animals n.e.c. in this chapter, fresh, salted, dried, limed, pickled or otherwise preserved, (but not tanned, parchment-dressed or further prepared), whether or not dehaired or split",4102,6
VIII,4103,"Raw hides and skins n.e.c in headings no. 4101, 4102; fresh, salted, dried, pickled or otherwise preserved, not further prepared, whether or not dehaired or split",41,4
VIII,410320,"Hides and skins; raw, of reptiles (fresh or salted, dried, limed, pickled or otherwise preserved, but not tanned, parchment-dressed or further prepared), whether or not dehaired or split",4103,6
VIII,410330,"Hides and skins; raw, of swine, (fresh or salted, dried, limed, pickled or otherwise preserved, but not tanned, parchment-dressed or further prepared), whether or not dehaired or split",4103,6
VIII,410390,"Hides and skins; raw, of animals n.e.c. in this chapter, fresh, salted, dried, limed, pickled or otherwise preserved, (but not tanned, parchment-dressed or further prepared), whether or not dehaired or split",4103,6
VIII,4104,"Tanned or crust hides and skins of bovine (including buffalo) or equine animals, without hair on, whether or not split, but not further prepared",41,4
VIII,410411,"Tanned or crust hides and skins; without hair on, bovine or equine, in the wet state (including wet-blue), full grains, unsplit; grain splits",4104,6
VIII,410419,"Tanned or crust hides and skins; bovine or equine, without hair on, in the wet state (including wet-blue), excluding full grains, unsplit; grain splits",4104,6
VIII,410441,"Tanned or crust hides and skins; bovine or equine, without hair on, in the dry state (crust), full grains, unsplit; grain splits",4104,6
VIII,410449,"Tanned or crust hides and skins; bovine or equine, without hair on, in the dry state (crust), (other than full grains, unsplit; grain splits)",4104,6
VIII,4105,"Tanned or crust skins of sheep and lambs, without wool on, whether or not split, but not further prepared",41,4
VIII,410510,"Tanned or crust skins of sheep or lambs, without wool on, whether or not split, but not further prepared, in the wet state (including wet-blue)",4105,6
VIII,410530,"Tanned or crust skins; of sheep or lambs, without wool on, whether or not split, but not further prepared, in the dry state (crust)",4105,6
VIII,4106,"Tanned or crust hides and skins of other animals, without wool or hair on, whether or not split, but not further prepared",41,4
VIII,410621,"Tanned or crust hides and skins; of goats or kids, without wool or hair on, whether or not split, but not further prepared, in the wet state (including wet-blue)",4106,6
VIII,410622,"Tanned or crust hides and skins; of goats or kids, without hair on, whether or not split, but not further prepared, in the dry state (crust)",4106,6
VIII,410631,"Tanned or crust hides and skins; of swine, without hair on, whether or not split, but not further prepared, in the wet state (including wet-blue)",4106,6
VIII,410632,"Tanned or crust hides and skins; of swine, without hair on, whether or not split, but not further prepared, in the dry state (crust)",4106,6
VIII,410640,"Tanned or crust hides and skins; of reptiles, whether or not split, but not further prepared",4106,6
VIII,410691,"Tanned or crust hides and skins; of animals other than equine, ovine, bovine, goats or kids, swine and reptiles, without wool or hair on, whether or not split, but not further prepared, in the wet state (including wet-blue)",4106,6
VIII,410692,"Tanned or crust hides and skins; of animals other than equine, ovine, bovine, goats or kids, swine and reptiles, without wool or hair on, whether or not split, but not further prepared, in the dry state (crust)",4106,6
VIII,4107,"Leather further prepared after tanning or crusting, including parchment-dressed leather, of bovine (including buffalo) or equine animals, without hair on, whether or not split, other than leather of heading 41.14",41,4
VIII,410711,"Leather; further prepared after tanning or crusting, including parchment-dressed leather, of bovine (including buffalo) or equine animals, without hair on, other than leather of heading 41.14, whole hides and skins, full grain, unsplit",4107,6
VIII,410712,"Leather; further prepared after tanning or crusting, including parchment-dressed leather, of bovine (including buffalo) or equine animals, without hair on, other than leather of heading 41.14, whole hides and skins, grain splits",4107,6
VIII,410719,"Leather; further prepared after tanning or crusting, including parchment-dressed, of bovine (including buffalo) or equine animals, without hair on, split or not, other than leather of heading 41.14, (other than grain splits and full grains, unsplit)",4107,6
VIII,410791,"Leather; further prepared after tanning or crusting, including parchment-dressed, of bovine (including buffalo) or equine animals, without hair on, other than leather of heading 41.14, not whole hides and skins, but including sides, full grain, unsplit",4107,6
VIII,410792,"Leather; further prepared after tanning or crusting, including parchment-dressed, of bovine (including buffalo) or equine animals, without hair on, other than leather of heading 41.14, not whole hides and skins, but including sides, grain splits",4107,6
VIII,410799,"Leather; further prepared after tanning or crusting, incl. parchment-dressed, of bovine (including buffalo) or equine animals, no hair, excluding leather of heading 41.14, and whole hides and skins, and sides, (full grains, unsplit and grain splits)",4107,6
VIII,4112,"Leather further prepared after tanning or crusting, including parchment dressed leather, of sheep or lamb, without wool on, whether or not split, other than leather of heading 41.14",41,4
VIII,411200,"Leather; further prepared after tanning or crusting, including parchment dressed leather, of sheep or lamb, without wool on, whether or not split, other than leather of heading 41.14",4112,6
VIII,4113,"Leather further prepared after tanning or crusting, including parchment-dressed leather, of animals (other than ovine), without wool or hair on, whether or not split, other than leather of heading 41.14",41,4
VIII,411310,"Leather; further prepared after tanning or crusting, including parchment-dressed leather, without hair on, whether or not split, other than leather of heading 41.14, of goats and kids",4113,6
VIII,411320,"Leather; further prepared after tanning or crusting, including parchment-dressed leather, without hair on, whether or not split, other than leather of heading 41.14, of swine",4113,6
VIII,411330,"Leather; further prepared after tanning or crusting, including parchment-dressed leather, of reptiles, whether or not split, other than leather of heading 41.14",4113,6
VIII,411390,"Leather; further prepared after tanning or crusting, including parchment-dressed leather, of animals (other than sheep and lambs, goats and kids, swine and reptiles), without wool or hair on, whether or not split, other than leather of heading 41.14",4113,6
VIII,4114,Chamois (including combination chamois) leather; patent leather and patent laminated leather; metallised leather,41,4
VIII,411410,Leather; chamois (including combination chamois),4114,6
VIII,411420,Leather; patent leather and laminated patent leather; metallised leather,4114,6
VIII,4115,"Composition leather with a basis of leather or leather fibre, in slabs, sheets or strip, in rolls or not; parings and other waste of leather or of composition leather, not suitable for the manufacture of leather articles; leather dust, powder and flour",41,4
VIII,411510,"Leather; composition leather with a basis of leather or leather fibre, in slabs, sheets or strip, whether or not in rolls",4115,6
VIII,411520,"Leather; parings and other waste, of leather or composition leather; not suitable for the manufacture of leather articles; leather dust, powder and flour",4115,6
VIII,42,"Articles of leather; saddlery and harness; travel goods, handbags and similar containers; articles of animal gut (other than silk-worm gut)",TOTAL,2
VIII,4201,"Saddlery and harness for any animal (including traces, leads, knee pads, muzzles, saddle cloths, saddle bags, dog coats and the like) of any material",42,4
VIII,420100,"Saddlery and harness; for any animal (including traces, leads, knee pads, muzzles, saddle cloths, saddle bags, dog coats and the like), of any materials",4201,6
VIII,4202,"Trunks; suit, camera, jewellery, cutlery cases; travel, tool, similar bags; wholly or mainly covered by leather, composition leather, plastic sheeting, textile materials, vulcanised fibre, paperboard",42,4
VIII,420211,"Cases and containers; trunks, suit-cases, vanity-cases, executive-cases, brief-cases, school satchels and similar containers, with outer surface of leather or of composition leather",4202,6
VIII,420212,"Cases and containers; trunks, suit-cases, vanity-cases, executive-cases, brief-cases, school satchels and similar containers, with outer surface of plastics or of textile materials",4202,6
VIII,420219,"Cases and containers; trunks, suit-cases, vanity-cases, executive-cases, brief-cases, school satchels and similar containers, of vulcanised fibre or of paperboard, or wholly or mainly covered with such materials or with paper",4202,6
VIII,420221,"Cases and containers; handbags (whether or not with shoulder strap and including those without handle), with outer surface of leather or of composition leather",4202,6
VIII,420222,"Cases and containers; handbags (whether or not with shoulder strap and including those without handle), with outer surface of sheeting of plastics or of textile materials",4202,6
VIII,420229,"Cases and containers; handbags (whether or not with shoulder strap and including those without handle), of vulcanised fibre or of paperboard, or wholly or mainly covered with such materials or with paper",4202,6
VIII,420231,"Cases and containers; of a kind normally carried in the pocket or in the handbag, with outer surface of leather or of composition leather",4202,6
VIII,420232,"Cases and containers; of a kind normally carried in the pocket or in the handbag, with outer surface of sheeting of plastics or of textile materials",4202,6
VIII,420239,"Cases and containers; of a kind normally carried in the pocket or in the handbag, of vulcanised fibre or of paperboard, or wholly or mainly covered with such materials or with paper",4202,6
VIII,420291,"Cases and containers; n.e.c. in heading 4202, with outer surface of leather or of composition leather",4202,6
VIII,420292,"Cases and containers; n.e.c. in heading 4202, with outer surface of sheeting of plastics or of textile materials",4202,6
VIII,420299,"Cases and containers; n.e.c. in heading 4202, of vulcanised fibre or of paperboard, or wholly or mainly covered with such materials or with paper",4202,6
VIII,4203,"Articles of apparel and clothing accessories, of leather or of composition leather",42,4
VIII,420310,"Apparel; articles of apparel, of leather or of composition leather",4203,6
VIII,420321,"Clothing accessories; gloves, mittens and mitts, specially designed for use in sports, of leather or composition leather, padded",4203,6
VIII,420329,"Clothing accessories; gloves, mittens and mitts, n.e.c. in heading no. 4203, of leather or composition leather, not specially designed for use in sports",4203,6
VIII,420330,"Clothing accessories; belts and bandoliers, of leather or of composition leather",4203,6
VIII,420340,"Clothing accessories; of leather or of composition leather, n.e.c. in heading no. 4203",4203,6
VIII,4205,Leather or composition leather articles n.e.c. in chapter 42,42,4
VIII,420500,"Leather articles; n.e.c. in chapter 42, of leather or composition leather",4205,6
VIII,4206,"Articles of gut (other than silk-worm gut), of goldbeater's skin, of bladders or of tendons",42,4
VIII,420600,"Articles of gut (other than silk-worm gut), of goldbeater's skin, of bladders or of tendons",4206,6
VIII,43,Furskins and artificial fur; manufactures thereof,TOTAL,2
VIII,4301,"Raw furskins (including heads, tails, paws, other pieces or cuttings, suitable for furriers' use), excluding raw hides and skins of heading no. 4101, 4102 or 4103",43,4
VIII,430110,"Furskins; raw, of mink, whole, with or without head, tail or paws",4301,6
VIII,430130,"Furskins; raw, of Astrakhan, Broadtail, Caracul, Persian and similar lamb, Indian, Chinese, Mongolian or Tibetan lamb, whole, with or without head, tail or paws",4301,6
VIII,430160,"Furskins; raw, of fox, whole, with or without head, tail or paws",4301,6
VIII,430180,"Furskins; raw, of animals n.e.c. in heading no. 4301, whole, with or without head, tail or paws (excluding goods of heading no. 4101, 4102 and 4103)",4301,6
VIII,430190,"Furskins; raw, heads, tails, paws and other pieces or cuttings, suitable for furrier's use, excluding goods of heading no. 4101, 4102 and 4103",4301,6
VIII,4302,"Tanned or dressed furskins (including heads, tails, paws, other pieces, cuttings), unassembled, or assembled (without addition of other materials), excluding those of heading no. 4303",43,4
VIII,430211,"Furskins; tanned or dressed, of mink, whole, with or without head, tail or paws, not assembled",4302,6
VIII,430219,"Furskins; tanned or dressed, whole, with or without head, tail or paws, not assembled, n.e.c. in heading no. 4302, excluding goods or heading no. 4303",4302,6
VIII,430220,"Furskins; tanned or dressed, heads, tails, paws and other pieces or cuttings, not assembled, excluding goods of heading no. 4303",4302,6
VIII,430230,"Furskins; tanned or dressed, whole skins and pieces or cuttings thereof, assembled, excluding goods of heading no. 4303",4302,6
VIII,4303,"Articles of apparel, clothing accessories and other articles of furskin",43,4
VIII,430310,Furskin articles; apparel and clothing accessories,4303,6
VIII,430390,Furskin articles; other than apparel and clothing accessories,4303,6
VIII,4304,Artificial fur and articles thereof,43,4
VIII,430400,"Fur, artificial; articles thereof",4304,6
IX,44,Wood and articles of wood; wood charcoal,TOTAL,2
IX,4401,"Fuel wood, in logs, billets, twigs, faggots or similar forms; wood in chip or particles; sawdust and wood waste and scrap, whether or not agglomerated in logs, briquettes, pellets or similar forms",44,4
IX,440111,"Wood; for fuel, in logs, in billets, in twigs, in faggots or similar forms, whether or not agglomerated, coniferous",4401,6
IX,440112,"Wood; for fuel, in logs, in billets, in twigs, in faggots or similar forms, whether or not agglomerated, non-coniferous",4401,6
IX,440121,"Wood; for fuel, in chips or particles, coniferous, whether or not agglomerated",4401,6
IX,440122,"Wood; for fuel, in chips or particles, non-coniferous, whether or not agglomerated",4401,6
IX,440131,"Wood; for fuel, sawdust and wood waste and scrap, agglomerated in wood pellets",4401,6
IX,440132,"Wood; for fuel, sawdust and wood waste and scrap, agglomerated in wood briquettes",4401,6
IX,440139,"Wood; for fuel, sawdust and wood waste and scrap, agglomerated in logs or similar forms, other than wood pellets or wood briquettes",4401,6
IX,440141,"Wood; for fuel, sawdust and wood waste and scrap, not agglomerated; sawdust",4401,6
IX,440149,"Wood; for fuel, sawdust and wood waste and scrap, not agglomerated and not including sawdust",4401,6
IX,4402,"Wood charcoal (including shell or nut charcoal), whether or not agglomerated",44,4
IX,440210,"Wood; charcoal of bamboo, whether or not agglomerated",4402,6
IX,440220,"Wood; charcoal of nut or shell, whether or not agglomerated",4402,6
IX,440290,"Wood; charcoal of wood other than bamboo, nut or shell, whether or not agglomerated",4402,6
IX,4403,"Wood in the rough, whether or not stripped of bark or sapwood, or roughly squared",44,4
IX,440311,"Wood; coniferous species, in the rough, whether or not stripped of bark or sapwood, or roughly squared; treated with paint, stains, creosote or other preservatives",4403,6
IX,440312,"Wood; non-coniferous species, in the rough, whether or not stripped of bark or sapwood, or roughly squared; treated with paint, stains, creosote or other preservatives",4403,6
IX,440321,"Wood; coniferous species, of pine (Pinus spp.), in the rough, whether or not stripped of bark or sapwood, or roughly squared, untreated, of which the smallest cross-sectional dimension is 15 cm or more",4403,6
IX,440322,"Wood; coniferous species, of pine (Pinus spp.), in the rough, whether or not stripped of bark or sapwood, or roughly squared, untreated, of which any cross-sectional dimension is less than 15 cm",4403,6
IX,440323,"Wood; coniferous species, of fir (Abies spp.) and spruce (Picea spp.), in the rough, whether or not stripped of bark or sapwood, or roughly squared, untreated, of which the smallest cross-sectional dimension is 15 cm or more",4403,6
IX,440324,"Wood; coniferous species, of fir (Abies spp.) and spruce (Picea spp.), in the rough, whether or not stripped of bark or sapwood, or roughly squared, untreated, of which any cross-sectional dimension is less than 15 cm",4403,6
IX,440325,"Wood; coniferous species n.e.c. in headings 4403.21 or 4403.23, in the rough, whether or not stripped of bark or sapwood, or roughly squared, untreated, of which the smallest cross-sectional dimension is 15 cm or more",4403,6
IX,440326,"Wood; coniferous species n.e.c in headings 4403.22 or 4403.24, in the rough, whether or not stripped of bark or sapwood, or roughly squared, untreated, of which any cross-sectional dimension is less than 15 cm",4403,6
IX,440341,"Wood, tropical; as specified in Subheading Note 2 to this Chapter, dark red meranti, light red meranti and meranti bakau, in the rough, whether or not stripped of bark or sapwood, or roughly squared, untreated",4403,6
IX,440342,"Wood, tropical; teak, in the rough, whether or not stripped of bark or sapwood, or roughly squared, untreated",4403,6
IX,440349,"Wood, tropical; other than dark red meranti, light red meranti meranti bakau and teak, in the rough, whether or not stripped of bark or sapwood, or roughly squared, untreated",4403,6
IX,440391,"Wood; oak, in the rough, whether or not stripped of bark or sapwood, or roughly squared, untreated",4403,6
IX,440393,"Wood; of beech (Fagus spp.), in the rough, whether or not stripped of bark or sapwood, or roughly squared, untreated, of which the smallest cross-sectional dimension is 15 cm or more",4403,6
IX,440394,"Wood; of beech (Fagus spp.), in the rough, whether or not stripped of bark or sapwood, or roughly squared, untreated, of which any cross-sectional dimension is less than 15 cm",4403,6
IX,440395,"Wood; of birch (Betula spp.), in the rough, whether or not stripped of bark or sapwood, or roughly squared, untreated, of which the smallest cross-sectional dimension is 15 cm or more",4403,6
IX,440396,"Wood; of birch (Betula spp.), in the rough, whether or not stripped of bark or sapwood, or roughly squared, untreated, of which any cross-sectional dimension is less than 15 cm",4403,6
IX,440397,"Wood; of poplar and aspen (Populus spp.), in the rough, whether or not stripped of bark or sapwood, or roughly squared, untreated",4403,6
IX,440398,"Wood; of eucalyptus (Eucalyptus spp.), in the rough, whether or not stripped of bark or sapwood, or roughly squared, untreated",4403,6
IX,440399,"Wood; in the rough, whether or not stripped of bark or sapwood, or roughly squared, untreated, n.e.c. in heading no. 4403",4403,6
IX,4404,"Hoopwood; split poles; piles, pickets, stakes of wood, pointed, not sawn lengthwise; wooden sticks, roughly trimmed, not turned, bent, etc., suitable for walking sticks, umbrellas, tool handles, etc.",44,4
IX,440410,"Wood; coniferous, split poles, piles, pickets, stakes, pointed but not sawn lengthwise; sticks for umbrellas, tool handles etc, roughly trimmed but not turned or bent; chipwood etc, hoopwood",4404,6
IX,440420,"Wood; non-coniferous, split poles, piles, pickets, stakes, pointed but not sawn lengthwise; sticks for umbrellas, tool handles etc, roughly trimmed but not turned or bent; chipwood etc, hoopwood",4404,6
IX,4405,Wood wool; wood flour,44,4
IX,440500,Wood; wood wool and wood flour,4405,6
IX,4406,Railway or tramway sleepers (cross-ties) of wood,44,4
IX,440611,"Wood; railway or tramway sleepers (cross-ties), not impregnated, coniferous",4406,6
IX,440612,"Wood; railway or tramway sleepers (cross-ties), not impregnated, non-coniferous",4406,6
IX,440691,"Wood; railway or tramway sleepers (cross-ties), impregnated, coniferous",4406,6
IX,440692,"Wood; railway or tramway sleepers (cross-ties), impregnated, non-coniferous",4406,6
IX,4407,"Wood sawn or chipped lengthwise, sliced or peeled, whether or not planed, sanded or finger-jointed, of a thickness exceeding 6mm",44,4
IX,440711,"Wood; coniferous species, of pine (Pinus spp.), sawn or chipped lengthwise, sliced or peeled, whether or not planed, sanded or finger-jointed, of a thickness exceeding 6mm",4407,6
IX,440712,"Wood; coniferous species, of fir (Abies spp.) and spruce (Picea spp.), sawn or chipped lengthwise, sliced or peeled, whether or not planed, sanded or finger-jointed, of a thickness exceeding 6mm",4407,6
IX,440713,"Wood; coniferous species, of S-P-F (spruce (Picea spp.), pine (Pinus spp.) and fir (Abies spp.)), sawn or chipped lengthwise, sliced or peeled, whether or not planed, sanded or finger-jointed, of a thickness exceeding 6mm",4407,6
IX,440714,"Wood; coniferous species, of Hem-fir (western hemlock (Tsuga heterophylla) and fir (Abies spp.))",4407,6
IX,440719,"Wood; coniferous species, other than of pine (Pinus spp.) or fir (Abies spp.) or spruce (Picea spp.), sawn or chipped lengthwise, sliced or peeled, whether or not planed, sanded or finger-jointed, of a thickness exceeding 6mm",4407,6
IX,440721,"Wood, tropical; as specified in Subheading Note 2 to this Chapter, mahogany (Swietenia spp.), sawn or chipped lengthwise, sliced or peeled, whether or not planed, sanded or finger-jointed, thicker than 6mm",4407,6
IX,440722,"Wood, tropical; virola, imbuia and balsa, sawn or chipped lengthwise, sliced or peeled, whether or not planed, sanded or finger-jointed, thicker than 6mm",4407,6
IX,440723,"Wood, tropical; teak, sawn or chipped lengthwise, sliced or peeled, planed, square dressed, structural, thicker than 6mm",4407,6
IX,440725,"Wood, tropical; dark red meranti, light red meranti and meranti bakau, sawn or chipped lengthwise, sliced or peeled, whether or not planed, sanded or finger-jointed, thicker than 6mm",4407,6
IX,440726,"Wood, tropical; white lauan, white meranti, white seraya, yellow meranti and alan, sawn or chipped lengthwise, sliced or peeled, whether or not planed, sanded or finger-jointed, thicker than 6mm",4407,6
IX,440727,"Wood, tropical; sapelli, sawn or chipped lengthwise, sliced or peeled, whether or not planed, sanded or finger-jointed, thicker than 6mm",4407,6
IX,440728,"Wood, tropical; iroko, sawn or chipped lengthwise, sliced or peeled, whether or not planed, sanded or finger-jointed, thicker than 6mm",4407,6
IX,440729,"Wood, tropical, n.e.c. in item no. 4407.2, sawn or chipped lengthwise, sliced or peeled, whether or not planed, sanded or finger-jointed, of a thickness exceeding 6mm",4407,6
IX,440791,"Wood; oak (Quercus spp.), sawn or chipped lengthwise, sliced or peeled, whether or not planed, sanded or finger-jointed, thicker than 6mm",4407,6
IX,440792,"Wood; beech (Fagus spp.), sawn or chipped lengthwise, sliced or peeled, whether or not planed, sanded or finger-jointed, thicker than 6mm",4407,6
IX,440793,"Wood; maple (Acer spp.), sawn or chipped lengthwise, sliced or peeled, whether or not planed, sanded or finger-jointed, thicker than 6mm",4407,6
IX,440794,"Wood; cherry (Prunus spp.), sawn or chipped lengthwise, sliced or peeled, whether or not planed, sanded or finger-jointed, thicker than 6mm",4407,6
IX,440795,"Wood; ash (Fraxinus spp.), sawn or chipped lengthwise, sliced or peeled, whether or not planed, sanded or finger-jointed, thicker than 6mm",4407,6
IX,440796,"Wood; of birch (Betula spp.), sawn or chipped lengthwise, sliced or peeled, of a thickness exceeding 6mm, whether or not planed, sanded or finger-jointed",4407,6
IX,440797,"Wood; of poplar and aspen (Populus spp.), sawn or chipped lengthwise, sliced or peeled, of a thickness exceeding 6mm, whether or not planed, sanded or finger-jointed",4407,6
IX,440799,"Wood; sawn or chipped lengthwise, sliced or peeled, of a thickness exceeding 6mm, whether or not planed, sanded or finger-jointed, n.e.c. in heading no. 4407",4407,6
IX,4408,"Sheets for veneering (including those obtained by slicing laminated wood), for plywood or for similar laminated wood and other wood, sawn lengthwise, sliced or peeled, planed or not, sanded, spliced or end-jointed, of a thickness not exceeding 6 mm",44,4
IX,440810,"Wood; coniferous, sheets for veneering (including those obtained by slicing laminated wood), for plywood or similar laminated wood and other wood, sawn lengthwise, sliced or peeled, planed or not, sanded, spliced or end-jointed, not over 6 mm thick",4408,6
IX,440831,"Wood, tropical; as specified in Subheading Note 2 to this Chapter, dark red meranti, light red meranti, meranti bakau, sheets for veneer, plywood or other wood, sawn lengthwise, sliced or peeled, planed or not, sanded or end-jointed, not thicker than 6mm",4408,6
IX,440839,"Wood, of tropical wood; as in Subheading note 2 to this Chapter, n.e.c. in heading no. 4408.31, sheets for veneer or plywood, other wood sawn length wise, sliced or peeled, whether or not planed, sanded or end-jointed, not thicker than 6mm",4408,6
IX,440890,"Wood; n.e.c. in heading no. 4408, sheets for veneer or plywood, other wood sawn lengthwise, sliced or peeled, whether or not planed, sanded or end-jointed, not exceeding 6mm in thickness",4408,6
IX,4409,"Wood (including strips, friezes for parquet flooring, not assembled), continuously shaped (tongued, grooved, v-jointed, beaded or the like) along any edges, ends or faces, whether or not planed, sanded or end-jointed",44,4
IX,440910,"Wood; coniferous (including unassembled strips and friezes for parquet flooring), continuously shaped along any edges, ends or faces, whether or not planed, sanded or end-jointed",4409,6
IX,440921,"Wood; bamboo (including unassembled strips and friezes for parquet flooring), continuously shaped along any edges, ends or faces, whether or not planed, sanded or end-jointed",4409,6
IX,440922,"Wood; tropical (including unassembled strips and friezes for parquet flooring), continuously shaped along any edges, ends or faces, whether or not planed, sanded or end-jointed",4409,6
IX,440929,"Wood; non-coniferous, other than bamboo or tropical wood, (including unassembled strips and friezes for parquet flooring), continuously shaped along any edges, ends or faces, whether or not planed, sanded or end-jointed",4409,6
IX,4410,"Particle board, oriented strand board (OSB) and similar board (e.g. waferboard) of wood or other ligneous materials, whether or not agglomerated with resins or other organic binding substances",44,4
IX,441011,"Particle board of wood, whether or not agglomerated with resins or other organic binding substances",4410,6
IX,441012,"Oriented strand board (OSB) of wood, whether or not agglomerated with resins or other organic binding substances",4410,6
IX,441019,"Wafer board and similar board of wood n.e.c. in item no. 4410.1, whether or not agglomerated with resins or other organic binding substances",4410,6
IX,441090,"Particle board, oriented strand board (OSB) and similar board of ligneous materials other than wood, whether or not agglomerated with resins or other organic binding substances",4410,6
IX,4411,"Fibreboard of wood or other ligneous materials, whether or not bonded with resins or other organic substances",44,4
IX,441112,"Medium density fibreboard (MDF), of a thickness not exceeding 5 mm",4411,6
IX,441113,"Medium density fibreboard (MDF), of a thickness exceeding 5 mm but not exceeding 9 mm",4411,6
IX,441114,"Medium density fibreboard (MDF), of a thickness exceeding 9 mm",4411,6
IX,441192,"Fibreboard (other than MDF) of a density exceeding 0.8g/cm3, of wood or other ligneous materials, bonded or not with resins or other organic substances",4411,6
IX,441193,"Fibreboard (other than MDF) of a density exceeding 0.5g/cm3 but not 0.8g/cm3, of wood or other ligneous materials, bonded or not with resins or other organic substances",4411,6
IX,441194,"Fibreboard (other than MDF) of a density not exceeding 0.5g/cm3, of wood or other ligneous materials, bonded or not with resins or other organic substances",4411,6
IX,4412,"Plywood, veneered panels and similar laminated wood",44,4
IX,441210,"Plywood, veneered panels and similar laminated wood; of bamboo",4412,6
IX,441231,"Plywood; consisting only of sheets of wood (not bamboo), each ply 6mm or thinner, with at least one outer ply of tropical wood",4412,6
IX,441233,"Plywood; with sheets of wood only; not bamboo; each ply 6mm or less, with at least one outer ply of alder, ash, beech, birch, cherry, chestnut, elm, eucalyptus, hickory, horse chestnut, lime, maple, oak, plane, poplar, aspen, robinia, tulipwood or walnut",4412,6
IX,441234,"Plywood; consisting only of sheets of wood (not bamboo), each ply 6mm or thinner, with at least one outer ply of non-coniferous wood not listed in subheading 4412.33",4412,6
IX,441239,"Plywood; consisting only of sheets of wood (not bamboo), each ply 6mm or thinner, with both outer plies of coniferous wood",4412,6
IX,441241,"Plywood, veneered panels and similar laminated wood; laminated veneered lumber (LVL); with at least one outer ply of tropical wood",4412,6
IX,441242,Laminated veneered lumber (LVL); with at least one outer ply of non-coniferous wood,4412,6
IX,441249,Laminated veneered lumber (LVL); with both outer plies of coniferous wood,4412,6
IX,441251,"Blockboard, laminboard and battenboard; with at least one outer layer of tropical wood",4412,6
IX,441252,"Blockboard, laminboard and battenboard; with at least one outer ply of non-coniferous wood, (not containing particle board)",4412,6
IX,441259,"Blockboard, laminboard and battenboard; with both outer plies of coniferous wood",4412,6
IX,441291,"Plywood; n.e.c. in heading 4412, with at least one outer ply of tropical wood",4412,6
IX,441292,"Plywood; n.e.c. in heading 4412, with at least one outer ply of non-coniferous wood",4412,6
IX,441299,"Plywood; n.e.c. in heading 4412, with both outer plies of coniferous wood",4412,6
IX,4413,"Densified wood, in blocks, plates, strips or profile shapes",44,4
IX,441300,"Wood; densified wood, in blocks, plates, strips or profile shapes",4413,6
IX,4414,"Wooden frames; for paintings, photographs, mirrors or similar objects",44,4
IX,441410,"Wooden frames; for paintings, photographs, mirrors or similar objects; of tropical wood",4414,6
IX,441490,"Wooden frames; for paintings, photographs, mirrors or similar objects; not of tropical wood",4414,6
IX,4415,"Packing cases, boxes, crates, drums and similar packings, of wood; cable-drums of wood; pallets, box pallets and other load boards, of wood; pallet collars of wood",44,4
IX,441510,"Wood; cases, boxes, crates, drums, similar packings and cable-drums",4415,6
IX,441520,"Wood; pallets, box pallets and other load boards; pallet collars",4415,6
IX,4416,"Casks, barrels, vats, tubs and other coopers' products and parts thereof, of wood, including staves",44,4
IX,441600,"Wood; casks, barrels, vats, tubs and other coopers' products and parts thereof, of wood, including staves",4416,6
IX,4417,"Tools, tool bodies, tool handles, broom or brush bodies and handles, of wood; boot or shoe lasts and trees, of wood",44,4
IX,441700,"Wood; tools, tool bodies, tool handles, broom or brush bodies and handles, boot and shoe lasts and trees, of wood",4417,6
IX,4418,"Builders' joinery and carpentry of wood, including cellular wood panels, assembled flooring panels, shingles and shakes",44,4
IX,441811,"Wood; windows, French-windows and their frames; of tropical wood",4418,6
IX,441819,"Wood; windows, French-windows and their frames; (of other than tropical wood)",4418,6
IX,441821,"Wood; doors and their frames and thresholds, of tropical wood;",4418,6
IX,441829,"Wood; doors and their frames and thresholds, (of other than tropical wood)",4418,6
IX,441830,wood; posts and beams other than products of subheadings 4418.81 to 4418.89,4418,6
IX,441840,Wood; shuttering for concrete constructional work,4418,6
IX,441850,Wood; shingles and shakes,4418,6
IX,441873,"Wood; assembled flooring panels, of bamboo or with at least the top layer (wear layer) of bamboo",4418,6
IX,441874,"Wood; assembled flooring panels, not of bamboo or with at least the top layer (wear layer) of bamboo, for mosaic floors",4418,6
IX,441875,"Wood; assembled flooring panels, not of bamboo or with at least the top layer (wear layer) of bamboo, multilayer",4418,6
IX,441879,"Wood; assembled flooring panels, n.e.c in headings 4418.73, 4418.74 or 4418.75",4418,6
IX,441881,"Wood; engineered structural timber products, glue-laminated timber (glulam)",4418,6
IX,441882,"Wood; engineered structural timber products, cross-laminated timber (CLT or X-lam)",4418,6
IX,441883,"Wood; engineered structural timber products, I beams",4418,6
IX,441889,"Wood; engineered structural timber products, other than glue-laminated timber (glulam), cross-laminated timber (CLT or X-lam), or I beams",4418,6
IX,441891,"Wood; builders' joinery and carpentry of wood n.e.c. in heading no. 4418, of bamboo",4418,6
IX,441892,"Wood; builders' joinery and carpentry of wood n.e.c. in heading no. 4418, cellular wood panels",4418,6
IX,441899,"Wood; builders' joinery and carpentry of wood n.e.c. in heading no. 4418, other than of bamboo or cellular wood panels",4418,6
IX,4419,"Tableware and kitchenware, of wood",44,4
IX,441911,"Tableware and kitchenware, of wood; of bamboo, bread boards, chopping boards and similar boards",4419,6
IX,441912,"Tableware and kitchenware, of wood; of bamboo, chopsticks",4419,6
IX,441919,"Tableware and kitchenware, of wood; of bamboo, n.e.c. in heading 4419",4419,6
IX,441920,"Tableware and kitchenware, of wood; of tropical wood",4419,6
IX,441990,"Tableware and kitchenware, of wood; not of bamboo or tropical wood",4419,6
IX,4420,"Wood marquetry and inlaid wood; caskets and cases for jewellery or cutlery, and similar articles of wood; statuettes and other ornaments of wood; wooden articles of furniture not falling in chapter 94",44,4
IX,442011,"Wood; statuettes and other ornaments, of tropical wood",4420,6
IX,442019,"Wood; statuettes and other ornaments, of other than tropical wood",4420,6
IX,442090,"Wood; marquetry and inlaid wood, caskets and cases for jewellery or cutlery and similar articles of wood, wooden articles of furniture not falling in chapter 94",4420,6
IX,4421,Wooden articles n.e.c. in heading no. 4414 to 4420,44,4
IX,442110,Wood; clothes hangers,4421,6
IX,442120,Wood; coffins,4421,6
IX,442191,"Wood; of bamboo, articles n.e.c. in heading no. 4414 to 4420 (excluding clothes hangers)",4421,6
IX,442199,"Wood; not of bamboo, articles n.e.c. in heading no. 4414 to 4420 (excluding clothes hangers)",4421,6
IX,45,Cork and articles of cork,TOTAL,2
IX,4501,"Natural cork, raw or simply prepared; waste cork; crushed, granulated or ground cork",45,4
IX,450110,"Cork; natural cork, raw or simply prepared",4501,6
IX,450190,"Cork; waste cork, crushed, granulated or ground cork",4501,6
IX,4502,"Natural cork, debacked or roughly squared, or in rectangular (including square) blocks, plates, sheets or strip, (including sharp-edged blanks for corks or stoppers)",45,4
IX,450200,"Cork; natural cork, debacked or roughly squared, or in rectangular (including square) blocks, plates, sheets or strip, (including sharp-edged blanks for corks or stoppers)",4502,6
IX,4503,Cork; articles of natural cork,45,4
IX,450310,"Cork; corks and stoppers, of natural cork",4503,6
IX,450390,Cork; articles of natural cork other than corks and stoppers,4503,6
IX,4504,Agglomerated cork (with or without a binding substance) and articles of agglomerated cork,45,4
IX,450410,"Cork; blocks, plates, sheets and strip, tiles of any shape, solid cylinders (including discs), of agglomerated cork (with or without a binding substance)",4504,6
IX,450490,"Cork; articles of agglomerated cork (with or without a binding substance), n.e.c. in heading no. 4504",4504,6
IX,46,"Manufactures of straw, esparto or other plaiting materials; basketware and wickerwork",TOTAL,2
IX,4601,"Plaits and similar products of plaiting materials, assembled into strips or not; plaiting materials, plaits and the like bound together in parallel strands or woven in sheet form, finished articles or not",46,4
IX,460121,"Plaiting materials, plaits and similar products of plaiting materials; mats, matting and screens, of bamboo",4601,6
IX,460122,"Plaiting materials, plaits and similar products of plaiting materials; mats, matting and screens, of rattan",4601,6
IX,460129,"Plaiting materials, plaits and similar products of plaiting materials; mats, matting and screens, of vegetable materials other than bamboo or rattan",4601,6
IX,460192,"Plaiting materials, plaits and similar products of plaiting materials; (not mats, matting or screens), of bamboo",4601,6
IX,460193,"Plaiting materials, plaits and similar products of plaiting materials; (not mats, matting or screens), of rattan",4601,6
IX,460194,"Plaiting materials, plaits and similar products of plaiting materials; (not mats, matting or screens), of vegetable materials other than bamboo or rattan",4601,6
IX,460199,"Plaiting materials, plaits and similar products of plaiting materials; products of non-vegetable materials",4601,6
IX,4602,"Basketwork, wickerwork and other articles, made directly to shape from plaiting materials or made up from goods of heading no. 4601; articles of loofah",46,4
IX,460211,"Basketwork, wickerwork and other articles; of bamboo, made directly to shape from plaiting materials or made up from goods of heading no. 4601",4602,6
IX,460212,"Basketwork, wickerwork and other articles; of rattan, made directly to shape from plaiting materials or made up from goods of heading no. 4601",4602,6
IX,460219,"Basketwork, wickerwork and other articles; of vegetable materials (not bamboo or rattan), made directly to shape from plaiting materials or made up from goods of heading no. 4601; articles of loofah",4602,6
IX,460290,"Basketwork, wickerwork and other articles; of non-vegetable materials, made directly to shape from plaiting materials or made up from goods of heading no. 4601",4602,6
X,47,Pulp of wood or other fibrous cellulosic material; recovered (waste and scrap) paper or paperboard,TOTAL,2
X,4701,"Wood pulp, mechanical wood pulp",47,4
X,470100,Wood pulp; mechanical wood pulp,4701,6
X,4702,"Chemical wood pulp, dissolving grades",47,4
X,470200,"Wood pulp; chemical wood pulp, dissolving grades",4702,6
X,4703,"Chemical wood pulp, soda or sulphate, other than dissolving grades",47,4
X,470311,"Wood pulp; chemical wood pulp, soda or sulphate, (other than dissolving grades), unbleached, of coniferous wood",4703,6
X,470319,"Wood pulp; chemical wood pulp, soda or sulphate, (other than dissolving grades), unbleached, of non-coniferous wood",4703,6
X,470321,"Wood pulp; chemical wood pulp, soda or sulphate, (other than dissolving grades), semi-bleached or bleached, of coniferous wood",4703,6
X,470329,"Wood pulp; chemical wood pulp, soda or sulphate, (other than dissolving grades), semi-bleached or bleached, of non-coniferous wood",4703,6
X,4704,"Chemical wood pulp, sulphite, other than dissolving grades",47,4
X,470411,"Wood pulp; chemical wood pulp, sulphite, (other than dissolving grades), unbleached, of coniferous wood",4704,6
X,470419,"Wood pulp; chemical wood pulp, sulphite, (other than dissolving grades), unbleached, of non-coniferous wood",4704,6
X,470421,"Wood pulp; chemical wood pulp, sulphite, (other than dissolving grades), semi-bleached or bleached, of coniferous wood",4704,6
X,470429,"Wood pulp; chemical wood pulp, sulphite, (other than dissolving grades), semi-bleached or bleached, of non-coniferous wood",4704,6
X,4705,Wood pulp obtained by a combination of mechanical and chemical pulping processes,47,4
X,470500,Wood pulp; obtained by a combination of mechanical and chemical pulping processes,4705,6
X,4706,Pulps of fibres derived from recovered (waste and scrap) paper or paperboard or of other fibrous cellulosic material,47,4
X,470610,Pulp; cotton linters pulp,4706,6
X,470620,Pulp; of fibres derived from recovered (waste and scrap) paper or paperboard,4706,6
X,470630,Pulp; of bamboo,4706,6
X,470691,"Pulp; of fibrous cellulosic material, other than of bamboo or fibres derived from recovered (waste and scrap) paper or paperboard or from cotton linters pulp, mechanical",4706,6
X,470692,"Pulp; of fibrous cellulosic material, other than of bamboo or fibres derived from recovered (waste and scrap) paper or paperboard or from cotton linters pulp, chemical",4706,6
X,470693,"Pulp; of fibrous cellulosic material, other than of bamboo or fibres derived from recovered (waste and scrap) paper or paperboard or from cotton linters pulp, obtained by a combination of mechanical and chemical processes",4706,6
X,4707,Waste and scrap of paper and paperboard,47,4
X,470710,"Paper or paperboard; waste and scrap, of unbleached kraft paper or paperboard or corrugated paper or paperboard",4707,6
X,470720,"Paper or paperboard; waste and scrap, paper or paperboard made mainly of bleached chemical pulp, not coloured in the mass",4707,6
X,470730,"Paper or paperboard; waste and scrap, paper or paperboard made mainly of mechanical pulp (e.g. newspapers, journals and similar printed matter)",4707,6
X,470790,"Paper or paperboard; waste and scrap, of paper or paperboard n.e.c. in heading no. 4707 and of unsorted waste and scrap",4707,6
X,48,"Paper and paperboard; articles of paper pulp, of paper or paperboard",TOTAL,2
X,4801,"Newsprint, in rolls or sheets",48,4
X,480100,"Newsprint; made of fibres obtained essentially by a chemi-mechanical process or of a weight, per m2, of more than 57g but not more than 65g, in rolls or sheets",4801,6
X,4802,"Uncoated paper and paperboard, used for writing, printing or other graphics, non perforated punch-cards and punch tape paper, in rolls or rectangular sheets, of any size, other than paper of heading 4801 or 4803; hand-made paper and paperboard",48,4
X,480210,Hand-made paper or paperboard,4802,6
X,480220,"Uncoated paper and paperboard (not 4801 or 4803); of a kind used as a base for photo-sensitive, heat-sensitive or electro-sensitive paper or paperboard, in rolls or sheets",4802,6
X,480240,"Uncoated paper and paperboard (not 4801 or 4803); wallpaper base, in rolls or sheets",4802,6
X,480254,"Uncoated paper and paperboard (not 4801 or 4803); printing, writing or graphic, 10% or less by weight of mechanical or chemi-mechanical processed fibre, weighing less than 40g/m2, in rolls or sheets",4802,6
X,480255,"Uncoated paper and paperboard (not 4801 or 4803); printing, writing or graphic, 10% or less by weight of mechanical or chemi-mechanical processed fibre, weighing 40g/m2 to 150g/m2, in rolls",4802,6
X,480256,"Uncoated paper and paperboard (not 4801 or 4803); printing, writing or graphic, 10% or less by weight of mechanical or chemi-mechanical processed fibre, weight 40-150g/m2, in sheets 435mm or less by 297mm or less (unfolded)",4802,6
X,480257,"Uncoated paper and paperboard (not 4801 or 4803); printing, writing or graphic, 10% or less by weight of mechanical or chemi-mechanical processed fibre, weight 40-150g/m2, n.e.c. in item no. 4802.55 or 4802.56",4802,6
X,480258,"Uncoated paper and paperboard (not 4801 or 4803); printing, writing or graphic, 10% or less by weight of mechanical or chemi-mechanical processed fibre, weighing more than 150g/m2",4802,6
X,480261,"Uncoated paper and paperboard (not 4801 or 4803); over 10% by weight of mechanical or chemi-mechanical processed fibre, in rolls",4802,6
X,480262,"Uncoated paper and paperboard (not 4801 or 4803); over 10% by weight of mechanical or chemi-mechanical processed fibre, in sheets 435mm or less by 297mm or less (unfolded)",4802,6
X,480269,"Uncoated paper and paperboard (not 4801 or 4803); over 10% by weight of mechanical or chemi-mechanical processed fibre, other than rolls, other than sheets 435mm or less by 297mm or less (unfolded)",4802,6
X,4803,"Tissue, towel, napkin stock or similar; for household or sanitary uses, cellulose wadding, webs of cellulose fibres, in rolls over 36cm in width or rectangular sheets with one side exceeding 36cm when unfolded",48,4
X,480300,"Tissue, towel, napkin stock or similar; for household or sanitary use, cellulose, wadding webs of cellulose fibres, in rolls exceeding 36cm in width or rectangular sheets with one side more than 36cm in unfolded state",4803,6
X,4804,"Uncoated kraft paper and paperboard, in rolls or sheets, other than that of heading no. 4802 or 4803",48,4
X,480411,"Kraft paper and paperboard; kraftliner, uncoated, unbleached, in rolls or sheets, other than that of heading no. 4802 or 4803",4804,6
X,480419,"Kraft paper and paperboard; kraftliner, uncoated, bleached, in rolls or sheets, other than that of heading no. 4802 or 4803",4804,6
X,480421,"Kraft paper and paperboard; sack kraft paper, uncoated, unbleached, in rolls or sheets, other than that of heading no. 4802 or 4803",4804,6
X,480429,"Kraft paper and paperboard; sack kraft paper, uncoated, bleached, in rolls or sheets, other than that of heading no. 4802 or 4803",4804,6
X,480431,"Kraft paper and paperboard; uncoated, unbleached, weight 150g/m2 or less, in rolls or sheets, other than that of heading no. 4802 or 4803",4804,6
X,480439,"Kraft paper and paperboard; uncoated, bleached, weight 150g/m2 or less, in rolls or sheets, other than that of heading no. 4802 or 4803",4804,6
X,480441,"Kraft paper and paperboard; uncoated, unbleached, weight more than 150g/m2 but less than 225g/m2, in rolls or sheets, other than that of heading no. 4802 or 4803",4804,6
X,480442,"Kraft paper and paperboard; uncoated, weight between 150 and 225g/m2, bleached uniformly throughout, more than 95% of total fibre content consists of chemically processed wood fibres, in rolls or sheets",4804,6
X,480449,"Kraft paper and paperboard; uncoated, weight more than 150g/m2 but less than 225g/m2, in rolls or sheets, n.e.c. in item no. 4804.4, other than that of heading no. 4802 or 4803",4804,6
X,480451,"Kraft paper and paperboard; uncoated, unbleached, weight 225g/m2 or more, in rolls or sheets, other than that of heading no. 4802 or 4803",4804,6
X,480452,"Kraft paper and paperboard; uncoated, weight 225g/m2 or more, bleached uniformly throughout, more than 95% of total fibre content consists of chemically processed wood fibres, in rolls or sheets",4804,6
X,480459,"Kraft paper and paperboard; uncoated, weight 225g/m2 or more, in rolls or sheets, n.e.c. in item no. 4804.5, other than that of heading no. 4802 or 4803",4804,6
X,4805,"Uncoated paper and paperboard n.e.c., in rolls or sheets",48,4
X,480511,"Paper and paperboard; uncoated, semi-chemical fluting paper, rolls or sheets",4805,6
X,480512,"Paper and paperboard; uncoated, straw fluting paper, rolls or sheets",4805,6
X,480519,"Paper and paperboard; uncoated, fluting paper other than semi-chemical or straw, rolls or sheets",4805,6
X,480524,"Paper & paperboard; uncoated, testliner (recycled linerboard), weight 150g/m2, or less, in rolls or sheets",4805,6
X,480525,"Paper & paperboard; uncoated, testliner (recycled linerboard), weight over 150g/m2, in rolls or sheets",4805,6
X,480530,"Paper and paperboard; sulphite wrapping paper, uncoated, in rolls or sheets",4805,6
X,480540,"Paper and paperboard; filter paper and paperboard, uncoated, in rolls or sheets",4805,6
X,480550,"Paper and paperboard; felt paper and paperboard, uncoated, in rolls or sheets",4805,6
X,480591,"Paper and paperboard; uncoated, weight 150g/m2 or less, in rolls or sheets, n.e.c. in heading no.4805",4805,6
X,480592,"Paper and paperboard; uncoated, weight more than 150g/m2 but less than 225 g/m2, in rolls or sheets, n.e.c. in heading no. 4805",4805,6
X,480593,"Paper and paperboard; uncoated, weight 225/m2 or more, in rolls or sheets, n.e.c. in heading no. 4805",4805,6
X,4806,"Vegetable parchment, greaseproof papers, tracing papers, glassine and other glazed transparent or translucent papers, in rolls or sheets",48,4
X,480610,"Paper; vegetable parchment, in rolls or sheets",4806,6
X,480620,"Paper; greaseproof papers, in rolls or sheets",4806,6
X,480630,"Paper; tracing papers, in rolls or sheets",4806,6
X,480640,"Paper; glassine and other glazed transparent or translucent papers, in rolls or sheets",4806,6
X,4807,"Composite paper and paperboard, (made by sticking layers together with an adhesive), not surface-coated or impregnated, whether or not internally reinforced, in rolls or sheets",48,4
X,480700,"Paper and paperboard; composite (made by sticking layers together with an adhesive), not surface-coated or impregnated, whether or not internally reinforced, in rolls or sheets",4807,6
X,4808,"Paper and paperboard, corrugated (with or without glued flat surface sheets), creped, crinkled, embossed or perforated, in rolls or sheets other than paper of the kind described in heading 4803",48,4
X,480810,"Paper and paperboard; corrugated, whether or not perforated, in rolls or sheets, other than paper of heading 4803",4808,6
X,480840,"Paper and paperboard; kraft paper, creped or crinkled, whether or not embossed or perforated, in rolls or sheets, other than paper of heading 4803",4808,6
X,480890,"Paper and paperboard; other than corrugated (with or without glued flat surface sheets) or kraft paper, creped or crinkled, whether or not embossed or perforated, in rolls or sheets, other than paper of heading 4803",4808,6
X,4809,"Carbon paper, self copy paper, and other copying or transfer papers (including coated or impregnated paper for duplicator stencils or offset plates), whether or not printed, in rolls or sheets",48,4
X,480920,"Paper; self-copy paper, whether or not printed, in rolls or sheets",4809,6
X,480990,"Paper; carbon paper and other copying or transfer papers (including coated or impregnated paper for duplicator stencils or offset plates), whether or not printed, in rolls or sheets",4809,6
X,4810,"Paper and paperboard, coated one or both sides with kaolin (china clay) or inorganic substances, with binder or not, no other coating, surface coloured or not, surface decorated or printed, in rolls or rectangular (including square) sheets, of any size",48,4
X,481013,"Paper and paperboard; coated with kaolin or other inorganic substances, for printing & writing, graphics, containing no, or not more than 10% by weight of total fibres obtained by mechanical or chemi-mechanical process, in rolls",4810,6
X,481014,"Paper and paperboard; coated with kaolin or other inorganic substances, for printing/writing/graphics, having 10% or less by weight of total fibres got mechanical/chemi-mechanical process, sheets, sides 435mm or less by 297mm or less, unfolded,",4810,6
X,481019,"Paper and paperboard; coated with kaolin or other inorganic substances, for printing/writing/graphics, having 10% or less by weight of total fibres got by mechanical/chemi-mechanical process, sides exceeding 435mm and 297mm, unfolded, sheets",4810,6
X,481022,"Paper and paperboard; coated with kaolin or other inorganic substances only, having more than 10% of mechanical or chemi-mechanical processed fibres, for writing, printing or other graphic purposes, light-weight coated paper, in rolls or sheets",4810,6
X,481029,"Paper and paperboard; coated with kaolin or other inorganic substances only, having more than 10% of mechanically processed fibres, (excluding light-weight paper), for writing, printing or other graphic purposes, in rolls or sheets",4810,6
X,481031,"Kraft paper and paperboard; uniformly bleached throughout, coated with inorganic substances, more than 95% of chemically processed wood fibres, weight 150g/m2 or less, for non-graphic purposes, in rolls or sheets",4810,6
X,481032,"Kraft paper and paperboard; uniformly bleached throughout, coated with inorganic substances, more than 95% of chemically processed wood fibres, weight more than 150g/m2, for non-graphic purposes, in rolls or sheets",4810,6
X,481039,"Kraft paper and paperboard; coated with kaolin or other inorganic substances only, for non-graphic purposes, n.e.c. in item no. 4810.31 and 4810.32, in rolls or sheets",4810,6
X,481092,"Paper and paperboard; multi-ply, coated with kaolin or other inorganic substances only, for non-graphic purposes, n.e.c. in heading no. 4810, in rolls or sheets",4810,6
X,481099,"Paper and paperboard; coated with inorganic substances only, whether or not surface-coloured, surface-decorated or printed, n.e.c. in heading no. 4810, in rolls or sheets",4810,6
X,4811,"Paper, paperboard, cellulose wadding and webs of cellulose fibres, coated, impregnated, covered, surface-coloured, decorated or printed, rolls or sheets, other than goods of heading no. 4803, 4809, or 4810",48,4
X,481110,"Paper and paperboard; tarred, bituminised or asphalted, in rolls or sheets, other than goods of heading no. 4803, 4809, or 4810",4811,6
X,481141,"Paper and paperboard; self-adhesive, in rolls or sheets, other than goods of heading no. 4803, 4809, or 4810",4811,6
X,481149,"Paper and paperboard; gummed or adhesive paper and paperboard (excluding self-adhesive), in rolls or sheets, other than goods of heading no. 4803, 4809, or 4810",4811,6
X,481151,"Paper and paperboard; coated, impregnated or covered with plastics (excluding adhesives), bleached, weighing more than 150g/m2, other than goods of heading no. 4803, 4809, or 4810",4811,6
X,481159,"Paper and paperboard; coated, impregnated or covered with plastics (excluding adhesives), other than bleached and weighing more than 150g/m2, other than goods of heading no. 4803, 4809, or 4810",4811,6
X,481160,"Paper and paperboard; coated, impregnated or covered with wax, paraffin wax, stearin, oil or glycerol, other than goods of heading no. 4803, 4809, or 4810",4811,6
X,481190,"Paper, paperboard, cellulose wadding and webs of soft cellulose fibres; coated, impregnated, covered, surface-decorated or surface-coloured, n.e.c. in heading no. 4811, in rolls or sheets",4811,6
X,4812,"Filter blocks, slabs and plates of paper pulp",48,4
X,481200,"Paper pulp; filter blocks, slabs and plates of paper pulp",4812,6
X,4813,"Cigarette paper, whether or not cut to size or in the form of booklets or tubes",48,4
X,481310,"Paper, cigarette; in the form of booklets or tubes",4813,6
X,481320,"Paper, cigarette; in rolls of a width not exceeding 5cm",4813,6
X,481390,"Paper, cigarette; (other than in rolls of a width not exceeding 5cm, or in booklets or tubes)",4813,6
X,4814,Wallpaper and similar wall coverings; window transparencies of paper,48,4
X,481420,"Wallpaper and similar wall coverings; coated or covered on the face side, with a grained, embossed, coloured, design-printed or otherwise decorated layer of plastics",4814,6
X,481490,Wallpaper and similar wall coverings and window transparencies of paper; n.e.c. in heading 4814,4814,6
X,4816,"Carbon paper, self-copy paper and other copying or transfer papers, (other than those of heading no. 4809), duplicator stencils and offset plates, of paper whether or not put up in boxes",48,4
X,481620,"Paper; self-copy paper (other than those of heading no. 4809), whether or not put up in boxes",4816,6
X,481690,"Paper; carbon paper and other copying or transfer papers (other than those of heading no. 4809), n.e.c. in item no. 4816.20",4816,6
X,4817,"Envelopes, letter cards, plain postcards and correspondence cards, of paper, paperboard; boxes, pouches, wallets and writing compendiums, of paper or paperboard containing assortment of paper stationery",48,4
X,481710,Paper and paperboard; envelopes,4817,6
X,481720,"Paper and paperboard; letter cards, plain postcards and correspondence cards",4817,6
X,481730,"Paper and paperboard; boxes, pouches, wallets and writing compendiums containing an assortment of paper stationery",4817,6
X,4818,"Toilet paper, width 36cm or less or cut to size/shape; handkerchiefs, tissues, towels, serviettes, bed sheets and similar household or hospital articles, apparel and clothing accessories of paper pulp, paper, cellulose wadding or webs of cellulose fibres",48,4
X,481810,Paper articles; toilet paper,4818,6
X,481820,"Paper articles; handkerchiefs, cleansing or facial tissues and towels",4818,6
X,481830,"Paper articles; tablecloths and serviettes, of paper, cellulose wadding or fibres",4818,6
X,481850,"Paper articles; apparel and clothing accessories of paper, cellulose wadding or fibres",4818,6
X,481890,"Paper articles; articles of paper, cellulose wadding or fibres, n.e.c. in heading no. 4818",4818,6
X,4819,"Cartons, boxes, cases, bags and the like, of paper, paperboard, cellulose wadding or fibres; box files, letter trays and the like, of paper or paperboard, of a kind used in offices, shops or the like",48,4
X,481910,"Paper and paperboard; cartons, boxes and cases, of corrugated paper or paperboard",4819,6
X,481920,"Paper and paperboard; folding cartons, boxes and cases, of non-corrugated paper or paperboard",4819,6
X,481930,"Paper and paperboard; sacks and bags of paper, paperboard, cellulose wadding or fibres, having a base of a width of 40cm or more",4819,6
X,481940,"Paper and paperboard; sacks and bags, including cones, of paper, paperboard, cellulose wadding or fibres, having a base width less than 40cm",4819,6
X,481950,"Paper and paperboard; packing containers, including record sleeves, of paper, paperboard, cellulose wadding or fibres, n.e.c. in heading no. 4819",4819,6
X,481960,"Paper and paperboard; box files, letter trays, storage boxes and similar articles, used in offices, shops or the like of paper, paperboard, cellulose wadding or webs of cellulose fibres",4819,6
X,4820,"Registers, account books, diaries and similar; albums for samples or collections, of paper or paperboard",48,4
X,482010,"Paper and paperboard; registers, account books, note books, order books, receipt books, letter pads, memorandum pads, diaries and similar articles",4820,6
X,482020,Paper and paperboard; exercise books,4820,6
X,482030,"Paper and paperboard; binders, folders and file covers",4820,6
X,482040,Paper and paperboard; manifold business forms and interleaved carbon sets,4820,6
X,482050,Paper and paperboard; albums for samples or for collections,4820,6
X,482090,Paper or paperboard; stationery n.e.c. in heading no. 4820,4820,6
X,4821,"Paper or paperboard labels of all kinds, whether or not printed",48,4
X,482110,"Paper and paperboard; labels or all kinds, printed",4821,6
X,482190,"Paper and paperboard; labels of all kinds, unprinted",4821,6
X,4822,"Bobbins, spools, cops and similar supports of paper pulp, paper or paperboard (whether or not perforated or hardened)",48,4
X,482210,"Paper pulp, paper or paperboard; bobbins, spools, cops and similar supports, of a kind used for winding textile yarn (whether or not perforated or hardened)",4822,6
X,482290,"Paper pulp, paper or paperboard; bobbins, spools, cops and similar supports, other than of a kind used for winding textile yarn (whether or not perforated or hardened)",4822,6
X,4823,"Paper, paperboard, cellulose wadding and webs of cellulose fibres; cut to size or shape, articles of paper pulp, paper and paper-board, cellulose wadding or webs of cellulose fibres, n.e.c. in chapter 48",48,4
X,482320,Paper and paperboard; filter paper and paperboard,4823,6
X,482340,"Paper and paperboard; rolls, sheets and dials, printed for self-recording apparatus",4823,6
X,482361,"Paper and paperboard; trays, dishes, plates, cups and the like, of bamboo paper or paperboard",4823,6
X,482369,"Paper and paperboard; trays, dishes, plates, cups and the like, of paper or paperboard other than of bamboo",4823,6
X,482370,Paper pulp; moulded or pressed articles or paper pulp,4823,6
X,482390,"Paper pulp, paper, paperboard, cellulose wadding or webs of cellulose fibres; articles n.e.c. in heading no. 4823",4823,6
X,49,"Printed books, newspapers, pictures and other products of the printing industry; manuscripts, typescripts and plans",TOTAL,2
X,4901,"Printed books, brochures, leaflets and similar printed matter, whether or not in single sheets",49,4
X,490110,"Printed matter; in single sheets, whether or not folded",4901,6
X,490191,"Printed matter; dictionaries, encyclopaedias and serial instalments thereof",4901,6
X,490199,"Printed matter; books, brochures, leaflets and similar printed matter n.e.c. in item no. 4901.10 or 4901.91",4901,6
X,4902,"Newspapers, journals and periodicals, whether or not illustrated or containing advertising material",49,4
X,490210,"Newspapers, journals and periodicals; whether or not illustrated or containing advertising material, appearing at least four times a week",4902,6
X,490290,"Newspapers, journals and periodicals; whether or not illustrated or containing advertising material, appearing less frequently than four times a week",4902,6
X,4903,"Children's picture, drawing or colouring books",49,4
X,490300,"Printed matter; children's picture, drawing or colouring books",4903,6
X,4904,"Music, printed or in manuscript, whether or not bound or illustrated",49,4
X,490400,"Music; printed or in manuscript, whether or not bound or illustrated",4904,6
X,4905,"Maps and hydrographic or similar charts of all kinds, including atlases, wall maps, topographical plans and globes, printed",49,4
X,490520,"Maps and hydrographic or similar charts; printed in book form, including atlases, topographical plans and similar",4905,6
X,490590,"Maps and hydrographic or similar charts; (printed other than in book form), including wall maps, topographical plans and similar",4905,6
X,4906,"Plans and drawings; for architectural, engineering, industrial, commercial, topographical or similar, being originals drawn by hand; hand-written texts; photo- graphic reproductions; their carbon copies",49,4
X,490600,"Plans and drawings; for architectural, engineering, industrial, commercial, topographical or similar, being originals drawn by hand; hand-written texts; photo- graphic reproductions; their carbon copies",4906,6
X,4907,"Unused postage, revenue or similar stamps of current or new issue in the country in which they have, or will have, a recognised face value; stamp-impressed paper; cheque forms; banknotes, stock, share or bond certificates and the like of similar title",49,4
X,490700,"Unused postage, revenue or similar stamps of current or new issue in the country in which they have, or will have, a recognised face value; stamp-impressed paper; cheque forms; banknotes, stock, share or bond certificates and the like of similar title",4907,6
X,4908,Transfers (decalcomanias),49,4
X,490810,"Printed matter; transfers (decalcomanias), vitrifiable",4908,6
X,490890,"Printed matter; transfers (decalcomanias), other than vitrifiable",4908,6
X,4909,"Printed or illustrated postcards; printed cards bearing personal greetings, messages or announcements, whether or not illustrated, with or without envelopes or trimmings",49,4
X,490900,"Printed or illustrated postcards; printed cards bearing personal greetings, messages or announcements, whether or not illustrated, with or without envelopes or trimmings",4909,6
X,4910,"Calendars of any kind, printed, including calendar blocks",49,4
X,491000,"Calendars; printed, of any kind, including calendar blocks",4910,6
X,4911,"Printed matter, n.e.c., including printed pictures and photographs",49,4
X,491110,"Printed matter; trade advertising material, commercial catalogues and the like",4911,6
X,491191,"Printed matter; pictures, designs and photographs, n.e.c. in item no. 4911.10",4911,6
X,491199,Printed matter; n.e.c. in heading no. 4911,4911,6
XI,50,Silk,TOTAL,2
XI,5001,Silk-worm cocoons suitable for reeling,50,4
XI,500100,Silk; silk-worm cocoons suitable for reeling,5001,6
XI,5002,Raw silk (not thrown),50,4
XI,500200,Silk; raw silk (not thrown),5002,6
XI,5003,"Silk waste (including cocoons unsuitable for reeling, yarn waste and garnetted stock)",50,4
XI,500300,"Silk waste (including cocoons unsuitable for reeling, yarn waste and garnetted stock)",5003,6
XI,5004,"Silk; yarn (other than yarn spun from silk waste), not put up for retail sale",50,4
XI,500400,"Silk; yarn (other than yarn spun from silk waste), not put up for retail sale",5004,6
XI,5005,"Yarn spun from silk waste, not put up for retail sale",50,4
XI,500500,"Silk; yarn spun from silk waste, not put up for retail sale",5005,6
XI,5006,"Silk yarn and yarn spun from silk waste, put up for retail sale; silk-worm gut",50,4
XI,500600,"Silk yarn and yarn spun from silk waste; put up for retail sale, and silk-worm gut",5006,6
XI,5007,Woven fabrics of silk or of silk waste,50,4
XI,500710,Silk; woven fabrics of noil silk,5007,6
XI,500720,"Silk; woven fabrics, containing 85% or more by weight of silk or of silk waste other than noil silk",5007,6
XI,500790,Silk; woven fabrics n.e.c. in heading no. 5007,5007,6
XI,51,"Wool, fine or coarse animal hair; horsehair yarn and woven fabric",TOTAL,2
XI,5101,"Wool, not carded or combed",51,4
XI,510111,"Wool; (not carded or combed), greasy (including fleece-washed wool), shorn",5101,6
XI,510119,"Wool; (other than shorn), greasy (including fleece-washed wool), not carded or combed",5101,6
XI,510121,"Wool; (not carded or combed), degreased, (not carbonised), shorn",5101,6
XI,510129,"Wool; (not carded or combed), degreased, (not carbonised), (other than shorn)",5101,6
XI,510130,"Wool; (not carded or combed), carbonised",5101,6
XI,5102,"Fine or coarse animal hair, not carded or combed",51,4
XI,510211,"Hair; fine animal hair, not carded or combed, of kashmir (cashmere) goats",5102,6
XI,510219,"Hair; fine animal hair, not carded or combed, other than of kashmir (cashmere) goats",5102,6
XI,510220,"Hair; coarse animal hair, not carded or combed",5102,6
XI,5103,"Waste of wool or of fine or coarse animal hair, including yarn waste but excluding garnetted stock",51,4
XI,510310,"Wool and hair; noils of wool or of fine animal hair, including yarn waste, but excluding garnetted stock",5103,6
XI,510320,"Wool and hair; waste of wool or of fine animal hair, including yarn waste, but excluding garnetted stock and noils of wool or of fine animal hair",5103,6
XI,510330,"Wool and hair; waste of coarse animal hair, including yarn waste, but excluding garnetted stock",5103,6
XI,5104,"Wool, or fine or coarse animal hair; garnetted stock",51,4
XI,510400,Wool and hair; garnetted stock of wool or of fine or coarse animal hair,5104,6
XI,5105,Wool and fine or coarse animal hair; carded or combed (including combed wool in fragments),51,4
XI,510510,Wool; carded,5105,6
XI,510521,"Wool; wool tops and other combed wool, in fragments",5105,6
XI,510529,"Wool; wool tops and other combed wool, other than in fragments",5105,6
XI,510531,"Hair; fine animal hair, carded or combed, of kashmir (cashmere) goats",5105,6
XI,510539,"Hair; fine animal hair, carded or combed, other than of kashmir (cashmere) goats",5105,6
XI,510540,"Hair; coarse animal hair, carded or combed",5105,6
XI,5106,"Yarn of carded wool, not put up for retail sale",51,4
XI,510610,"Yarn; of carded wool, containing 85% or more by weight of wool, not put up for retail sale",5106,6
XI,510620,"Yarn; of carded wool, containing less than 85% by weight of wool, not put up for retail sale",5106,6
XI,5107,"Yarn of combed wool, not put up for retail sale",51,4
XI,510710,"Yarn; of combed wool, containing 85% or more by weight of wool, not put up for retail sale",5107,6
XI,510720,"Yarn; of combed wool, containing less than 85% by weight of wool, not put up for retail sale",5107,6
XI,5108,"Yarn of fine animal hair (carded or combed), not put up for retail sale",51,4
XI,510810,"Yarn; of fine animal hair, carded, not put up for retail sale",5108,6
XI,510820,"Yarn; of fine animal hair, combed, not put up for retail sale",5108,6
XI,5109,"Yarn of wool or of fine animal hair, put up for retail sale",51,4
XI,510910,"Yarn; of wool or of fine animal hair, containing 85% or more by weight of wool or fine animal hair, put up for retail sale",5109,6
XI,510990,"Yarn; of wool or of fine animal hair, containing less than 85% by weight of wool or fine animal hair, put up for retail sale",5109,6
XI,5110,"Yarn of coarse animal hair or of horsehair (including gimped horsehair yarn), whether or not put up for retail sale",51,4
XI,511000,"Yarn; of coarse animal hair or of horsehair (including gimped horsehair yarn), whether or not put up for retail sale",5110,6
XI,5111,Woven fabrics of carded wool or of carded fine animal hair,51,4
XI,511111,"Fabrics, woven; of carded wool or of carded fine animal hair, containing 85% or more by weight of wool or of fine animal hair, of a weight not exceeding 300g/m2",5111,6
XI,511119,"Fabrics, woven; of carded wool or of carded fine animal hair, containing 85% or more by weight of wool or of fine animal hair, of a weight exceeding 300g/m2",5111,6
XI,511120,"Fabrics, woven; of carded wool or carded fine animal hair, containing less than 85% by weight of wool or fine animal hair, mixed mainly or solely with man-made filaments",5111,6
XI,511130,"Fabrics, woven; of carded wool or carded fine animal hair, containing less than 85% by weight of wool or fine animal hair, mixed mainly or solely with man-made staple fibres",5111,6
XI,511190,"Fabrics, woven; of carded wool or carded fine animal hair, containing less than 85% by weight of wool or fine animal hair, mixed mainly or solely with fibres n.e.c. in heading no. 5111",5111,6
XI,5112,Woven fabrics of combed wool or of combed fine animal hair,51,4
XI,511211,"Fabrics, woven; of combed wool or combed fine animal hair, containing 85% or more by weight of wool or fine animal hair, of a weight not exceeding 200g/m2",5112,6
XI,511219,"Fabrics, woven; of combed wool or combed fine animal hair, containing 85% or more by weight of wool or fine animal hair, of a weight exceeding 200g/m2",5112,6
XI,511220,"Fabrics, woven; of combed wool or combed fine animal hair, containing less than 85% by weight of wool or fine animal hair, mixed mainly or solely with man-made filaments",5112,6
XI,511230,"Fabrics, woven; of combed wool or combed fine animal hair, containing less than 85% by weight of wool or fine animal hair, mixed mainly or solely with man-made staple fibres",5112,6
XI,511290,"Fabrics, woven; of combed wool or combed fine animal hair, containing less than 85% by weight of wool or fine animal hair, mixed mainly or solely with fibres n.e.c. in heading no. 5112",5112,6
XI,5113,Woven fabrics of coarse animal hair or of horsehair,51,4
XI,511300,"Fabrics, woven; of coarse animal hair or of horsehair",5113,6
XI,52,Cotton,TOTAL,2
XI,5201,Cotton; not carded or combed,52,4
XI,520100,Cotton; not carded or combed,5201,6
XI,5202,Cotton waste (including yarn waste and garnetted stock),52,4
XI,520210,Cotton; yarn waste (including thread waste),5202,6
XI,520291,Cotton; garnetted stock waste,5202,6
XI,520299,Cotton; waste other than garnetted stock and yarn (including thread) waste,5202,6
XI,5203,"Cotton, carded or combed",52,4
XI,520300,Cotton; carded or combed,5203,6
XI,5204,"Cotton sewing thread, whether or not put up for retail sale",52,4
XI,520411,"Cotton; sewing thread, containing 85% or more by weight of cotton, not put up for retail sale",5204,6
XI,520419,"Cotton; sewing thread, containing less than 85% by weight of cotton, not put up for retail sale",5204,6
XI,520420,"Cotton; sewing thread, put up for retail sale",5204,6
XI,5205,"Cotton yarn (other than sewing thread), containing 85% or more by weight of cotton, not put up for retail sale",52,4
XI,520511,"Cotton yarn; (not sewing thread), single, of uncombed fibres, 85% or more by weight of cotton, measuring 714.29 decitex or more, (not exceeding 14 metric number), not for retail sale",5205,6
XI,520512,"Cotton yarn; (not sewing thread), single, of uncombed fibres, 85% or more by weight of cotton, less than 714.29 but not less than 232.56 decitex (exceeding 14 but not exceeding 43 metric number), not for retail sale",5205,6
XI,520513,"Cotton yarn; (not sewing thread), single, of uncombed fibres, 85% or more by weight of cotton, less than 232.56 but not less than 192.31 decitex (exceeding 43 but not exceeding 52 metric number), not for retail sale",5205,6
XI,520514,"Cotton yarn; (not sewing thread), single, of uncombed fibres, 85% or more by weight of cotton, less than 192.31 but not less than 125 decitex (exceeding 52 but not exceeding 80 metric number), not for retail sale",5205,6
XI,520515,"Cotton yarn; (not sewing thread), single, of uncombed fibres, 85% or more by weight of cotton, measuring less than 125 decitex (exceeding 80 metric number), not for retail sale",5205,6
XI,520521,"Cotton yarn; (not sewing thread), single, of combed fibres, 85% or more by weight of cotton, measuring 714.29 decitex or more, (not exceeding 14 metric number), not for retail sale",5205,6
XI,520522,"Cotton yarn; (not sewing thread), single, of combed fibres, 85% or more by weight of cotton, less than 714.29 but not less than 232.56 decitex (exceeding 14 but not exceeding 43 metric number), not for retail sale",5205,6
XI,520523,"Cotton yarn; (not sewing thread), single, of combed fibres, 85% or more by weight of cotton, less than 232.56 but not less than 192.31 decitex (exceeding 43 but not exceeding 52 metric number), not for retail sale",5205,6
XI,520524,"Cotton yarn; (not sewing thread), single, of combed fibres, 85% or more by weight of cotton, less than 192.31 but not less than 125 decitex (exceeding 52 but not exceeding 80 metric number), not for retail sale",5205,6
XI,520526,"Cotton yarn; (not sewing thread), single, of combed fibres, 85% or more by weight of cotton, less than 125 but not less than 106.38 decitex (over 80 but not over 94 metric number), not for retail sale",5205,6
XI,520527,"Cotton yarn; (not sewing thread), single, of combed fibres, 85% or more by weight of cotton, less than 106.38 but not less than 83.33 decitex (over 94 but not over 120 metric number), not for retail sale",5205,6
XI,520528,"Cotton yarn; (not sewing thread), single, of combed fibres, 85% or more by weight of cotton, measuring less than 83.33 decitex (exceeding 120 metric number), not for retail sale",5205,6
XI,520531,"Cotton yarn; (not sewing thread), multiple or cabled, of uncombed fibres, 85% or more by weight of cotton, 714.29 decitex or more (not exceeding 14 metric number) per single yarn, not for retail sale",5205,6
XI,520532,"Cotton yarn; (not sewing thread), multiple or cabled, of uncombed fibres, 85% or more by weight of cotton, 714.28 to 232.56 decitex (15 to 43 metric number) per single yarn, not for retail sale",5205,6
XI,520533,"Cotton yarn; (not sewing thread), multiple or cabled, of uncombed fibres, 85% or more by weight of cotton, 232.55 to 192.31 decitex (44 to 52 metric number) per single yarn, not for retail sale",5205,6
XI,520534,"Cotton yarn; (not sewing thread), multiple or cabled, of uncombed fibres, 85% or more by weight of cotton, 192.30 to 125 decitex (53 to 80 metric number) per single yarn, not for retail sale",5205,6
XI,520535,"Cotton yarn; (not sewing thread), multiple or cabled, of uncombed fibres, 85% or more by weight of cotton, less than 125 decitex (exceeding 80 metric number), per single yarn, not for retail sale",5205,6
XI,520541,"Cotton yarn; (not sewing thread), multiple or cabled, of combed fibres, 85% or more by weight of cotton, 714.29 decitex or more (not exceeding 14 metric number) per single yarn, not for retail sale",5205,6
XI,520542,"Cotton yarn; (not sewing thread), multiple or cabled, of combed fibres, 85% or more by weight of cotton, 714.28 to 232.56 decitex (15 to 43 metric number) per single yarn, not for retail sale",5205,6
XI,520543,"Cotton yarn; (not sewing thread), multiple or cabled, of combed fibres, 85% or more by weight of cotton, 232.55 to 192.31 decitex (44 to 52 metric number) per single yarn, not for retail sale",5205,6
XI,520544,"Cotton yarn; (not sewing thread), multiple or cabled, of combed fibres, 85% or more by weight of cotton, 192.30 to 125 decitex (53 to 80 metric number) per single yarn, not for retail sale",5205,6
XI,520546,"Cotton yarn; (not sewing thread), multiple or cabled, of combed fibres, 85% or more by weight of cotton, 124 to 106.38 decitex (81 to 94 metric number) per single yarn, not for retail sale",5205,6
XI,520547,"Cotton yarn; (not sewing thread), multiple or cabled, of combed fibres, 85% or more by weight of cotton, 106.37 to 83.33 decitex (95 to 120 metric number) per single yarn, not for retail sale",5205,6
XI,520548,"Cotton yarn; (not sewing thread), multiple or cabled, of combed fibres, 85% or more by weight of cotton, less than 83.33 decitex (exceeding 120 metric number) per single yarn, not for retail sale",5205,6
XI,5206,"Cotton yarn (other than sewing thread), containing less than 85% by weight of cotton, not put up for retail sale",52,4
XI,520611,"Cotton yarn; (not sewing thread), single, of uncombed fibres, less than 85% by weight of cotton, measuring 714.29 decitex or more (not exceeding 14 metric number), not for retail sale",5206,6
XI,520612,"Cotton yarn; (not sewing thread), single, of uncombed fibres, less than 85% by weight of cotton, less than 714.29 but not less than 232.56 decitex (exceeding 14 but not exceeding 43 metric number), not for retail sale",5206,6
XI,520613,"Cotton yarn; (not sewing thread), single, of uncombed fibres, less than 85% by weight of cotton, less than 232.56 but not less than 192.31 decitex (exceeding 43 but not exceeding 52 metric number), not for retail sale",5206,6
XI,520614,"Cotton yarn; (not sewing thread), single, of uncombed fibres, less than 85% by weight of cotton, less than 192.31 but not less than 125 decitex (exceeding 52 but not exceeding 80 metric number), not for retail sale",5206,6
XI,520615,"Cotton yarn; (not sewing thread), single, of uncombed fibres, less than 85% by weight of cotton, measuring less than 125 decitex (exceeding 80 metric number), not for retail sale",5206,6
XI,520621,"Cotton yarn; (not sewing thread), single, of combed fibres, less than 85% by weight of cotton, measuring 714.29 decitex or more, (not exceeding 14 metric number), not for retail sale",5206,6
XI,520622,"Cotton yarn; (not sewing thread), single, of combed fibres, less than 85% by weight of cotton, less than 714.29 but not less than 232.56 decitex (exceeding 14 but not exceeding 43 metric number), not for retail sale",5206,6
XI,520623,"Cotton yarn; (not sewing thread), single, of combed fibres, less than 85% by weight of cotton, less than 232.56 but not less than 192.31 decitex (exceeding 43 but not exceeding 52 metric number), not for retail sale",5206,6
XI,520624,"Cotton yarn; (not sewing thread), single, of combed fibres, less than 85% by weight of cotton, less than 192.31 but not less than 125 decitex (exceeding 52 but not exceeding 80 metric number), not for retail sale",5206,6
XI,520625,"Cotton yarn; (not sewing thread), single, of combed fibres, less than 85% by weight of cotton, measuring less than 125 decitex (exceeding 80 metric number), not for retail sale",5206,6
XI,520631,"Cotton yarn; (not sewing thread), multiple or cabled, of uncombed fibres, less than 85% by weight of cotton, 714.29 decitex or more (not exceeding 14 metric number) per single yarn, not for retail sale",5206,6
XI,520632,"Cotton yarn; (not sewing thread), multiple or cabled, of uncombed fibres, less than 85% by weight of cotton, 714.28 to 232.56 decitex (15 to 43 metric number) per single yarn, not for retail sale",5206,6
XI,520633,"Cotton yarn; (not sewing thread), multiple or cabled, of uncombed fibres, less than 85% by weight of cotton, 232.55 to 192.31 decitex (44 to 52 metric number) per single yarn, not for retail sale",5206,6
XI,520634,"Cotton yarn; (not sewing thread), multiple or cabled, of uncombed fibres, less than 85% by weight of cotton, 192.30 to 125 decitex (53 to 80 metric number) per single yarn, not for retail sale",5206,6
XI,520635,"Cotton yarn; (not sewing thread), multiple or cabled, of uncombed fibres, less than 85% by weight of cotton, less than 125 decitex (exceeding 80 metric number) per single yarn, not for retail sale",5206,6
XI,520641,"Cotton yarn; (not sewing thread), multiple or cabled, of combed fibres, less than 85% by weight of cotton, 714.29 decitex or more (not exceeding 14 metric number) per single yarn, not for retail sale",5206,6
XI,520642,"Cotton yarn; (not sewing thread), multiple or cabled, of combed fibres, less than 85% by weight of cotton, 714.28 to 232.56 decitex (15 to 43 metric number) per single yarn, not for retail sale",5206,6
XI,520643,"Cotton yarn; (not sewing thread), multiple or cabled, of combed fibres, less than 85% by weight of cotton, 232.55 to 192.31 decitex (44 to 52 metric number) per single yarn, not for retail sale",5206,6
XI,520644,"Cotton yarn; (not sewing thread), multiple or cabled, of combed fibres, less than 85% by weight of cotton, 192.30 to 125 decitex (53 to 80 metric number) per single yarn, not for retail sale",5206,6
XI,520645,"Cotton yarn; (not sewing thread), multiple or cabled, of combed fibres, less than 85% by weight of cotton, less than 125 decitex (exceeding 80 metric number) per single yarn, not for retail sale",5206,6
XI,5207,"Cotton yarn (other than sewing thread), put up for retail sale",52,4
XI,520710,"Cotton yarn; (not sewing thread), containing 85% or more by weight of cotton, put up for retail sale",5207,6
XI,520790,"Cotton yarn; (not sewing thread), containing less than 85% by weight of cotton, put up for retail sale",5207,6
XI,5208,"Woven fabrics of cotton, containing 85% or more by weight of cotton, weighing not more than 200 g/m2",52,4
XI,520811,"Fabrics, woven; containing 85% or more by weight of cotton, unbleached, plain weave, weighing not more than 100g/m2",5208,6
XI,520812,"Fabrics, woven; containing 85% or more by weight of cotton, unbleached, plain weave, weighing more than 100g/m2 but not more than 200g/m2",5208,6
XI,520813,"Fabrics, woven; containing 85% or more by weight of cotton, unbleached, 3-thread or 4-thread twill, including cross twill, weighing not more than 200g/m2",5208,6
XI,520819,"Fabrics, woven; containing 85% or more by weight of cotton, unbleached, of weaves n.e.c. in item no. 5208.1, weighing not more than 200g/m2",5208,6
XI,520821,"Fabrics, woven; containing 85% or more by weight of cotton, bleached, plain weave, weighing not more than 100g/m2",5208,6
XI,520822,"Fabrics, woven; containing 85% or more by weight of cotton, bleached, plain weave, weighing more than 100g/m2 but not more than 200g/m2",5208,6
XI,520823,"Fabrics, woven; containing 85% or more by weight of cotton, bleached, 3-thread or 4-thread twill, including cross twill, weighing not more than 200g/m2",5208,6
XI,520829,"Fabrics, woven; containing 85% or more by weight of cotton, bleached, of weaves n.e.c. in item no. 5208.2, weighing not more than 200g/m2",5208,6
XI,520831,"Fabrics, woven; containing 85% or more by weight of cotton, dyed, plain weave, weighing not more than 100g/m2",5208,6
XI,520832,"Fabrics, woven; containing 85% or more by weight of cotton, dyed, plain weave, weighing more than 100g/m2 but not more than 200g/m2",5208,6
XI,520833,"Fabrics, woven; containing 85% or more by weight of cotton, dyed, 3-thread or 4-thread twill, including cross twill, weighing not more than 200g/m2",5208,6
XI,520839,"Fabrics, woven; containing 85% or more by weight of cotton, dyed, of weaves n.e.c. in item no. 5208.3 weighing not more than 200g/m2",5208,6
XI,520841,"Fabrics, woven; containing 85% or more by weight of cotton, of yarns of different colours, plain weave, weighing not more than 100g/m2",5208,6
XI,520842,"Fabrics, woven; containing 85% or more by weight of cotton, of yarns of different colours, weighing more than 100g/m2 but not more than 200g/m2",5208,6
XI,520843,"Fabrics, woven; containing 85% or more by weight of cotton, of yarns of different colours, 3-thread or 4-thread twill, including cross twill, weighing not more than 200g/m2",5208,6
XI,520849,"Fabrics, woven; containing 85% or more by weight of cotton, of yarns of different colours, of weaves n.e.c. in item no. 5208.4, weighing not more than 200g/m2",5208,6
XI,520851,"Fabrics, woven; containing 85% or more by weight of cotton, printed, plain weave, weighing not more than 100g/m2",5208,6
XI,520852,"Fabrics, woven; containing 85% or more by weight of cotton, printed, plain weave, weighing more than 100g/m2 but not more than 200g/m2",5208,6
XI,520859,"Fabrics, woven; containing 85% or more by weight of cotton, printed, of weaves n.e.c. in item no. 5208.5, weighing not more than 200g/m2",5208,6
XI,5209,"Woven fabrics of cotton, containing 85% or more by weight of cotton, weighing more than 200g/m2",52,4
XI,520911,"Fabrics, woven; containing 85% or more by weight of cotton, unbleached, plain weave, weighing more than 200g/m2",5209,6
XI,520912,"Fabrics, woven; containing 85% or more by weight of cotton, unbleached, 3-thread or 4-thread twill, including cross twill, weighing more than 200g/m2",5209,6
XI,520919,"Fabrics, woven; containing 85% or more by weight of cotton, unbleached, of weaves n.e.c. in item no. 5209.1, weighing more than 200g/m2",5209,6
XI,520921,"Fabrics, woven; containing 85% or more by weight of cotton, bleached, plain weave, weighing more than 200g/m2",5209,6
XI,520922,"Fabrics, woven; containing 85% or more by weight of cotton, bleached, 3-thread or 4-thread twill, including cross twill, weighing more than 200g/m2",5209,6
XI,520929,"Fabrics, woven; containing 85% or more by weight of cotton, bleached, of weaves n.e.c. in item no. 5209.2, weighing more than 200g/m2",5209,6
XI,520931,"Fabrics, woven; containing 85% or more by weight of cotton, dyed, plain weave, weighing more than 200g/m2",5209,6
XI,520932,"Fabrics, woven; containing 85% or more by weight of cotton, dyed, 3-thread or 4-thread twill, including cross twill, weighing more than 200g/m2",5209,6
XI,520939,"Fabrics, woven; containing 85% or more by weight of cotton, dyed, of weaves n.e.c. in item no. 5209.3, weighing more than 200g/m2",5209,6
XI,520941,"Fabrics, woven; containing 85% or more by weight of cotton, of yarns of different colours, plain weave, weighing more than 200g/m2",5209,6
XI,520942,"Fabrics, woven; containing 85% or more by weight of cotton, of yarns of different colours, weighing more than 200g/m2, denim",5209,6
XI,520943,"Fabrics, woven; containing 85% or more by weight of cotton, of yarns of different colours, 3-thread or 4-thread twill, including cross twill, weighing more than 200g/m2",5209,6
XI,520949,"Fabrics, woven; containing 85% or more by weight of cotton, of yarns of different colours, of weaves n.e.c. in item no. 5209.4, weighing more than 200g/m2",5209,6
XI,520951,"Fabrics, woven; containing 85% or more by weight of cotton, printed, plain weave, weighing more than 200g/m2",5209,6
XI,520952,"Fabrics, woven; containing 85% or more by weight of cotton, printed, 3-thread or 4-thread twill, including cross twill, weighing more than 200g/m2",5209,6
XI,520959,"Fabrics, woven; containing 85% or more by weight of cotton, printed, of weaves n.e.c. in item no. 5209.5, weighing more than 200g/m2",5209,6
XI,5210,"Woven fabrics of cotton, containing less than 85% by weight of cotton, mixed mainly or solely with man-made fibres, weighing not more than 200 g/m2",52,4
XI,521011,"Fabrics, woven; containing less than 85% by weight of cotton, mixed mainly or solely with man-made fibres, unbleached, plain weave, weighing 200g/m2 or less",5210,6
XI,521019,"Fabrics, woven; containing less than 85% by weight of cotton, mixed mainly or solely with man-made fibres, unbleached, of weaves n.e.c. in item no. 5210.1, weighing 200g/m2 or less",5210,6
XI,521021,"Fabrics, woven; containing less than 85% by weight of cotton, mixed mainly or solely with man-made fibres, bleached, plain weave, weighing 200g/m2 or less",5210,6
XI,521029,"Fabrics, woven; containing less than 85% by weight of cotton, mixed mainly or solely with man-made fibres, weighing 200g/m2 or less, bleached, of weaves n.e.c. in item no. 5210.2",5210,6
XI,521031,"Fabrics, woven; containing less than 85% by weight of cotton, mixed mainly or solely with man-made fibres, weighing 200g/m2 or less, dyed, plain weave",5210,6
XI,521032,"Fabrics, woven; containing less than 85% by weight of cotton, mixed mainly or solely with man-made fibres, weighing 200g/m2 or less, dyed, 3-thread or 4-thread twill, including cross twill",5210,6
XI,521039,"Fabrics, woven; containing less than 85% by weight of cotton, mixed mainly or solely with man-made fibres, weighing 200g/m2 or less, dyed, of weaves n.e.c. in item no. 5210.3",5210,6
XI,521041,"Fabrics, woven; containing less than 85% by weight of cotton, mixed mainly or solely with man-made fibres, weighing 200g/m2 or less, of yarns of different colours, plain weave",5210,6
XI,521049,"Fabrics, woven; containing less than 85% by weight of cotton, mixed mainly or solely with man-made fibres, weighing 200g/m2 or less, of yarns of different colours, of weaves n.e.c. in item no. 5210.4",5210,6
XI,521051,"Fabrics, woven; containing less than 85% by weight of cotton, mixed mainly or solely with man-made fibres, weighing 200g/m2 or less, printed, plain weave",5210,6
XI,521059,"Fabrics, woven; containing less than 85% by weight of cotton, mixed mainly or solely with man-made fibres, weighing 200g/m2 or less, printed, of weaves n.e.c. in item no. 5210.5",5210,6
XI,5211,"Woven fabrics of cotton, containing less than 85% by weight of cotton, mixed mainly or solely with man-made fibres, weighing more than 200g/m2",52,4
XI,521111,"Fabrics, woven; containing less than 85% by weight of cotton, mixed mainly or solely with man-made fibres, unbleached, plain weave, weighing more than 200g/m2",5211,6
XI,521112,"Fabrics, woven; containing less than 85% by weight of cotton, mixed mainly or solely with man-made fibres, unbleached, 3- or 4-thread twill, including cross twill, weighing more than 200g/m2",5211,6
XI,521119,"Fabrics, woven; containing less than 85% by weight of cotton, mixed mainly or solely with man-made fibres, unbleached, of weaves n.e.c. in item no. 5211.1, weighing more than 200g/m2",5211,6
XI,521120,"Fabrics, woven; containing less than 85% by weight of cotton, mixed mainly or solely with man-made fibres, weighing more than 200g/m2, bleached",5211,6
XI,521131,"Fabrics, woven; containing less than 85% by weight of cotton, mixed mainly or solely with man-made fibres, weighing more than 200g/m2, dyed, plain weave",5211,6
XI,521132,"Fabrics, woven; containing less than 85% by weight of cotton, mixed mainly or solely with man-made fibres, weighing more than 200g/m2, dyed, 3-thread or 4-thread twill, including cross twill",5211,6
XI,521139,"Fabrics, woven; containing less than 85% by weight of cotton, mixed mainly or solely with man-made fibres, weighing more than 200g/m2, dyed, of weaves n.e.c. in item no. 5211.3",5211,6
XI,521141,"Fabrics, woven; containing less than 85% by weight of cotton, mixed mainly or solely with man-made fibres, weighing more than 200g/m2, of yarns of different colours, plain weave",5211,6
XI,521142,"Fabrics, woven; containing less than 85% by weight of cotton, mixed mainly or solely with man-made fibres, weighing more than 200g/m2, of yarns of different colours, denim",5211,6
XI,521143,"Fabrics, woven; containing less than 85% by weight of cotton, mixed mainly or solely with man-made fibres, weighing more than 200g/m2, of yarns of different colours, 3-thread or 4-thread twill, including cross twill",5211,6
XI,521149,"Fabrics, woven; containing less than 85% by weight of cotton, mixed mainly or solely with man-made fibres, weighing more than 200g/m2, of yarns of different colours, of weaves n.e.c. in item no. 5211.4",5211,6
XI,521151,"Fabrics, woven; containing less than 85% by weight of cotton, mixed mainly or solely with man-made fibres, weighing more than 200g/m2, printed, plain weave",5211,6
XI,521152,"Fabrics, woven; containing less than 85% by weight of cotton, mixed mainly or solely with man-made fibres, weighing more than 200g/m2, printed, 3-thread or 4-thread twill, including cross twill",5211,6
XI,521159,"Fabrics, woven; containing less than 85% by weight of cotton, mixed mainly or solely with man-made fibres, weighing more than 200g/m2, printed, of weaves n.e.c. in item no. 5211.5",5211,6
XI,5212,"Other woven fabrics of cotton, n.e.c. in chapter 52",52,4
XI,521211,"Fabrics, woven; of cotton, unbleached, weighing not more than 200g/m2, n.e.c. in chapter 52",5212,6
XI,521212,"Fabrics, woven; of cotton, bleached, weighing not more than 200g/m2, n.e.c. in chapter 52",5212,6
XI,521213,"Fabrics, woven; of cotton, dyed, weighing not more than 200g/m2, n.e.c. in chapter 52",5212,6
XI,521214,"Fabrics, woven; of cotton, of yarns of different colours, weighing not more than 200g/m2, n.e.c. in chapter 52",5212,6
XI,521215,"Fabrics, woven; of cotton, printed, weighing not more than 200g/m2, n.e.c. in chapter 52",5212,6
XI,521221,"Fabrics, woven; of cotton, unbleached, weighing more than 200g/m2, n.e.c. in chapter 52",5212,6
XI,521222,"Fabrics, woven; of cotton, bleached, weighing more than 200g/m2, n.e.c. in chapter 52",5212,6
XI,521223,"Fabrics, woven; of cotton, dyed, weighing more than 200g/m2, n.e.c. in chapter 52",5212,6
XI,521224,"Fabrics, woven; of cotton, of yarns of different colours, weighing more than 200g/m2, n.e.c. in chapter 52",5212,6
XI,521225,"Fabrics, woven; of cotton, printed, weighing more than 200g/m2, n.e.c. in chapter 52",5212,6
XI,53,Vegetable textile fibres; paper yarn and woven fabrics of paper yarn,TOTAL,2
XI,5301,"Flax, raw or processed but not spun; flax tow and waste (including yarn waste and garnetted stock)",53,4
XI,530110,"Flax; raw or retted, but not spun",5301,6
XI,530121,"Flax; broken or scutched, but not spun",5301,6
XI,530129,"Flax; hackled or otherwise processed, but not spun",5301,6
XI,530130,"Flax; tow and waste, including yarn waste and garnetted stock",5301,6
XI,5302,"True hemp (cannabis sativa L.), raw or processed but not spun; tow and waste of true hemp (including yarn waste and garnetted stock)",53,4
XI,530210,"Hemp (cannabis sativa L.); raw or retted, but not spun",5302,6
XI,530290,"Hemp (cannabis sativa L.); processed (other than retted) (but not spun), true hemp tow and waste (including yarn waste and garnetted stock)",5302,6
XI,5303,"Jute and other textile bast fibres (not flax, true hemp and ramie), raw or processed but not spun; tow and waste of these fibres, including yarn waste and garnetted stock",53,4
XI,530310,"Jute and other textile bast fibres; raw or retted, but not spun, (excluding flax, hemp (cannabis sativa L.), and ramie)",5303,6
XI,530390,"Jute and other textile bast fibres; processed but not spun, tow and waste of these fibres, including yarn waste and garnetted stock (excluding flax, hemp (cannabis sativa L.), and ramie)",5303,6
XI,5305,"Coconut, abaca (Manila hemp or Musa textilis Nee), ramie and other vegetable textile fibres n.e.c., raw or processed but not spun; tow, noils and waste of these fibres (including yarn waste and garnetted stock)",53,4
XI,530500,"Coconut, abaca (Manila hemp or Musa textilis Nee), ramie and other vegetable textile fibres n.e.c., raw or processed but not spun; tow, noils and waste of these fibres (including yarn waste and garnetted stock)",5305,6
XI,5306,Flax yarn,53,4
XI,530610,"Yarn; of flax, single",5306,6
XI,530620,"Yarn; of flax, multiple (folded) or cabled",5306,6
XI,5307,Yarn of jute or of other textile bast fibres of heading no. 5305,53,4
XI,530710,"Yarn; of jute or of other textile bast fibres, single",5307,6
XI,530720,"Yarn; of jute or of other textile bast fibres, multiple (folded) or cabled",5307,6
XI,5308,Yarn of other vegetable textile fibres; paper yarn,53,4
XI,530810,Yarn; of coir,5308,6
XI,530820,Yarn; of hemp (cannabis sativa L.),5308,6
XI,530890,"Yarn; of vegetable textile fibres n.e.c. in heading no. 5306, 5307 and 5308",5308,6
XI,5309,Woven fabrics of flax,53,4
XI,530911,"Fabrics, woven; of flax, containing 85% or more flax, unbleached or bleached",5309,6
XI,530919,"Fabrics, woven; of flax, containing 85% or more flax, other than bleached or unbleached",5309,6
XI,530921,"Fabrics, woven; of flax, containing less than 85% flax, unbleached or bleached",5309,6
XI,530929,"Fabrics, woven; of flax, containing less than 85% flax, other than unbleached or bleached",5309,6
XI,5310,"Woven fabrics of jute, other textile bast fibres of heading no. 5303",53,4
XI,531010,"Fabrics, woven; of jute or of other textile bast fibres of heading no. 5303, unbleached",5310,6
XI,531090,"Fabrics, woven; of jute or of other textile bast fibres of heading no. 5303, other than unbleached",5310,6
XI,5311,Woven fabrics of other vegetable textile fibres; woven fabrics of paper yarn,53,4
XI,531100,"Fabrics, woven; of vegetable textile fibres n.e.c. in heading no. 5309 and 5310, woven fabrics of paper yarn",5311,6
XI,54,Man-made filaments; strip and the like of man-made textile materials,TOTAL,2
XI,5401,"Sewing thread of man-made filaments, whether or not put up for retail sale",54,4
XI,540110,"Sewing thread; of synthetic filaments, whether or not put up for retail sale",5401,6
XI,540120,"Sewing thread; of artificial filaments, whether or not put up for retail sale",5401,6
XI,5402,"Synthetic filament yarn (other than sewing thread), not put up for retail sale, including synthetic monofilament of less than 67 decitex",54,4
XI,540211,"Yarn, synthetic; filament, monofilament (less than 67 decitex), of high tenacity yarn of nylon or other polyamides, textured or not; of aramids, not for retail sale, not sewing thread",5402,6
XI,540219,"Yarn, synthetic; filament, monofilament (less than 67 decitex), of high tenacity nylon or other polyamides, textured or not; other than aramids, not for retail sale, not sewing thread",5402,6
XI,540220,"Yarn, synthetic; filament, monofilament (less than 67 decitex), of high tenacity yarn of polyesters, whether or not textured, not for retail sale, not sewing thread",5402,6
