section,hscode,description,parent,level
XI,540231,"Yarn, synthetic; filament, monofilament (less than 67 decitex), textured, of nylon or other polyamides, measuring per single yarn not more than 50 decitex, not for retail sale, not sewing thread",5402,6
XI,540232,"Yarn, synthetic; filament, monofilament (less than 67 decitex), textured, of nylon or other polyamides, measuring per single yarn more than 50 decitex, not for retail sale, not sewing thread",5402,6
XI,540233,"Yarn, synthetic; filament, monofilament (less than 67 decitex), textured, of polyesters, not for retail sale, not sewing thread",5402,6
XI,540234,"Yarn, synthetic; filament, monofilament (less than 67 decitex), textured, of polypropylene, not for retail sale, not sewing thread",5402,6
XI,540239,"Yarn, synthetic; filament, monofilament (less than 67 decitex), textured, other than of nylon or other polymides, polyesters, or polypropylene, not for retail sale, not sewing thread",5402,6
XI,540244,"Yarn, synthetic; filament, monofilament (less than 67 decitex), other than high tenacity or textured yarn, elastomeric, single, untwisted or twisted 50 turns or less per metre, not for retail sale, not sewing thread",5402,6
XI,540245,"Yarn, synthetic; filament, monofilament (less than 67 decitex), of nylon or other polymides (not high tenacity or textured), single, untwisted or twisted 50 turns or less per metre, not for retail sale, not sewing thread",5402,6
XI,540246,"Yarn, synthetic; filament, monofilament (less than 67 decitex), of polyesters (not high tenacity or textured), partially oriented, single, untwisted or twisted 50 turns or less per metre, not for retail sale, not sewing thread",5402,6
XI,540247,"Yarn, synthetic; filament, monofilament (less than 67 decitex), polyesters (not high tenacity or textured), not partially oriented, single, untwisted or twisted 50 turns or less per metre, not for retail sale, not sewing thread",5402,6
XI,540248,"Yarn, synthetic; filament, monofilament (less than 67 decitex), of polypropylene (not high tenacity or textured), single, untwisted or twisted 50 turns or less per metre, not for retail sale, not sewing thread",5402,6
XI,540249,"Yarn, synthetic; filament, monofilament (less than 67 decitex), other than high tenacity or textured yarn, single, untwisted or twisted 50 turns or less per metre, n.e.c. in heading no. 5402, not for retail sale, not sewing thread",5402,6
XI,540251,"Yarn, synthetic; filament, monofilament (less than 67 decitex), of nylon or other polymides (not high tenacity or textured), single, twisted more than 50 turns per metre, not for retail sale, not sewing thread",5402,6
XI,540252,"Yarn, synthetic; filament, monofilament (less than 67 decitex), of polyesters (not high tenacity or textured), single, twisted more than 50 turns per metre, not for retail sale, not sewing thread",5402,6
XI,540253,"Yarn, synthetic; filament, monofilament (less than 67 decitex), of polypropylene (not high tenacity or textured), single, twisted more than 50 turns per metre, not for retail sale, not sewing thread",5402,6
XI,540259,"Yarn, synthetic; filament, monofilament (less than 67 decitex), other than high tenacity or textured yarn, single, twisted more than 50 turns per metre, n.e.c. in heading no. 5402, not for retail sale, not sewing thread",5402,6
XI,540261,"Yarn, synthetic; filament, monofilament (less than 67 decitex), of nylon or other polymides (not high tenacity or textured), multiple (folded) or cabled, not for retail sale, not sewing thread",5402,6
XI,540262,"Yarn, synthetic; filament, monofilament (less than 67 decitex), of polyesters (not high tenacity or textured), multiple (folded) or cabled, not for retail sale, not sewing thread",5402,6
XI,540263,"Yarn, synthetic; filament, monofilament (less than 67 decitex), of polypropylene, other than high tenacity or textured yarn, multiple (folded) or cabled, not for retail sale, not sewing thread",5402,6
XI,540269,"Yarn, synthetic; filament, monofilament (less than 67 decitex), other than high tenacity or textured yarn, multiple (folded) or cabled, n.e.c. in heading no. 5402, not for retail sale, not sewing thread",5402,6
XI,5403,"Artificial filament yarn (other than sewing thread), not put up for retail sale, including artificial monofilament of less than 67 decitex",54,4
XI,540310,"Yarn, artificial; filament, monofilament (less than 67 decitex), of high tenacity viscose rayon, not for retail sale, not sewing thread",5403,6
XI,540331,"Yarn, artificial; filament, monofilament (less than 67 decitex), of viscose rayon (not high tenacity), single, untwisted or twisted 120 turns per metre or less, not for retail sale, not sewing thread",5403,6
XI,540332,"Yarn, artificial; filament, monofilament (less than 67 decitex), of viscose rayon (not high tenacity), single, twisted more than 120 turns per metre, not for retail sale, not sewing thread",5403,6
XI,540333,"Yarn, artificial; filament, monofilament (less than 67 decitex), of cellulose acetate, single, not for retail sale, not sewing thread",5403,6
XI,540339,"Yarn, artificial; filament, monofilament (less than 67 decitex), single, n.e.c. in heading no. 5403, not for retail sale, not sewing thread",5403,6
XI,540341,"Yarn, artificial; filament, monofilament (less than 67 decitex), of viscose rayon (not high tenacity), multiple (folded) or cabled, not for retail sale, not sewing thread",5403,6
XI,540342,"Yarn, artificial; filament, monofilament (less than 67 decitex), of cellulose acetate, multiple (folded) or cabled, not for retail sale, not sewing thread",5403,6
XI,540349,"Yarn, artificial; filament, monofilament (less than 67 decitex), multiple (folded) or cabled, n.e.c. in heading no. 5403, not for retail sale, not sewing thread",5403,6
XI,5404,"Synthetic monofilament of 67 decitex or more, of which no cross-sectional dimension exceeds 1mm; strip and the like (e.g. artificial straw) of synthetic textile materials of an apparent width not exceeding 5mm",54,4
XI,540411,Elastomeric monofilament; of 67 decitex or more and of which no cross-sectional dimension exceeds 1mm,5404,6
XI,540412,Monofilament of polypropylene; of 67 decitex or more and of which no cross-sectional dimension exceeds 1mm,5404,6
XI,540419,Monofilament n.e.c. in heading no 5404; of 67 decitex or more and of which no cross-sectional dimension exceeds 1mm,5404,6
XI,540490,"Filament, synthetic; strip and the like (e.g.. artificial straw), of synthetic textile materials of an apparent width not exceeding 5mm",5404,6
XI,5405,"Artificial monofilament of 67 decitex or more, no cross-sectional dimension exceeds 1mm; strip and the like (e.g. artificial straw), of artificial textile materials of a width not exceeding 5mm",54,4
XI,540500,"Monofilament, synthetic; of 67 decitex or more and of which no cross-sectional dimension exceeds 1mm, strip and the like (e.g. artificial straw), of synthetic textile materials with width not over 5mm",5405,6
XI,5406,"Man-made filament yarn (other than sewing thread), put up for retail sale",54,4
XI,540600,"Man-made filament yarn (other than sewing thread), put up for retail sale",5406,6
XI,5407,"Woven fabrics of synthetic filament yarn, including woven fabrics obtained from materials of heading no. 5404",54,4
XI,540710,"Fabrics, woven; from high tenacity yarn, of nylon, other polyamides or of polyesters",5407,6
XI,540720,"Fabrics, woven; from strip or the like, of synthetic textile materials",5407,6
XI,540730,"Fabrics, woven; from synthetic filament yarn, adhesive or thermal bonded",5407,6
XI,540741,"Fabrics, woven; containing 85% or more by weight of filaments of nylon or other polyamides, unbleached or bleached",5407,6
XI,540742,"Fabrics, woven; containing 85% or more by weight of filaments of nylon or other polyamides, dyed",5407,6
XI,540743,"Fabrics, woven; containing 85% or more by weight of filaments of nylon or other polyamides, of yarns of different colours",5407,6
XI,540744,"Fabrics, woven; containing 85% or more by weight of filaments of nylon or other polyamides, printed",5407,6
XI,540751,"Fabrics, woven; containing 85% or more by weight of textured polyester filaments, unbleached or bleached",5407,6
XI,540752,"Fabrics, woven; containing 85% or more by weight of textured polyester filaments, dyed",5407,6
XI,540753,"Fabrics, woven; containing 85% or more by weight of textured polyester filaments, of yarns of different colours",5407,6
XI,540754,"Fabrics, woven; containing 85% or more by weight of textured polyester filaments, printed",5407,6
XI,540761,"Fabrics, woven; containing 85% or more by weight of non-textured polyester filaments",5407,6
XI,540769,"Fabrics, woven; containing less than 85% by weight of non-textured polyester filaments",5407,6
XI,540771,"Fabrics, woven; containing 85% or more by weight of synthetic filaments (excluding nylon or other polyamides and polyesters), unbleached or bleached",5407,6
XI,540772,"Fabrics, woven; containing 85% or more by weight of synthetic filaments (excluding nylon or other polyamides and polyesters), dyed",5407,6
XI,540773,"Fabrics, woven; containing 85% or more by weight of synthetic filaments (excluding nylon or other polyamides and polyesters), of yarns of different colours",5407,6
XI,540774,"Fabrics, woven; containing 85% or more by weight of synthetic filaments (excluding nylon or other polyamides and polyesters), printed",5407,6
XI,540781,"Fabrics, woven; of synthetic filament yarn, containing less than 85% by weight of synthetic filaments, mixed mainly or solely with cotton, bleached or unbleached",5407,6
XI,540782,"Fabrics, woven; of synthetic filament yarn, containing less than 85% by weight of synthetic filaments, mixed mainly or solely with cotton, dyed",5407,6
XI,540783,"Fabrics, woven; of synthetic filament yarn, containing less than 85% by weight of synthetic filaments, mixed mainly or solely with cotton, of yarns of different colours",5407,6
XI,540784,"Fabrics, woven; of synthetic filament yarn, containing less than 85% by weight of synthetic filaments, printed",5407,6
XI,540791,"Fabrics, woven; of synthetic filament yarn, bleached or unbleached, n.e.c. in heading no. 5407",5407,6
XI,540792,"Fabrics, woven; of synthetic filament yarn, dyed, n.e.c. in heading 5407",5407,6
XI,540793,"Fabrics, woven; of synthetic filament yarn, of yarns of different colours, n.e.c. in heading no. 5407",5407,6
XI,540794,"Fabrics, woven; of synthetic filament yarn, printed, n.e.c. in heading no. 5407",5407,6
XI,5408,Woven fabrics of artificial filament yarn including woven fabrics obtained from materials of heading no. 5404,54,4
XI,540810,"Fabrics, woven; of viscose rayon, high tenacity, artificial filament yarn",5408,6
XI,540821,"Fabrics, woven; of artificial filament yarn, containing 85% or more by weight of artificial filament, strip or the like, bleached or unbleached",5408,6
XI,540822,"Fabrics, woven; of artificial filament yarn, containing 85% or more by weight of artificial filament, strip or the like, dyed",5408,6
XI,540823,"Fabrics, woven; containing 85% or more by weight of artificial filament, strip or the like, of yarns of different colours",5408,6
XI,540824,"Fabrics, woven; of artificial filament yarn, containing 85% or more by weight of artificial filament, strip or the like, printed",5408,6
XI,540831,"Fabrics, woven; of artificial filament yarn, of artificial monofilament, strip and the like, n.e.c. in heading no. 5408, unbleached or bleached",5408,6
XI,540832,"Fabrics, woven; of artificial filament yarn, of artificial monofilament, strip and the like, n.e.c. in heading no. 5408, dyed",5408,6
XI,540833,"Fabrics, woven; of artificial filament yarn, of artificial monofilament, strip and the like, n.e.c. in heading no. 5408, of yarns of different colours",5408,6
XI,540834,"Fabrics, woven; of artificial filament yarn, of artificial monofilament, strip and the like, n.e.c. in heading no. 5408, printed",5408,6
XI,55,Man-made staple fibres,TOTAL,2
XI,5501,Synthetic filament tow,55,4
XI,550111,"Fibres; synthetic filament tow, of nylon or other polyamides, of aramids",5501,6
XI,550119,"Fibres; synthetic filament tow, of nylon or other polyamides, of other than aramids",5501,6
XI,550120,"Fibres; synthetic filament tow, of polyesters",5501,6
XI,550130,"Fibres; synthetic filament tow, acrylic or modacrylic",5501,6
XI,550140,"Fibres; synthetic filament tow, of polypropylene",5501,6
XI,550190,"Fibres; synthetic filament tow, of synthetic materials n.e.c. in heading no. 5501",5501,6
XI,5502,Artificial filament tow,55,4
XI,550210,Fibres; artificial filament tow of cellulose acetate,5502,6
XI,550290,"Fibres; artificial filament tow, other than cellulose acetate",5502,6
XI,5503,"Synthetic staple fibres, not carded, combed or otherwise processed for spinning",55,4
XI,550311,"Fibres; synthetic staple fibres, of aramids, not carded, combed or otherwise processed for spinning",5503,6
XI,550319,"Fibres; synthetic staple fibres, of nylon or other polyamides other than aramids, not carded, combed or otherwise processed for spinning",5503,6
XI,550320,"Fibres; synthetic staple fibres, of polyesters, not carded, combed or otherwise processed for spinning",5503,6
XI,550330,"Fibres; synthetic staple fibres, acrylic or modacrylic, not carded, combed or otherwise processed for spinning",5503,6
XI,550340,"Fibres; synthetic staple fibres, of polypropylene, not carded, combed or otherwise processed for spinning",5503,6
XI,550390,"Fibres; synthetic staple fibres, of synthetic materials n.e.c. in heading no. 5503, not carded, combed or otherwise processed for spinning",5503,6
XI,5504,"Artificial staple fibres, not carded, combed or otherwise processed for spinning",55,4
XI,550410,"Fibres; artificial staple fibres, of viscose, not carded, combed or otherwise processed for spinning",5504,6
XI,550490,"Fibres; artificial staple fibres, other than of viscose, not carded, combed or otherwise processed for spinning",5504,6
XI,5505,"Waste (including noils, yarn waste and garnetted stock), of man-made fibres",55,4
XI,550510,"Fibres; waste (including noils, yarn waste and garnetted stock), of synthetic fibres",5505,6
XI,550520,"Fibres; waste (including noils, yarn waste and garnetted stock), of artificial fibres",5505,6
XI,5506,"Synthetic staple fibres, carded, combed or otherwise processed for spinning",55,4
XI,550610,"Fibres; synthetic staple fibres, of nylon or other polyamides, carded, combed or otherwise processed for spinning",5506,6
XI,550620,"Fibres; synthetic staple fibres, of polyesters, carded, combed or otherwise processed for spinning",5506,6
XI,550630,"Fibres; synthetic staple fibres, acrylic or modacrylic, carded, combed or otherwise processed for spinning",5506,6
XI,550640,"Fibres; synthetic staple fibres, of polypropylene, carded, combed or otherwise processed for spinning",5506,6
XI,550690,"Fibres; synthetic staple fibres, n.e.c. in heading no. 5506, carded, combed or otherwise processed for spinning",5506,6
XI,5507,"Artificial staple fibres, carded, combed or otherwise processed for spinning",55,4
XI,550700,"Fibres; artificial staple fibres, carded, combed or otherwise processed for spinning",5507,6
XI,5508,"Sewing thread of man-made staple fibres, whether or not put up for retail sale",55,4
XI,550810,"Sewing thread; of synthetic staple fibres, whether or not put up for retail sale",5508,6
XI,550820,"Sewing thread; of artificial staple fibres, whether or not put up for retail sale",5508,6
XI,5509,"Yarn (other than sewing thread) of synthetic staple fibres, not put up for retail sale",55,4
XI,550911,"Yarn; (not sewing thread), single, of synthetic staple fibres, containing 85% or more by weight of nylon or other polyamides, not put up for retail sale",5509,6
XI,550912,"Yarn; (not sewing thread), multiple (folded) or cabled yarn, of synthetic staple fibres, containing 85% or more by weight of nylon or other polyamides, not put up for retail sale",5509,6
XI,550921,"Yarn; (not sewing thread), single, of synthetic staple fibres, containing 85% or more by weight of polyester, not put up for retail sale",5509,6
XI,550922,"Yarn; (not sewing thread), multiple (folded) or cabled yarn, of synthetic staple fibres, containing 85% or more by weight of polyester, not put up for retail sale",5509,6
XI,550931,"Yarn; (not sewing thread), single, of synthetic staple fibres, containing 85% or more by weight of acrylic or modacrylic, not put up for retail sale",5509,6
XI,550932,"Yarn; (not sewing thread), multiple (folded) or cabled, of synthetic staple fibres, containing 85% or more by weight of acrylic or modacrylic, not put up for retail sale",5509,6
XI,550941,"Yarn; (not sewing thread), single, containing 85% or more by weight of synthetic staple fibres, n.e.c. in heading no. 5509, not put up for retail sale",5509,6
XI,550942,"Yarn; (not sewing thread), multiple (folded) or cabled yarn, containing 85% or more by weight of synthetic staple fibres, n.e.c. in heading no. 5509, not put up for retail sale",5509,6
XI,550951,"Yarn; (not sewing thread), of polyester staple fibres, mixed mainly or solely with artificial staple fibres, not put up for retail sale",5509,6
XI,550952,"Yarn; (not sewing thread), of polyester staple fibres, mixed mainly or solely with wool or fine animal hair, not put up for retail sale",5509,6
XI,550953,"Yarn; (not sewing thread), of polyester staple fibres, mixed mainly or solely with cotton, not put up for retail sale",5509,6
XI,550959,"Yarn; (not sewing thread), of polyester staple fibres, mixed mainly or solely with fibres n.e.c. in item no. 5509.5, not put up for retail sale",5509,6
XI,550961,"Yarn; (not sewing thread), of acrylic or modacrylic staple fibres, mixed mainly or solely with wool or fine animal hair, not put up for retail sale",5509,6
XI,550962,"Yarn; (not sewing thread), of acrylic or modacrylic staple fibres, mixed mainly or solely with cotton, not put up for retail sale",5509,6
XI,550969,"Yarn; (not sewing thread), of acrylic or modacrylic staple fibres, mixed mainly or solely with fibres n.e.c. in item no. 5509.6, not put up for retail sale",5509,6
XI,550991,"Yarn; (not sewing thread), of synthetic staple fibres, mixed mainly or solely with wool or fine animal hair, n.e.c. in heading no. 5509, not put up for retail sale",5509,6
XI,550992,"Yarn; (not sewing thread), of synthetic staple fibres, mixed mainly or solely with cotton, n.e.c. in heading no. 5509, not put up for retail sale",5509,6
XI,550999,"Yarn; (not sewing thread), of synthetic staple fibres, mixed mainly or solely with fibres (other than wool, fine animal hair or cotton), n.e.c. in heading no. 5509, not put up for retail sale",5509,6
XI,5510,"Yarn (other than sewing thread) of artificial staple fibres, not put up for retail sale",55,4
XI,551011,"Yarn; (not sewing thread), single, of artificial staple fibres, containing 85% or more by weight of artificial staple fibres, not put up for retail sale",5510,6
XI,551012,"Yarn; (not sewing thread), multiple (folded) or cabled yarn, of artificial staple fibres, containing 85% or more by weight of artificial staple fibres, not put up for retail sale",5510,6
XI,551020,"Yarn; (not sewing thread), of artificial staple fibres, mixed mainly or solely with wool or fine animal hair, not put up for retail sale",5510,6
XI,551030,"Yarn; (not sewing thread), of artificial staple fibres, mixed mainly or solely with cotton, not put up for retail sale",5510,6
XI,551090,"Yarn; (not sewing thread), of artificial staple fibres, mixed mainly or solely with fibres (other than wool, fine animal hair or cotton), not put up for retail sale",5510,6
XI,5511,"Yarn (not sewing thread), of man-made staple fibres, put up for retail sale",55,4
XI,551110,"Yarn; (not sewing thread), of synthetic staple fibres, containing 85% or more by weight of synthetic staple fibres, put up for retail sale",5511,6
XI,551120,"Yarn; (not sewing thread), of synthetic staple fibres, containing less than 85% by weight of synthetic staple fibres, put up for retail sale",5511,6
XI,551130,"Yarn; (not sewing thread), of artificial staple fibres, put up for retail sale",5511,6
XI,5512,"Woven fabrics of synthetic staple fibres, containing 85% or more by weight of synthetic staple fibres",55,4
XI,551211,"Fabrics, woven; of synthetic staple fibres, containing 85% or more by weight of polyester staple fibres, unbleached or bleached",5512,6
XI,551219,"Fabrics, woven; of synthetic staple fibres, containing 85% or more by weight of polyester staple fibres, other than unbleached or bleached",5512,6
XI,551221,"Fabrics, woven; of synthetic staple fibres, containing 85% or more by weight of acrylic or modacrylic staple fibres, unbleached or bleached",5512,6
XI,551229,"Fabrics, woven; of synthetic staple fibres, containing 85% or more by weight of acrylic or modacrylic staple fibres, other than unbleached or bleached",5512,6
XI,551291,"Fabrics, woven; of synthetic staple fibres, containing 85% or more by weight of such fibres n.e.c. in heading no. 5512, unbleached or bleached",5512,6
XI,551299,"Fabrics, woven; of synthetic staple fibres, containing 85% or more by weight of such fibres n.e.c. in heading no. 5512, other than unbleached or bleached",5512,6
XI,5513,"Woven fabrics of synthetic staple fibres, containing less than 85% by weight of such fibres, mixed mainly or solely with cotton, of a weight not exceeding 170g/m2",55,4
XI,551311,"Fabrics, woven; plain weave, of polyester staple fibres, containing less than 85% by weight of such fibres, mixed mainly or solely with cotton, of a weight not exceeding 170g/m2, unbleached or bleached",5513,6
XI,551312,"Fabrics, woven; 3-thread or 4-thread twill, of polyester staple fibres, containing less than 85% by weight of such, mixed mainly or solely with cotton, not exceeding 170g/m2, unbleached or bleached",5513,6
XI,551313,"Fabrics, woven; of polyester staple fibres, containing less than 85% by weight of such fibres, mixed mainly or solely with cotton, not exceeding 170g/m2, unbleached or bleached",5513,6
XI,551319,"Fabrics, woven; containing less than 85% by weight of synthetic staple fibres (other than polyesters), mixed mainly or solely with cotton, not exceeding 170g/m2, unbleached or bleached",5513,6
XI,551321,"Fabrics, woven; plain weave, dyed, containing less than 85% by weight of polyester staple fibres, mixed mainly or solely with cotton, not exceeding 170g/m2",5513,6
XI,551323,"Fabrics, woven; dyed, containing less than 85% by weight of polyester staple fibres, mixed mainly or solely with cotton, not exceeding 170g/m2",5513,6
XI,551329,"Fabrics, woven; dyed, containing less than 85% by weight of synthetic staple fibres (other than polyesters), mixed mainly or solely with cotton, not exceeding 170g/m2",5513,6
XI,551331,"Fabrics, woven; plain weave, of yarns of different colours, containing less than 85% by weight of polyester staple fibres, mixed mainly or solely with cotton, not exceeding 170g/m2",5513,6
XI,551339,"Fabrics, woven; of yarns of different colours, containing less than 85% of synthetic staple fibres (other than polyester, plain weave), mixed mainly or solely with cotton, not exceeding 170g/m2",5513,6
XI,551341,"Fabrics, woven; plain weave, printed, of polyester staple fibres, containing less than 85% by weight of such fibres, mixed mainly or solely with cotton, not exceeding 170g/m2",5513,6
XI,551349,"Fabrics, woven; printed, containing less than 85% by weight of synthetic staple fibres (other than polyester, plain weave), mixed mainly or solely with cotton, not exceeding 170g/m2",5513,6
XI,5514,"Woven fabrics of synthetic staple fibres, containing less than 85% by weight of such fibres, mixed mainly or solely with cotton, of a weight exceeding 170g/m2",55,4
XI,551411,"Fabrics, woven; plain weave, unbleached or bleached, containing less than 85% by weight of polyester staple fibres, mixed mainly or solely with cotton, exceeding 170g/m2",5514,6
XI,551412,"Fabrics, woven; 3- or 4-thread twill, including cross twill, unbleached or bleached, containing less than 85% by weight of polyester staple fibres, mixed mainly or solely with cotton, over 170g/m2",5514,6
XI,551419,"Fabrics, woven; unbleached or bleached, containing less than 85% by weight of synthetic staple fibres n.e.c. in item no. 55.14.1, mixed mainly or solely with cotton, exceeding 170g/m2",5514,6
XI,551421,"Fabrics, woven; plain weave, dyed, containing less than 85% by weight of polyester staple fibres, mixed mainly or solely with cotton, exceeding 170g/m2",5514,6
XI,551422,"Fabrics, woven; 3- or 4-thread twill, including cross twill, dyed, containing less than 85% by weight of polyester staple fibres, mixed mainly or solely with cotton, exceeding 170g/m2",5514,6
XI,551423,"Fabrics, woven; dyed, containing less than 85% by weight of polyester staple fibres, mixed mainly or solely with cotton, exceeding 170g/m2, n.e.c. in heading no. 5514",5514,6
XI,551429,"Fabrics, woven; dyed, containing less than 85% by weight of synthetic staple fibres (other than polyesters), mixed mainly or solely with cotton, exceeding 170g/m2",5514,6
XI,551430,"Fabrics, woven; of yarns of different colours, containing less than 85% by weight of synthetic staple fibres, mixed mainly or solely with cotton, exceeding 170g/m2",5514,6
XI,551441,"Fabrics, woven; plain weave, printed, containing less than 85% by weight of polyester staple fibres, mixed mainly or solely with cotton, exceeding 170g/m2",5514,6
XI,551442,"Fabrics, woven; 3- or 4-thread twill, including cross twill, printed, containing less than 85% by weight of polyester staple fibres, mixed mainly or solely with cotton, exceeding 170g/m2",5514,6
XI,551443,"Fabrics, woven; printed, containing less than 85% by weight of polyester staple fibres, mixed mainly or solely with cotton, weight exceeding 170g/m2, n.e.c. in heading no. 5514",5514,6
XI,551449,"Fabrics, woven; printed, containing less than 85% by weight of synthetic staple fibres (other than polyesters), mixed mainly or solely with cotton, exceeding 170g/m2",5514,6
XI,5515,"Woven fabrics of synthetic staple fibres, n.e.c. in chapter 55",55,4
XI,551511,"Fabrics, woven; of polyester staple fibres n.e.c. in chapter 55, mixed mainly or solely with viscose rayon staple fibres",5515,6
XI,551512,"Fabrics, woven; of polyester staple fibres n.e.c. in chapter 55, mixed mainly or solely with man-made filaments",5515,6
XI,551513,"Fabrics, woven; of polyester staple fibres n.e.c. in chapter 55, mixed mainly or solely with wool or fine animal hair",5515,6
XI,551519,"Fabrics, woven; of polyester staple fibres n.e.c. in chapter 55, mixed mainly or solely with fibres n.e.c. in item no. 5515.1",5515,6
XI,551521,"Fabrics, woven; of acrylic or modacrylic staple fibres n.e.c. in chapter 55, mixed mainly or solely with man-made filaments",5515,6
XI,551522,"Fabrics, woven; of acrylic or modacrylic staple fibres n.e.c. in chapter 55, mixed mainly or solely with wool or fine animal hair",5515,6
XI,551529,"Fabrics, woven; of acrylic or modacrylic staple fibres n.e.c. in chapter 55, mixed mainly or solely with fibres n.e.c. in item no. 5515.2",5515,6
XI,551591,"Fabrics, woven; of synthetic staple fibres n.e.c. in chapter 55, mixed mainly or solely with man-made filaments",5515,6
XI,551599,"Fabrics, woven; of synthetic staple fibres n.e.c. in chapter 55, mixed mainly or solely with fibres n.e.c. in heading no. 5515",5515,6
XI,5516,Woven fabrics of artificial staple fibres,55,4
XI,551611,"Fabrics, woven; unbleached or bleached, containing 85% or more by weight of artificial staple fibres",5516,6
XI,551612,"Fabrics, woven; dyed, containing 85% or more by weight of artificial staple fibres",5516,6
XI,551613,"Fabrics, woven; of yarns of different colours, containing 85% or more by weight of artificial staple fibres",5516,6
XI,551614,"Fabrics, woven; printed, containing 85% or more by weight of artificial staple fibres",5516,6
XI,551621,"Fabrics, woven; unbleached or bleached, containing less than 85% by weight of artificial staple fibres, mixed mainly or solely with manmade filaments",5516,6
XI,551622,"Fabrics, woven; dyed, containing less than 85% by weight of artificial staple fibres, mixed mainly or solely with man-made filaments",5516,6
XI,551623,"Fabrics, woven; of yarns of different colours, containing less than 85% by weight of artificial staple fibres, mixed mainly or solely with man-made filaments",5516,6
XI,551624,"Fabrics, woven; printed, containing less than 85% by weight of artificial staple fibres, mixed mainly or solely with man-made filaments",5516,6
XI,551631,"Fabrics, woven; unbleached or bleached, containing less than 85% by weight of artificial staple fibres, mixed mainly or solely with wool or fine animal hair",5516,6
XI,551632,"Fabrics, woven; dyed, containing less than 85% by weight of artificial staple fibres, mixed mainly or solely with wool or fine animal hair",5516,6
XI,551633,"Fabrics, woven; of yarns of different colours, containing less than 85% by weight of artificial staple fibres, mixed mainly or solely with wool or fine animal hair",5516,6
XI,551634,"Fabrics, woven; printed, containing less than 85% by weight of artificial staple fibres, mixed mainly or solely with wool or fine animal hair",5516,6
XI,551641,"Fabrics, woven; unbleached or bleached, containing less than 85% by weight of artificial staple fibres, mixed mainly or solely with cotton",5516,6
XI,551642,"Fabrics, woven; dyed, containing less than 85% by weight of artificial staple fibres, mixed mainly or solely with cotton",5516,6
XI,551643,"Fabrics, woven; of yarns of different colours, containing less than 85% by weight of artificial staple fibres, mixed mainly or solely with cotton",5516,6
XI,551644,"Fabrics, woven; printed, containing less than 85% by weight of artificial staple fibres, mixed mainly or solely with cotton",5516,6
XI,551691,"Fabrics, woven; unbleached or bleached, of artificial staple fibres, n.e.c. in heading no. 5516",5516,6
XI,551692,"Fabrics, woven; dyed, of artificial staple fibres, n.e.c. in heading no. 5516",5516,6
XI,551693,"Fabrics, woven; of yarns of different colours, of artificial staple fibres, n.e.c. in heading no. 5516",5516,6
XI,551694,"Fabrics, woven; printed, of artificial staple fibres, n.e.c. in heading no. 5516",5516,6
XI,56,"Wadding, felt and nonwovens, special yarns; twine, cordage, ropes and cables and articles thereof",TOTAL,2
XI,5601,"Wadding of textile materials and articles thereof; textile fibres, not exceeding 5 mm in length (flock), textile dust and mill neps",56,4
XI,560121,"Wadding; other articles thereof, of cotton",5601,6
XI,560122,"Wadding; other articles thereof, of man-made fibres",5601,6
XI,560129,"Wadding; other articles thereof, other than of cotton or man-made fibres",5601,6
XI,560130,Wadding; textile flock and dust and mill neps,5601,6
XI,5602,"Felt; whether or not impregnated, coated, covered or laminated",56,4
XI,560210,"Felt; needleloom felt and stitch-bonded fibre fabrics, whether or not impregnated, coated, covered or laminated",5602,6
XI,560221,"Felt; of wool or fine animal hair (excluding needleloom felt or stitch-bonded fibre fabrics), not impregnated, coated, covered nor laminated",5602,6
XI,560229,"Felt; of textile materials other than wool or fine animal hair (excluding needleloom felt and stitch-bonded fibre fabrics), not impregnated, coated, covered or laminated",5602,6
XI,560290,"Felt; impregnated, coated, covered or laminated (excluding needleloom felt and stitch-bonded fibre fabrics)",5602,6
XI,5603,"Nonwovens; whether or not impregnated, coated, covered or laminated",56,4
XI,560311,"Nonwovens; whether or not impregnated, coated, covered or laminated, of man-made filaments, (weighing not more than 25g/m2)",5603,6
XI,560312,"Nonwovens; whether or not impregnated, coated, covered or laminated, of man-made filaments, (weighing more than 25g/m2 but not more than 70g/m2)",5603,6
XI,560313,"Nonwovens; whether or not impregnated, coated, covered or laminated, of man-made filaments, (weighing more than 70g/m2 but not more than 150g/m2)",5603,6
XI,560314,"Nonwovens; whether or not impregnated, coated, covered or laminated, of man-made filaments, (weighing more than 150g/m2)",5603,6
XI,560391,"Nonwovens; whether or not impregnated, coated, covered or laminated, not of man-made filaments, (weighing not more than 25g/m2)",5603,6
XI,560392,"Nonwovens; whether or not impregnated, coated, covered or laminated, not of man-made filaments, (weighing more than 25g/m2 but not more than 70g/m2)",5603,6
XI,560393,"Nonwovens; whether or not impregnated, coated, covered or laminated, not of man-made filaments, (weighing more than 70g/m2 but not more than 150g/m2)",5603,6
XI,560394,"Nonwovens; whether or not impregnated, coated, covered or laminated, not of man-made filaments, (weighing more than 150g/m2)",5603,6
XI,5604,"Rubber thread and cord, textile covered; textile yarn and strip and the like of heading no. 5404, 5405; impregnated, coated, covered or sheathed with rubber or plastics",56,4
XI,560410,Rubber thread and cord; textile covered,5604,6
XI,560490,"Yarn; textile yarn, strip, and the like of heading no. 5404 or 5405, impregnated, coated, covered, or sheathed with rubber or plastics, n.e.c. in heading no. 5604",5604,6
XI,5605,"Yarn; metallised, whether or not gimped, of textile yarn, or strip or the like of heading no. 5404 or 5405, combined with metal in the form of thread, strip or powder or covered with metal",56,4
XI,560500,"Yarn; metallised, whether or not gimped, of textile yarn, or strip or the like of heading no. 5404 or 5405, combined with metal in the form of thread, strip or powder or covered with metal",5605,6
XI,5606,"Yarn and strip and the like of heading no. 5404 or 5405, gimped (other than those of heading no. 5606 and gimped horsehair yarn); chenille yarn (including flock chenille yarn); loop wale-yarn",56,4
XI,560600,"Yarn and strip and the like of heading no. 5404 or 5405; gimped, (other than those of heading no. 5406 and gimped horsehair yarn); chenille yarn (including flock chenille yarn); loop wale-yarn",5606,6
XI,5607,"Twine, cordage, ropes and cables, whether or not plaited or braided; whether or not impregnated, coated, covered or sheathed with rubber or plastics",56,4
XI,560721,"Twine; binder or baler twine, of sisal or other textile fibres of the genus agave",5607,6
XI,560729,"Twine, cordage, ropes, cables; of sisal or other textile fibres of the genus agave (excluding binder or baler twine), whether or not plaited, braided or rubber or plastic impregnated, coated, covered or sheathed",5607,6
XI,560741,"Twine; binder or baler twine, of polyethylene or polypropylene",5607,6
XI,560749,"Twine, cordage, ropes, cables; of polyethylene or polypropylene (excluding binder or baler twine), whether or not plaited, braided or rubber or plastic impregnated, coated, covered or sheathed",5607,6
XI,560750,"Twine, cordage, ropes, cables; of synthetic fibres other than polyethylene or polypropylene, whether or not plaited, braided or impregnated, coated, covered or sheathed with rubber or plastics",5607,6
XI,560790,"Twine, cordage, ropes, cables; of materials n.e.c. in heading no. 5607, whether or not plaited, braided or impregnated, coated, covered, or sheathed with rubber or plastics",5607,6
XI,5608,"Twine, cordage or rope; knotted netting, made up fishing nets and other made up nets, of textile materials",56,4
XI,560811,"Twine, cordage or rope; fishing nets, made up, of man made textile materials",5608,6
XI,560819,"Twine, cordage or rope; knotted netting, for other than fishing, of man-made textile materials",5608,6
XI,560890,"Twine, cordage or rope; knotted netting, of other than man-made textiles",5608,6
XI,5609,"Articles of yarn, strip or the like of heading no. 5404 or 5405; twine, cordage, rope or cables n.e.c. or included",56,4
XI,560900,"Yarn; articles of yarn, strip or the like of heading no. 5404 and 5405, twine, cordage, rope or cables n.e.c. or included",5609,6
XI,57,Carpets and other textile floor coverings,TOTAL,2
XI,5701,"Carpets and other textile floor coverings; knotted, whether or not made up",57,4
XI,570110,"Carpets and other textile floor coverings; knotted, of wool or fine animal hair, whether or not made up",5701,6
XI,570190,"Carpets and other textile floor coverings; knotted, of textile materials (other than wool or fine animal hair), whether or not made up",5701,6
XI,5702,"Carpets and other textile floor coverings; woven, (not tufted or flocked), whether or not made up, including kelem, schumacks, karamanie and similar hand-woven rugs",57,4
XI,570210,"Carpets and other textile floor coverings; woven, (not tufted or flocked), whether or not made up, including kelem, schumacks, karamanie and similar hand-woven rugs",5702,6
XI,570220,"Carpets and other textile floor coverings; woven, (not tufted or flocked), whether or not made up, of coconut fibres (coir)",5702,6
XI,570231,"Carpets and other textile floor coverings; woven, (not tufted or flocked), of wool or fine animal hair, of pile construction, not made up, n.e.c. in item no. 5702.10 or 5702.20",5702,6
XI,570232,"Carpets and other textile floor coverings; woven, (not tufted or flocked), of man-made textile materials, of pile construction, not made up, n.e.c. in item no. 5702.10 or 5702.20",5702,6
XI,570239,"Carpets and other textile floor coverings; woven, (not tufted or flocked), of textile materials (other than man-made, wool or fine animal hair), of pile construction, not made up, n.e.c. in item no. 5702.10 or 5702.20",5702,6
XI,570241,"Carpets and other textile floor coverings; woven, (not tufted or flocked), of wool or fine animal hair, of pile construction, made up, n.e.c. in item no. 5702.10 or 5702.20",5702,6
XI,570242,"Carpets and other textile floor coverings; woven, (not tufted or flocked), of man-made textile materials, of pile construction, made up, n.e.c. in item no. 5702.10 or 5702.20",5702,6
XI,570249,"Carpets and other textile floor coverings; woven, (not tufted or flocked), of textile materials (other than man-made, wool or fine animal hair), of pile construction, made up, n.e.c. in item no. 5702.10 or 5702.20",5702,6
XI,570250,"Carpets and other textile floor coverings; woven, (not tufted or flocked), not of pile construction, not made up, n.e.c. in item no. 5702.10 or 5702.20",5702,6
XI,570291,"Carpets and other textile floor coverings; woven, (not tufted or flocked), of wool or fine animal hair, (not of pile construction), made up, n.e.c. in item no. 5702.10 or 5702.20",5702,6
XI,570292,"Carpets and other textile floor coverings; woven, (not tufted or flocked), of man-made textile materials, (not of pile construction), made up, n.e.c. in item no. 5702.10 or 5702.20",5702,6
XI,570299,"Carpets and other textile floor coverings; woven, (not tufted or flocked), of textile materials (other than man-made or wool or fine animal hair, not of pile construction), made up, n.e.c. in item no. 5702.10 or 5702.20",5702,6
XI,5703,"Carpets and other textile floor coverings (including turf); tufted, whether or not made up",57,4
XI,570310,"Carpets and other textile floor coverings (including turf); tufted, of wool or fine animal hair, whether or not made up",5703,6
XI,570321,"Carpets and other textile floor coverings; tufted, of nylon or other polyamides, whether or not made up",5703,6
XI,570329,"Carpets; tufted, of nylon or other polyamides, whether or not made up",5703,6
XI,570331,"Carpets and other textile floor coverings; tufted, of other man-made textile materials (other than polyamides), whether or not made up",5703,6
XI,570339,"Carpets; tufted, of man-made textile materials (other than polyamides), whether of not made up",5703,6
XI,570390,"Carpets and other textile floor coverings; tufted, of textile materials (other than man-made, wool or fine animal hair), whether or not made up",5703,6
XI,5704,"Carpets and other textile floor coverings; of felt, (not tufted or flocked), whether or not made up",57,4
XI,570410,"Textile floor coverings; felt tiles, (not tufted or flocked), whether or not made up, having a maximum surface area of 0.3m2",5704,6
XI,570420,"Carpets and other textile floor coverings; of felt, (not tufted or flocked), whether or not made up, having a maximum surface area exceeding 0.3 m2 but not exceeding 1 m2",5704,6
XI,570490,"Carpets and other textile floor coverings; of felt, (not tufted or flocked), in the piece, whether or not made up, having a maximum surface area exceeding 1 m2",5704,6
XI,5705,"Carpets and other textile floor coverings; n.e.c. in chapter 57, whether or not made up",57,4
XI,570500,"Carpets and other textile floor coverings; n.e.c. in chapter 57, whether or not made up",5705,6
XI,58,"Fabrics; special woven fabrics, tufted textile fabrics, lace, tapestries, trimmings, embroidery",TOTAL,2
XI,5801,"Fabrics; woven pile and chenille fabrics, other than fabrics of heading no. 5802 or 5806",58,4
XI,580110,"Fabrics; woven pile, of wool or fine animal hair, other than fabrics of heading no. 5802 or 5806",5801,6
XI,580121,"Fabrics; woven pile, of cotton, uncut weft pile fabrics, other than fabrics of heading no. 5802 or 5806",5801,6
XI,580122,"Fabrics; woven pile, of cotton, cut corduroy, other than fabrics of heading no. 5802 or 5806",5801,6
XI,580123,"Fabrics; woven pile, of cotton, weft pile fabrics other than uncut and corduroy, other than fabrics of heading no. 5802 or 5806",5801,6
XI,580126,"Fabrics; chenille, of cotton, other than fabrics of heading no. 5802 or 5806",5801,6
XI,580127,"Fabrics; woven pile, of cotton, warp pile fabrics, other than fabrics of heading no. 5802 or 5806",5801,6
XI,580131,"Fabrics; woven pile, of man-made fibres, uncut weft pile fabrics, other than fabrics of heading no. 5802 or 5806",5801,6
XI,580132,"Fabrics; woven pile, of man-made fibres, cut corduroy, other than fabrics of heading no. 5802 or 5806",5801,6
XI,580133,"Fabrics; woven pile, of man-made fibres, other weft pile fabrics, other than fabrics of heading no. 5802 or 5806",5801,6
XI,580136,"Fabrics; chenille, of man-made fibres, other than fabrics of heading no. 5802 or 5806",5801,6
XI,580137,"Fabrics; woven pile, of man-made fibres, warp pile fabrics, other than fabrics of heading no. 5802 or 5806",5801,6
XI,580190,"Fabrics; woven pile and chenille, of textile materials n.e.c. in heading no. 5801, other than fabrics of heading no. 5802 or 5806",5801,6
XI,5802,"Fabrics; terry towelling and similar woven terry fabrics other than narrow fabrics of heading no. 5806; tufted textile fabrics, excluding products of heading no. 5703",58,4
XI,580210,"Fabrics; terry towelling and similar woven terry fabrics, of cotton, whether bleached or unbleached, excluding narrow fabrics of heading no. 5806",5802,6
XI,580220,"Fabrics; terry towelling and similar woven terry fabrics, of textile materials, excluding cotton, excluding narrow fabrics of heading no. 5806",5802,6
XI,580230,"Fabrics; tufted textile fabrics, excluding products of heading no. 5703",5802,6
XI,5803,Gauze; other than narrow fabrics of heading no. 5806,58,4
XI,580300,Gauze; other than narrow fabrics of heading no. 5806,5803,6
XI,5804,"Tulles and other net fabrics; not including woven, knitted or crocheted fabrics; lace in the piece, in strips or in motifs, (other than fabrics of headings 60.02 to 60.06)",58,4
XI,580410,"Tulles and other net fabrics; excluding woven, knitted or crocheted fabrics, (other than fabrics of headings 60.02 to 60.06)",5804,6
XI,580421,"Lace; mechanically made, of man-made fibres in the piece, in strips or in motifs, (other than fabrics of headings 60.02 to 60.06)",5804,6
XI,580429,"Lace; mechanically made, of textile materials, (other than man-made fibres), in the piece, in strips or motifs, (other than fabrics of headings 60.02 to 60.06)",5804,6
XI,580430,"Lace; hand-made, in the piece, in strips or motifs, (other than fabrics of headings 60.02 to 60.06)",5804,6
XI,5805,"Tapestries; hand-woven, (Gobelins, Flanders, Aubusson, Beauvais and the like) and needle-worked tapestries (e.g. petit point, cross-stitch) whether or not made up",58,4
XI,580500,"Tapestries; hand-woven, (Gobelins, Flanders, Aubusson, Beauvais and the like) and needle-worked tapestries (e.g. petit point, cross-stitch) whether or not made up",5805,6
XI,5806,"Fabrics; narrow woven, other than goods of heading 5807; narrow fabrics consisting of warp without weft assembled by means of an adhesive (bolducs)",58,4
XI,580610,Fabrics; woven pile (including terry towelling and similar terry fabrics) and chenille fabrics (excluding goods of heading 5807),5806,6
XI,580620,"Fabrics; narrow (excluding pile fabrics), containing by weight 5% or more of elastomeric yarn or rubber thread",5806,6
XI,580631,"Fabrics; narrow woven fabrics, n.e.c. in heading no. 5806, of cotton (excluding goods of heading no. 5807)",5806,6
XI,580632,"Fabrics, narrow woven fabrics, n.e.c. in heading no. 5806, of man-made fibres (excluding goods of heading no. 5807)",5806,6
XI,580639,"Fabrics; narrow woven fabrics, n.e.c. in heading no. 5806, of textile materials n.e.c. in item no. 5806.3 (excluding goods of heading no. 5807)",5806,6
XI,580640,"Fabrics; narrow woven, consisting of warp without weft, assembled by means of an adhesive (bolducs)",5806,6
XI,5807,"Labels, badges and similar articles; of textile materials, in the piece, in strips or cut to shape or size, not embroidered",58,4
XI,580710,"Labels, badges and similar articles; woven, of textile materials, in the piece, in strips or cut to shape or size, not embroidered",5807,6
XI,580790,"Labels, badges and similar articles; (other than woven), of textile materials, in the piece, in strips or cut to shape or size, not embroidered",5807,6
XI,5808,"Braids in the piece; ornamental trimmings in the piece, without embroidery, other than knitted or crocheted; tassels, pompons and similar articles",58,4
XI,580810,Braids; in the piece,5808,6
XI,580890,"Ornamental trimmings; tassels, pompons and similar articles; ornamental trimmings in the piece, without embroidery, other than knitted or crocheted",5808,6
XI,5809,"Fabrics, woven; of metal thread and metallised yarn of heading no. 5605, of a kind used in apparel, as furnishing fabrics or similar purposes; n.e.c. or included",58,4
XI,580900,"Fabrics, woven; of metal thread and metallised yarn of heading no. 5605, of a kind used in apparel, as furnishing fabrics or similar purposes; n.e.c. or included",5809,6
XI,5810,"Embroidery; in the piece, in strips or in motifs",58,4
XI,581010,"Embroidery; without visible ground, in the piece, in strips or in motifs",5810,6
XI,581091,"Embroidery; with visible ground, of cotton, in the piece, in strips or in motifs",5810,6
XI,581092,"Embroidery; with visible ground, of man-made fibres, in the piece, in strips or in motifs",5810,6
XI,581099,"Embroidery; with visible ground, of textile materials (other than cotton and man-made fibres), in the piece, in strips or in motifs",5810,6
XI,5811,"Quilted textile products; in the piece, composed of one or more layers of textile materials assembled with padding by stitching or otherwise (excluding embroidery of heading no. 5810)",58,4
XI,581100,"Quilted textile products; in the piece, composed of one or more layers of textile materials assembled with padding by stitching or otherwise (excluding embroidery of heading no. 5810)",5811,6
XI,59,"Textile fabrics; impregnated, coated, covered or laminated; textile articles of a kind suitable for industrial use",TOTAL,2
XI,5901,"Textile fabrics, gum or amylaceous substance coated, used for outer book covers and like; tracing cloth, prepared painting canvas; buckram and similar stiffened textile fabrics used for hat foundation",59,4
XI,590110,"Textile fabrics; coated with gum or amylaceous substances, of a kind used for the outer covers of books or the like",5901,6
XI,590190,"Textile fabrics; coated with gum or amylaceous substances, tracing cloth, prepared painting canvas, buckram and similar stiffened textile fabrics for hat foundations, (excluding book covers)",5901,6
XI,5902,Textile fabrics; tyrecord of high tenacity yarn of nylon or other polyamides polyesters or viscose rayon,59,4
XI,590210,Textile fabrics; tyrecord of high tenacity yarn of nylon or other polyamides,5902,6
XI,590220,Textile fabrics; tyrecord of high tenacity yarn of polyester,5902,6
XI,590290,Textile fabrics; tyrecord of high tenacity yarn of viscose rayon,5902,6
XI,5903,"Textile fabrics impregnated, coated, covered or laminated with plastics, other than those of heading no. 5902",59,4
XI,590310,"Textile fabrics; impregnated, coated, covered or laminated with poly(vinyl chloride)",5903,6
XI,590320,"Textile fabrics; impregnated, coated, covered or laminated with polyurethane",5903,6
XI,590390,"Textile fabrics; impregnated, coated, covered or laminated with plastics, (excluding polyvinyl chloride, polyurethane and those of heading no. 5902)",5903,6
XI,5904,"Linoleum, whether or not cut to shape; floor coverings consisting of a coating or covering applied on a textile backing, whether or not cut to shape",59,4
XI,590410,"Linoleum, whether or not cut to shape",5904,6
XI,590490,"Textiles floor coverings; consisting of a coating or covering applied on a textile backing, whether or not cut to shape, other than linoleum",5904,6
XI,5905,Textile wall coverings,59,4
XI,590500,"Textile wall coverings of fabrics impregnated, coated, covered or laminated",5905,6
XI,5906,"Textile fabrics, rubberised; other than those of heading no. 5902",59,4
XI,590610,"Textile fabrics, rubberised; (excluding those of heading no. 5902), adhesive tape of a width not exceeding 20cm",5906,6
XI,590691,"Textile fabrics, rubberised; (excluding those of heading no. 5902 and adhesive tape of a width not exceeding 20cm), knitted or crocheted",5906,6
XI,590699,"Textile fabrics, rubberised; (excluding those of heading no. 5902 and adhesive tape of a width not exceeding 20cm), not knitted or crocheted",5906,6
XI,5907,"Textile fabrics; otherwise impregnated, coated or covered; painted canvas being theatrical scenery, studio back-cloths or the like",59,4
XI,590700,"Textile fabrics; otherwise impregnated, coated or covered, painted canvas being theatrical scenery, studio back-cloths or the like",5907,6
XI,5908,"Textile wicks, woven, plaited or knitted; for lamps, stoves, lighters, candles or the like; incandescent gas mantles and tubular knitted gas mantle fabric therefor, whether or not impregnated",59,4
XI,590800,"Textile wicks, woven, plaited or knitted; for lamps, stoves, lighters, candles or the like; incandescent gas mantles and tubular knitted gas mantle fabric therefor, whether or not impregnated",5908,6
XI,5909,"Textile hose piping and similar textile tubing; with or without lining, armour or accessories of other materials",59,4
XI,590900,"Textile hosepiping and similar textile tubing; with or without lining, armour or accessories of other materials",5909,6
XI,5910,"Textiles; transmission or conveyor belts or belting, of textile material, whether or not impregnated, coated, covered or laminated with plastics, or reinforced with metal or other material",59,4
XI,591000,"Textiles; transmission or conveyor belts or belting, of textile material, whether or not impregnated, coated, covered or laminated with plastics, or reinforced with metal or other material",5910,6
XI,5911,Textile products and articles for technical uses; specified in note 7 to this chapter,59,4
XI,591110,"Textile fabric, felt & felt-lined woven fabrics, coated/covered/laminated with rubber, leather or other material, for card clothing, similar fabrics used for technical purposes, including rubber impregnated narrow velvet fabrics to cover weaving spindles",5911,6
XI,591120,"Textile products and articles for technical uses; bolting cloth, whether or not made up",5911,6
XI,591131,"Textiles; fabrics and felts, endless or fitted with linking devices, of a kind used in paper-making or similar machines, weighing less than 650g/m2",5911,6
XI,591132,"Textiles; fabrics and felts, endless or fitted with linking devices, of a kind used in paper-making or similar machines, weighing 650g/m2 or more",5911,6
XI,591140,"Textile products and articles for technical uses; straining cloth of a kind used in oil presses and the like, including that of human hair",5911,6
XI,591190,Textile products and articles for technical uses; n.e.c. in heading no. 5911,5911,6
XI,60,Fabrics; knitted or crocheted,TOTAL,2
XI,6001,"Fabrics; pile fabrics, including long pile fabrics and terry fabrics, knitted or crocheted",60,4
XI,600110,"Fabrics; long pile fabrics, knitted or crocheted",6001,6
XI,600121,"Fabrics; looped pile fabrics, of cotton, knitted or crocheted",6001,6
XI,600122,"Fabrics; looped pile fabrics, of man-made fibres, knitted or crocheted",6001,6
XI,600129,"Fabrics; looped pile fabrics, of textile materials (other than cotton or man-made fibres), knitted or crocheted",6001,6
XI,600191,"Fabrics; pile fabrics (excluding long pile and loop pile), of cotton, knitted or crocheted",6001,6
XI,600192,"Fabrics; pile fabrics (excluding long pile and loop pile), of man-made fibres, knitted or crocheted",6001,6
XI,600199,"Fabrics; pile fabrics (excluding long pile and loop pile), of textile materials (other than cotton or man-made fibres), knitted or crocheted",6001,6
XI,6002,"Fabrics; knitted or crocheted, other than those of heading 60.01, of a width not exceeding 30cm, containing by weight 5% or more of elastomeric yarn or rubber thread",60,4
XI,600240,"Fabrics; knitted or crocheted, other than those of heading 60.01, of a width not exceeding 30 cm, containing by weight 5% or more of elastomeric yarn but not containing rubber thread",6002,6
XI,600290,"Fabrics; knitted or crocheted, other than those of heading 60.01, of a width not exceeding 30 cm, containing by weight 5% or more of elastomeric yarn or rubber thread",6002,6
XI,6003,"Fabrics; knitted or crocheted fabrics, other than those of heading 60.01 and 60.02, of a width not exceeding 30 cm,",60,4
XI,600310,"Fabrics; knitted or crocheted fabrics, other than those of heading 60.01 and 60.02, of a width not exceeding 30 cm, of wool or fine animal hair",6003,6
XI,600320,"Fabrics; knitted or crocheted fabrics, other than those of heading 60.01 and 60.02, of a width not exceeding 30 cm, of cotton",6003,6
XI,600330,"Fabrics; knitted or crocheted fabrics, other than those of heading 60.01 and 60.02, of a width not exceeding 30 cm, of synthetic fibres",6003,6
XI,600340,"Fabrics; knitted or crocheted fabrics, other than those of heading 60.01 and 60.02, of a width not exceeding 30 cm, of artificial fibres",6003,6
XI,600390,"Fabrics; knitted or crocheted fabrics, other than those of heading 60.01 and 60.02, of a width not exceeding 30 cm, other than of wool and fine animal hair, cotton, synthetic or artificial fibres",6003,6
XI,6004,"Fabrics; knitted or crocheted fabrics of a width exceeding 30 cm, other than those of heading 60.01, containing by weight 5% or more of elastomeric yarn or rubber thread",60,4
XI,600410,"Fabrics; knitted or crocheted fabrics of a width exceeding 30 cm, other than those of heading 60.01, containing by weight 5% or more of elastomeric yarn but not containing rubber thread",6004,6
XI,600490,"Fabrics; knitted or crocheted, other than those of heading 60.01, of a width exceeding 30 cm, containing by weight 5% or more of elastomeric yarn or rubber thread,",6004,6
XI,6005,"Fabrics; warp knit (including those made on galloon knitting machines), other than those of headings 60.01 to 60.04",60,4
XI,600521,"Fabrics; warp knit (including those made on galloon knitting machines), other than those of headings 60.01 to 60.04, of cotton, unbleached or bleached",6005,6
XI,600522,"Fabrics; warp knit (including those made on galloon knitting machines), other than those of headings 60.01 to 60.04, of cotton, dyed",6005,6
XI,600523,"Fabrics; warp knit (including those made on galloon knitting machines), other than those of headings 60.01 to 60.04, of cotton, yarns of different colours",6005,6
XI,600524,"Fabrics; warp knit (including those made on galloon knitting machines), other than those of headings 60.01 to 60.04, of cotton, printed",6005,6
XI,600535,"Fabrics; warp knit (including those made on galloon knitting machines), other than those of headings 60.01 to 60.04, of synthetic fibres specified in Subheading Note 1 to this Chapter",6005,6
XI,600536,"Fabrics; warp knit (including those made on galloon knitting machines), other than those of headings 60.01 to 60.04, of synthetic fibres, bleached or unbleached",6005,6
XI,600537,"Fabrics; warp knit (including those made on galloon knitting machines), other than those of headings 60.01 to 60.04, of synthetic fibres, dyed",6005,6
XI,600538,"Fabrics; warp knit (including those made on galloon knitting machines), other than those of headings 60.01 to 60.04, of synthetic fibres, yarns of different colours",6005,6
XI,600539,"Fabrics; warp knit (including those made on galloon knitting machines), other than those of headings 60.01 to 60.04, of synthetic fibres, printed",6005,6
XI,600541,"Fabrics; warp knit (including those made on galloon knitting machines), other than those of headings 60.01 to 60.04, of artificial fibres, bleached or unbleached",6005,6
XI,600542,"Fabrics; warp knit (including those made on galloon knitting machines), other than those of headings 60.01 to 60.04, of artificial fibres, dyed",6005,6
XI,600543,"Fabrics; warp knit (including those made on galloon knitting machines), other than those of headings 60.01 to 60.04, of artificial fibres, of yarns of different colours",6005,6
XI,600544,"Fabrics; warp knit (including those made on galloon knitting machines), other than those of headings 60.01 to 60.04, of artificial fibres, printed",6005,6
XI,600590,"Fabrics; warp knit (including those made on galloon knitting machines), other than those of headings 60.01 to 60.04, excluding those made from cotton or synthetic or artificial fibres",6005,6
XI,6006,"Fabrics; knitted or crocheted fabrics, other than those of headings 60.01 to 60.04",60,4
XI,600610,"Fabrics; knitted or crocheted fabrics, other than those of headings 60.01 to 60.04, of wool or fine animal hair",6006,6
XI,600621,"Fabrics; knitted or crocheted fabrics, other than those of headings 60.01 to 60.04, of cotton, unbleached or bleached",6006,6
XI,600622,"Fabrics; knitted or crocheted fabrics, other than those of headings 60.01 to 60.04, of cotton, dyed",6006,6
XI,600623,"Fabrics; knitted or crocheted fabrics, other than those of headings 60.01 to 60.04, of cotton, of yarns of different colours",6006,6
XI,600624,"Fabrics; knitted or crocheted fabrics, other than those of headings 60.01 to 60.04, of cotton, printed",6006,6
XI,600631,"Fabrics; knitted or crocheted fabrics, other than those of headings 60.01 to 60.04, of synthetic fibres, unbleached or bleached",6006,6
XI,600632,"Fabrics; knitted or crocheted fabrics, other than those of headings 60.01 to 60.04, of synthetic fibres, dyed",6006,6
XI,600633,"Fabrics; knitted or crocheted fabrics, other than those of headings 60.01 to 60.04, of synthetic fibres, of yarns of different colours",6006,6
XI,600634,"Fabrics; knitted or crocheted fabrics, other than those of headings 60.01 to 60.04, of synthetic fibres, printed",6006,6
XI,600641,"Fabrics; knitted or crocheted fabrics, other than those of headings 60.01 to 60.04, of artificial fibres, unbleached or bleached",6006,6
XI,600642,"Fabrics; knitted or crocheted fabrics, other than those of headings 60.01 to 60.04, of artificial fibres, dyed",6006,6
XI,600643,"Fabrics; knitted or crocheted fabrics, other than those of headings 60.01 to 60.04, of artificial fibres, of yarns of different colours",6006,6
XI,600644,"Fabrics; knitted or crocheted fabrics, other than those of headings 60.01 to 60.04, of artificial fibres, printed",6006,6
XI,600690,"Fabrics; knitted or crocheted fabrics, other than those of headings 60.01 to 60.04,and other than those made of wool, fine animal hair, cotton, synthetic or artificial fibres",6006,6
XI,61,Apparel and clothing accessories; knitted or crocheted,TOTAL,2
XI,6101,"Coats; men's or boys' overcoats, car-coats, capes, cloaks, anoraks, ski-jackets, wind-cheaters, wind-jackets and similar articles; knitted or crocheted, other than those of heading no. 6103",61,4
XI,610120,"Coats; men's or boys' overcoats, car-coats, capes, anoraks, wind-jackets and similar articles, of cotton, knitted or crocheted (excluding those of heading no. 6103)",6101,6
XI,610130,"Coats; men's or boys' overcoats, car-coats, capes, anoraks, wind-jackets and similar articles, of man-made fibres, knitted or crocheted, (excluding those of heading no. 6103)",6101,6
XI,610190,"Coats; men's or boys' overcoats, car-coats, capes, anoraks, wind-jackets and similar articles, of textile materials n.e.c. in heading no. 6101, knitted or crocheted (excluding those of heading no. 6103)",6101,6
XI,6102,"Coats; women's or girls' overcoats, car-coats, capes, cloaks, anoraks, ski-jackets, wind-cheaters, wind-jackets and similar articles, knitted or crocheted, other than those of heading no. 6104",61,4
XI,610210,"Coats; women's or girls' overcoats, car-coats, capes, anoraks, wind-jackets and similar articles, of wool or fine animal hair, knitted or crocheted (excluding those of heading no. 6104)",6102,6
XI,610220,"Coats; women's or girls' overcoats, car-coats, capes, anoraks, wind-jackets and similar articles, of cotton, knitted or crocheted (excluding those of heading no. 6104)",6102,6
XI,610230,"Coats; women's or girls' overcoats, car-coats, capes, anoraks, wind-jackets and similar articles, of man-made fibres, knitted or crocheted (excluding those of heading no. 6104)",6102,6
XI,610290,"Coats; women's or girls' overcoats, car-coats, capes, anoraks, wind-jackets and similar articles, of textile materials n.e.c. in heading no. 6102, knitted or crocheted (excluding those of heading no. 6104)",6102,6
XI,6103,"Suits, ensembles, jackets, blazers, trousers, bib and brace overalls, breeches, shorts (not swimwear); men's or boys', knitted or crocheted",61,4
XI,610310,"Suits; men's or boys', knitted or crocheted",6103,6
XI,610322,"Ensembles; men's or boys', of cotton, knitted or crocheted",6103,6
XI,610323,"Ensembles; men's or boys', of synthetic fibres, knitted or crocheted",6103,6
XI,610329,"Ensembles; men's or boys', of textile materials (other than cotton or synthetic fibres), knitted or crocheted",6103,6
XI,610331,"Jackets and blazers; men's or boys', of wool or fine animal hair, knitted or crocheted",6103,6
XI,610332,"Jackets and blazers; men's or boys', of cotton, knitted or crocheted",6103,6
XI,610333,"Jackets and blazers; men's or boys', of synthetic fibres, knitted or crocheted",6103,6
XI,610339,"Jackets and blazers; men's or boys', of textile materials (other than wool or fine animal hair, cotton or synthetic fibres), knitted or crocheted",6103,6
XI,610341,"Trousers, bib and brace overalls, breeches and shorts; men's or boys', of wool or fine animal hair, knitted or crocheted",6103,6
XI,610342,"Trousers, bib and brace overalls, breeches and shorts; men's or boys', of cotton, knitted or crocheted",6103,6
XI,610343,"Trousers, bib and brace overalls, breeches and shorts; men's or boys', of synthetic fibres, knitted or crocheted",6103,6
XI,610349,"Trousers, bib and brace overalls, breeches and shorts; men's or boys', of textile materials (other than wool or fine animal hair, cotton or synthetic fibres), knitted or crocheted",6103,6
XI,6104,"Suits, ensembles, jackets, dresses, skirts, divided skirts, trousers, bib and brace overalls, breeches and shorts (not swimwear), women's or girls', knitted or crocheted",61,4
XI,610413,"Suits; women's or girls', of synthetic fibres, knitted or crocheted",6104,6
XI,610419,"Suits; women's or girls', of textile materials (other than synthetic fibres), knitted or crocheted",6104,6
XI,610422,"Ensembles; women's or girls', of cotton, knitted or crocheted",6104,6
XI,610423,"Ensembles; women's or girls', of synthetic fibres, knitted or crocheted",6104,6
XI,610429,"Ensembles; women's or girls', of textile materials (other than cotton or synthetic fibres), knitted or crocheted",6104,6
XI,610431,"Jackets; women's or girls', of wool or fine animal hair, knitted or crocheted",6104,6
XI,610432,"Jackets; women's or girls', of cotton, knitted or crocheted",6104,6
XI,610433,"Jackets; women's or girls', of synthetic fibres, knitted or crocheted",6104,6
XI,610439,"Jackets; women's or girls', of textile materials (other than wool or fine animal hair, cotton or synthetic fibres), knitted or crocheted",6104,6
XI,610441,"Dresses; women's or girls', of wool or fine animal hair, knitted or crocheted",6104,6
XI,610442,"Dresses; women's or girls', of cotton, knitted or crocheted",6104,6
XI,610443,"Dresses; women's or girls', of synthetic fibres, knitted or crocheted",6104,6
XI,610444,"Dresses; women's or girls', of artificial fibres, knitted or crocheted",6104,6
XI,610449,"Dresses; women's or girls', of textile materials (other than wool or fine animal hair, cotton, synthetic or artificial fibres), knitted or crocheted",6104,6
XI,610451,"Skirts and divided skirts; women's or girls', of wool or fine animal hair, knitted or crocheted",6104,6
XI,610452,"Skirts and divided skirts; women's or girls', of cotton, knitted or crocheted",6104,6
XI,610453,"Skirts and divided skirts; women's or girls', of synthetic fibres, knitted or crocheted",6104,6
XI,610459,"Skirts and divided skirts; women's or girls', of textile materials (other than wool or fine animal hair, cotton or synthetic fibres), knitted or crocheted",6104,6
XI,610461,"Trousers, bib and brace overalls, breeches and shorts; women's or girls', of wool or fine animal hair, knitted or crocheted",6104,6
XI,610462,"Trousers, bib and brace overalls, breeches and shorts; women's or girls', of cotton, knitted or crocheted",6104,6
XI,610463,"Trousers, bib and brace overalls, breeches and shorts; women's or girls', of synthetic fibres, knitted or crocheted",6104,6
XI,610469,"Trousers, bib and brace overalls, breeches and shorts; women's or girls', of textile materials (other than wool or fine animal hair, cotton or synthetic fibres), knitted or crocheted",6104,6
XI,6105,"Shirts; men's or boys', knitted or crocheted",61,4
XI,610510,"Shirts; men's or boys', of cotton, knitted or crocheted",6105,6
XI,610520,"Shirts; men's or boys', of man-made fibres, knitted or crocheted",6105,6
XI,610590,"Shirts; men's or boys', of textile materials (other than cotton or man-made fibres), knitted or crocheted",6105,6
XI,6106,"Blouses, shirts and shirt-blouses; women's or girls', knitted or crocheted",61,4
XI,610610,"Blouses, shirts and shirt-blouses; women's or girls', of cotton, knitted or crocheted",6106,6
XI,610620,"Blouses, shirts and shirt-blouses; women's or girls', of man-made fibres, knitted or crocheted",6106,6
XI,610690,"Blouses, shirts and shirt-blouses; women's or girls', of textile materials (other than cotton or man-made fibres), knitted or crocheted",6106,6
XI,6107,"Underpants, briefs, nightshirts, pyjamas, bathrobes, dressing gowns and similar articles; men's or boys', knitted or crocheted",61,4
XI,610711,"Underpants and briefs; men's or boys', of cotton, knitted or crocheted",6107,6
XI,610712,"Underpants and briefs; men's or boys', of man-made fibres, knitted or crocheted",6107,6
XI,610719,"Underpants and briefs; men's or boys', of textile materials (other than cotton or man-made fibres), knitted or crocheted",6107,6
XI,610721,"Nightshirts and pyjamas; men's or boys', of cotton, knitted or crocheted",6107,6
XI,610722,"Nightshirts and pyjamas; men's or boys', of man-made fibres, knitted or crocheted",6107,6
XI,610729,"Nightshirts and pyjamas; men's or boys', of textile materials (other than cotton or man-made fibres), knitted or crocheted",6107,6
XI,610791,"Bathrobes, dressing gowns and similar articles; men's or boys', of cotton, knitted or crocheted",6107,6
XI,610799,"Bathrobes, dressing gowns and similar articles; men's or boys', of textile materials (other than cotton), knitted or crocheted",6107,6
XI,6108,"Slips, petticoats, briefs, panties, nightdresses, pyjamas, negligees, bathrobes, dressing gowns and similar articles; women's or girls', knitted or crocheted",61,4
XI,610811,"Slips and petticoats; women's or girls', of man-made fibres, knitted or crocheted",6108,6
XI,610819,"Slips and petticoats; women's or girls', of textile materials (other than man-made fibres), knitted or crocheted",6108,6
XI,610821,"Briefs and panties; women's or girls', of cotton, knitted or crocheted",6108,6
XI,610822,"Briefs and panties; women's or girls', of man-made fibres, knitted or crocheted",6108,6
XI,610829,"Briefs and panties; women's or girls', of textile materials (other than cotton or man-made fibres), knitted or crocheted",6108,6
XI,610831,"Nightdresses and pyjamas; women's or girls', of cotton, knitted or crocheted",6108,6
XI,610832,"Nightdresses and pyjamas; women's or girls', of man-made fibres, knitted or crocheted",6108,6
XI,610839,"Nightdresses and pyjamas; women's or girls', of textile materials (other than cotton or man-made fibres), knitted or crocheted",6108,6
XI,610891,"Negligees, bathrobes, dressing gowns and similar articles; women's or girls', of cotton, knitted or crocheted",6108,6
XI,610892,"Negligees, bathrobes, dressing gowns and similar articles; women's or girls', of man-made fibres, knitted or crocheted",6108,6
XI,610899,"Negligees, bathrobes, dressing gowns and similar articles; women's or girls', of textile materials (other than cotton or man-made fibres), knitted or crocheted",6108,6
XI,6109,"T-shirts, singlets and other vests; knitted or crocheted",61,4
XI,610910,"T-shirts, singlets and other vests; of cotton, knitted or crocheted",6109,6
XI,610990,"T-shirts, singlets and other vests; of textile materials (other than cotton), knitted or crocheted",6109,6
XI,6110,"Jerseys, pullovers, cardigans, waistcoats and similar articles; knitted or crocheted",61,4
XI,611011,"Jerseys, pullovers, cardigans, waistcoats and similar articles; knitted or crocheted, of wool or fine animal hair",6110,6
XI,611012,"Jerseys, pullovers, cardigans, waistcoats and similar articles; knitted or crocheted, of fibres from kashmir (cashmere) goats",6110,6
XI,611019,"Jerseys, pullovers, cardigans, waistcoats and similar articles; knitted or crocheted, of fine animal hair other than that of kashmir (cashmere) goats",6110,6
XI,611020,"Jerseys, pullovers, cardigans, waistcoats and similar articles; of cotton, knitted or crocheted",6110,6
XI,611030,"Jerseys, pullovers, cardigans, waistcoats and similar articles; of man-made fibres, knitted or crocheted",6110,6
XI,611090,"Jerseys, pullovers, cardigans, waistcoats and similar articles; of textile materials (other than wool or fine animal hair, cotton or man-made fibres), knitted or crocheted",6110,6
XI,6111,"Garments and clothing accessories, babies'; knitted or crocheted",61,4
XI,611120,"Garments and clothing accessories; babies', of cotton, knitted or crocheted",6111,6
XI,611130,"Garments and clothing accessories; babies', of synthetic fibres, knitted or crocheted",6111,6
XI,611190,"Garments and clothing accessories; babies', of textile materials (other than cotton or synthetic fibres), knitted or crocheted",6111,6
XI,6112,"Track suits, ski suits and swimwear; knitted or crocheted",61,4
XI,611211,"Track suits; of cotton, knitted or crocheted",6112,6
XI,611212,"Track suits; of synthetic fibres, knitted or crocheted",6112,6
XI,611219,"Track suits; of textile materials (other than cotton or synthetic fibres), knitted or crocheted",6112,6
XI,611220,Ski suits; knitted or crocheted,6112,6
XI,611231,"Swimwear; men's or boys', of synthetic fibres, knitted or crocheted",6112,6
XI,611239,"Swimwear; men's or boys', of textile materials (other than synthetic fibres), knitted or crocheted",6112,6
XI,611241,"Swimwear; women's or girls', of synthetic fibres, knitted or crocheted",6112,6
XI,611249,"Swimwear; women's or girls', of textile materials (other than synthetic fibres), knitted or crocheted",6112,6
XI,6113,"Garments made up of knitted or crocheted fabrics of heading no. 5903, 5906 and 5907",61,4
XI,611300,"Garments made up of knitted or crocheted fabrics of heading no. 5903, 5906 and 5907",6113,6
XI,6114,"Garments; knitted or crocheted, n.e.c. in chapter 61",61,4
XI,611420,"Garments; of cotton, knitted or crocheted, n.e.c. in chapter 61",6114,6
XI,611430,"Garments; of man-made fibres, knitted or crocheted, n.e.c. in chapter 61",6114,6
XI,611490,"Garments; of textile materials (other than cotton or man-made fibres), knitted or crocheted, n.e.c. in chapter 61",6114,6
XI,6115,"Hosiery; panty hose, tights, stockings, socks and other hosiery, including graduated compression hosiery (for example, stockings for varicose veins) and footwear without applied soles, knitted or crocheted",61,4
XI,611510,"Graduated compression hosiery (for example, stockings for varicose veins), knitted or crocheted",6115,6
XI,611521,"Hosiery; panty hose and tights (other than graduated compression hosiery), of synthetic fibres, measuring per single yarn less than 67 decitex, knitted or crocheted",6115,6
XI,611522,"Hosiery; panty hose and tights (other than graduated compression hosiery), of synthetic fibres, measuring per single yarn 67 decitex or more, knitted or crocheted",6115,6
XI,611529,"Hosiery; panty hose and tights (other than graduated compression hosiery), of textile materials (other than synthetic fibres), knitted or crocheted",6115,6
XI,611530,"Hosiery; women's, full-length or knee-length (other than graduated compression hosiery), measuring per single yarn less than 67 decitex, knitted or crocheted",6115,6
XI,611594,"Hosiery and footwear; without applied soles, of wool or fine animal hair, knitted or crocheted (excluding graduated compression hosiery, panty hose, tights, women's full or knee-length hosiery measuring per single yarn less than 67 decitex)",6115,6
XI,611595,"Hosiery and footwear; without applied soles, of cotton, knitted or crocheted (excluding graduated compression hosiery, panty hose, tights, full or knee-length hosiery measuring per single yarn less than 67 decitex)",6115,6
XI,611596,"Hosiery and footwear; without applied soles, of synthetic fibres, knitted or crocheted (excluding graduated compression hosiery, panty hose, tights, full or knee-length hosiery measuring per single yarn less than 67 decitex)",6115,6
XI,611599,"Hosiery and footwear; without applied soles, of textile materials n.e.c. in item no. 6115.9, knitted or crocheted (excluding graduated compression hosiery, panty hose, tights, full or knee-length hosiery measuring per single yarn less than 67 decitex)",6115,6
XI,6116,"Gloves, mittens and mitts; knitted or crocheted",61,4
XI,611610,"Gloves, mittens and mitts; knitted or crocheted, impregnated, coated, covered or laminated with plastics or rubber",6116,6
XI,611691,"Gloves, mittens and mitts; of wool or fine animal hair, knitted or crocheted, (other than impregnated, coated, covered or laminated with plastics or rubber)",6116,6
XI,611692,"Gloves, mittens and mitts; of cotton, knitted or crocheted, (other than impregnated, coated, covered or laminated with plastics or rubber)",6116,6
XI,611693,"Gloves, mittens and mitts; of synthetic fibres, knitted or crocheted, (other than impregnated, coated, covered or laminated with plastics or rubber)",6116,6
XI,611699,"Gloves, mittens and mitts; of textile materials (other than wool or fine animal hair, cotton or synthetic fibres), knitted or crocheted, (other than impregnated, coated, covered or laminated with plastics or rubber)",6116,6
XI,6117,"Clothing accessories; made up, knitted or crocheted, knitted or crocheted parts of garments or of clothing accessories",61,4
XI,611710,"Shawls, scarves, mufflers, mantillas, veils and the like; knitted or crocheted",6117,6
XI,611780,"Clothing accessories; knitted or crocheted, n.e.c. in heading no. 6117",6117,6
XI,611790,"Clothing; parts, knitted or crocheted",6117,6
XI,62,Apparel and clothing accessories; not knitted or crocheted,TOTAL,2
XI,6201,"Overcoats, car-coats, capes, cloaks, anoraks (including ski-jackets), wind-cheaters, wind-jackets and similar articles, men's or boys', other than those of heading no. 6203 (not knitted or crocheted)",62,4
XI,620120,"Coats; men's or boys', overcoats, raincoats, car-coats, capes, cloaks, anoraks (including ski-jackets) and similar articles, of wool or fine animal hair, other than those of heading no. 6203 (not knitted or crocheted)",6201,6
XI,620130,"Coats; men's or boys', overcoats, raincoats, car-coats, capes, cloaks, anoraks (including ski-jackets) and similar articles, of cotton, other than those of heading no. 6203 (not knitted or crocheted)",6201,6
XI,620140,"Coats; men's or boys', overcoats, raincoats, car-coats, capes, cloaks, anoraks (including ski-jackets) and similar articles, of man-made fibres, other than those of heading no. 6203 (not knitted or crocheted)",6201,6
XI,620190,"Coats; men's or boys', overcoats, rain-coats, car-coats, capes, cloaks and similar, of textile materials (other than wool, fine animal hair, cotton or man-made fibres), other than those of heading no. 6203 (not knitted or crocheted)",6201,6
XI,6202,"Coats; women's or girls' overcoats, carcoats, capes, cloaks, anoraks (including ski-jackets), wind-cheaters, wind-jackets and similar articles, other than those of heading no. 6204 (not knitted or crocheted)",62,4
XI,620220,"Coats; women's or girls', overcoats, raincoats, car-coats, capes, cloaks anoraks (including ski-jackets) and similar articles, of wool or fine animal hair, other than those of heading no. 6204 (not knitted or crocheted)",6202,6
XI,620230,"Coats; women's or girls', overcoats, raincoats, car-coats, capes, cloaks anoraks (including ski-jackets) and similar articles, of cotton, other than those of heading no. 6204 (not knitted or crocheted)",6202,6
XI,620240,"Coats; women's or girls', overcoats, raincoats, car-coats, capes, cloaks anoraks (including ski-jackets) and similar articles, of man-made fibres, other than those of heading no. 6204 (not knitted or crocheted)",6202,6
XI,620290,"Coats; women's or girls', overcoats, raincoats, car-coats, capes, cloaks and similar articles, of textile materials (other than wool, fine animal hair, cotton or man-made fibres), other than those of heading no. 6204 (not knitted or crocheted)",6202,6
XI,6203,"Suits, ensembles, jackets, blazers, trousers, bib and brace overalls, breeches and shorts (other than swimwear); men's or boys' (not knitted or crocheted)",62,4
XI,620311,"Suits; men's or boys', of wool or fine animal hair (not knitted or crocheted)",6203,6
XI,620312,"Suits; men's or boys', of synthetic fibres (not knitted or crocheted)",6203,6
XI,620319,"Suits; men's or boys', of textile materials n.e.c. in item no. 6203.1 (not knitted or crocheted)",6203,6
XI,620322,"Ensembles; men's or boys', of cotton (not knitted or crocheted)",6203,6
XI,620323,"Ensembles; men's or boys', of synthetic fibres (not knitted or crocheted)",6203,6
XI,620329,"Ensembles; men's or boys', of textile materials n.e.c. in item no. 6203.2 (not knitted or crocheted)",6203,6
XI,620331,"Jackets and blazers; men's or boys', of wool or fine animal hair (not knitted or crocheted)",6203,6
XI,620332,"Jackets and blazers; men's or boys', of cotton (not knitted or crocheted)",6203,6
XI,620333,"Jackets and blazers; men's or boys', of synthetic fibres (not knitted or crocheted)",6203,6
XI,620339,"Jackets and blazers; men's or boys', of textile materials n.e.c. in item no. 6203.3 (not knitted or crocheted)",6203,6
XI,620341,"Trousers, bib and brace overalls, breeches and shorts; men's or boys', of wool or fine animal hair (not knitted or crocheted)",6203,6
XI,620342,"Trousers, bib and brace overalls, breeches and shorts; men's or boys', of cotton (not knitted or crocheted)",6203,6
XI,620343,"Trousers, bib and brace overalls, breeches and shorts; men's or boys', of synthetic fibres (not knitted or crocheted)",6203,6
XI,620349,"Trousers, bib and brace overalls, breeches and shorts; men's or boys', of textile materials (other than wool, fine animal hair, cotton or synthetic fibres), (not knitted or crocheted)",6203,6
XI,6204,"Suits, ensembles, jackets, dresses, skirts, divided skirts, trousers, bib and brace overalls, breeches and shorts (other than swimwear); women's or girls' (not knitted or crocheted)",62,4
XI,620411,"Suits; women's or girls', of wool or fine animal hair (not knitted or crocheted)",6204,6
XI,620412,"Suits; women's or girls', of cotton (not knitted or crocheted)",6204,6
XI,620413,"Suits; women's or girls', of synthetic fibres (not knitted or crocheted)",6204,6
XI,620419,"Suits; women's or girls', of textile materials n.e.c. in item no. 6204.1 (not knitted or crocheted)",6204,6
XI,620421,"Ensembles; women's or girls', of wool or fine animal hair (not knitted or crocheted)",6204,6
XI,620422,"Ensembles; women's or girls', of cotton (not knitted or crocheted)",6204,6
XI,620423,"Ensembles; women's or girls', of synthetic fibres (not knitted or crocheted)",6204,6
XI,620429,"Ensembles; women's or girls', of textile materials n.e.c. in item no. 6204.2 (not knitted or crocheted)",6204,6
XI,620431,"Jackets and blazers; women's or girls', of wool or fine animal hair (not knitted or crocheted)",6204,6
XI,620432,"Jackets and blazers; women's or girls', of cotton (not knitted or crocheted)",6204,6
XI,620433,"Jackets and blazers; women's or girls', of synthetic fibres (not knitted or crocheted)",6204,6
XI,620439,"Jackets and blazers; women's or girls', of textile materials n.e.c. in item no. 6204.3 (not knitted or crocheted)",6204,6
XI,620441,"Dresses; women's or girls', of wool or fine animal hair (not knitted or crocheted)",6204,6
XI,620442,"Dresses; women's or girls', of cotton (not knitted or crocheted)",6204,6
XI,620443,"Dresses; women's or girls', of synthetic fibres (not knitted or crocheted)",6204,6
XI,620444,"Dresses; women's or girls', of artificial fibres (not knitted or crocheted)",6204,6
XI,620449,"Dresses; women's or girls', of textile materials n.e.c. in item no. 6204.4 (not knitted or crocheted)",6204,6
XI,620451,"Skirts and divided skirts; women's or girls', of wool or fine animal hair (not knitted or crocheted)",6204,6
XI,620452,"Skirts and divided skirts; women's or girls', of cotton (not knitted or crocheted)",6204,6
XI,620453,"Skirts and divided skirts; women's or girls', of synthetic fibres (not knitted or crocheted)",6204,6
XI,620459,"Skirts and divided skirts; women's or girls', of textile materials n.e.c. in item no. 6204.5 (not knitted or crocheted)",6204,6
XI,620461,"Trousers, bib and brace overalls, breeches and shorts; women's or girls', of wool or fine animal hair (not knitted or crocheted)",6204,6
XI,620462,"Trousers, bib and brace overalls, breeches and shorts; women's or girls', of cotton (not knitted or crocheted)",6204,6
XI,620463,"Trousers, bib and brace overalls, breeches and shorts; women's or girls', of synthetic fibres (not knitted or crocheted)",6204,6
XI,620469,"Trousers, bib and brace overalls, breeches and shorts; women's or girls', of textile materials (other than wool, fine animal hair, cotton or synthetic fibres), (not knitted or crocheted)",6204,6
XI,6205,Shirts; men's or boys' (not knitted or crocheted),62,4
XI,620520,"Shirts; men's or boys', of cotton (not knitted or crocheted)",6205,6
XI,620530,"Shirts; men's or boys', of man-made fibres (not knitted or crocheted)",6205,6
XI,620590,"Shirts; men's or boys', of textile materials n.e.c. in heading no. 6205 (not knitted or crocheted)",6205,6
XI,6206,"Blouses, shirts and shirt-blouses; women's or girls' (not knitted or crocheted)",62,4
XI,620610,"Blouses, shirts and shirt-blouses; women's or girls', of silk or silk waste (not knitted or crocheted)",6206,6
XI,620620,"Blouses, shirts and shirt-blouses; women's or girls', of wool or fine animal hair (not knitted or crocheted)",6206,6
XI,620630,"Blouses, shirts and shirt-blouses; women's or girls', of cotton (not knitted or crocheted)",6206,6
XI,620640,"Blouses, shirts and shirt-blouses; women's or girls', of man-made fibres (not knitted or crocheted)",6206,6
XI,620690,"Blouses, shirts and shirt-blouses; women's or girls', of textile materials n.e.c. in heading no. 6206 (not knitted or crocheted)",6206,6
XI,6207,"Singlets and other vests, underpants, briefs, night-shirts, pyjamas, bathrobes, dressing gowns and similar articles; men's or boys' (not knitted or crocheted)",62,4
XI,620711,"Underpants and briefs; men's or boys', of cotton (not knitted or crocheted)",6207,6
XI,620719,"Underpants and briefs; men's or boys', of textile materials other than cotton (not knitted or crocheted)",6207,6
XI,620721,"Nightshirts and pyjamas; men's or boys', of cotton (not knitted or crocheted)",6207,6
XI,620722,"Nightshirts and pyjamas; men's or boys', of man-made fibres (not knitted or crocheted)",6207,6
XI,620729,"Nightshirts and pyjamas; men's or boys', of textile materials other than cotton or man-made fibres (not knitted or crocheted)",6207,6
XI,620791,"Singlets and other vests, bathrobes, dressing gowns and similar articles; men's or boys', of cotton (not knitted or crocheted)",6207,6
XI,620799,"Singlets and other vests, bathrobes, dressing gowns and similar articles; men's or boys', of textile materials other than cotton (not knitted or crocheted)",6207,6
XI,6208,"Singlets and other vests, slips, petticoats, briefs, panties, nightdresses, pyjamas, negligees, bathrobes, dressing gowns and similar articles; women's or girls' (not knitted or crocheted)",62,4
XI,620811,"Slips and petticoats; women's or girls', of man-made fibres (not knitted or crocheted)",6208,6
XI,620819,"Slips and petticoats; women's or girls', of textile materials other than man-made fibres (not knitted or crocheted)",6208,6
XI,620821,"Nightdresses and pyjamas; women's or girls', of cotton (not knitted or crocheted)",6208,6
XI,620822,"Nightdresses and pyjamas; women's or girls', of man-made fibres (not knitted or crocheted)",6208,6
XI,620829,"Nightdresses and pyjamas; women's or girls', of textile materials other than cotton or man-made fibres (not knitted or crocheted)",6208,6
XI,620891,"Singlets and other vests, briefs, panties, negligees, bathrobes, dressing gowns and similar articles; women's or girls', of cotton (not knitted or crocheted)",6208,6
XI,620892,"Singlets and other vests, briefs, panties, negligees, bathrobes, dressing gowns etc.; women's or girls', of man-made fibres (not knitted or crocheted), excluding incontinence or other sanitary garments or garment liners of heading no. 96.19",6208,6
XI,620899,"Singlets and other vests, briefs, panties, negligees, bathrobes, dressing gowns and similar articles; women's or girls', of textile materials other than cotton or man-made fibres (not knitted or crocheted)",6208,6
XI,6209,Garments and clothing accessories; babies' (not knitted or crocheted),62,4
XI,620920,"Garments and clothing accessories; babies', of cotton (not knitted or crocheted)",6209,6
XI,620930,"Garments and clothing accessories; babies', of synthetic fibres (not knitted or crocheted)",6209,6
XI,620990,"Garments and clothing accessories; babies', of textile materials other than cotton or synthetic fibres (not knitted or crocheted)",6209,6
XI,6210,"Garments made up of fabrics of heading no. 5602, 5603, 5903, 5906 or 5907 (not knitted or crocheted)",62,4
XI,621010,Garments; of felt or non-wovens (not knitted or crocheted),6210,6
XI,621020,"Garments; overcoats, raincoats, car-coats, capes, cloaks, anoraks (including ski-jackets) and similar articles, men's or boys', of the fabrics of heading no. 5602, 5603, 5903, 5906 or 5907 (not knitted or crocheted)",6210,6
XI,621030,"Garments; overcoats, raincoats, car-coats, capes, cloaks, anoraks (including ski-jackets) and similar articles, women's or girls', of the fabrics of heading no. 5602, 5603, 5903, 5906 or 5907 (not knitted or crocheted)",6210,6
XI,621040,"Garments; men's or boys', n.e.c. in item no. 6210.2, of the fabrics of heading no. 5602, 5603, 5903, 5906 or 5907 (not knitted or crocheted)",6210,6
XI,621050,"Garments; women's or girls', n.e.c. in item no. 6210.3, of the fabrics of heading no. 5602, 5603, 5903, 5906 or 5907 (not knitted or crocheted)",6210,6
XI,6211,"Track suits, swimwear and other garments (not knitted or crocheted)",62,4
XI,621111,"Swimwear; men's or boys', (not knitted or crocheted)",6211,6
XI,621112,"Swimwear; women's or girls', (not knitted or crocheted)",6211,6
XI,621120,Ski suits; (not knitted or crocheted),6211,6
XI,621132,"Track suits and other garments n.e.c.; men's or boys', of cotton (not knitted or crocheted)",6211,6
XI,621133,"Track suits and other garments n.e.c.; men's or boys', of man-made fibres (not knitted or crocheted)",6211,6
XI,621139,"Track suits and other garments n.e.c.; men's or boys', of textile materials n.e.c. in item no. 6211.3 (not knitted or crocheted)",6211,6
XI,621142,"Track suits and other garments n.e.c.; women's or girls', of cotton (not knitted or crocheted)",6211,6
XI,621143,"Track suits and other garments n.e.c.; women's or girls', of man-made fibres (not knitted or crocheted)",6211,6
XI,621149,"Track suits and other garments n.e.c.; women's or girls', of textile materials n.e.c. in item no. 6211.4 (not knitted or crocheted)",6211,6
XI,6212,"Brassieres, girdles, corsets, braces, suspenders, garters and similar articles and parts thereof; whether or not knitted or crocheted",62,4
XI,621210,Brassieres; whether or not knitted or crocheted,6212,6
XI,621220,Girdles and panty-girdles; whether or not knitted or crocheted,6212,6
XI,621230,Corselettes; whether or not knitted or crocheted,6212,6
XI,621290,"Braces, suspenders, garters and similar articles; whether or not knitted or crocheted, n.e.c. in heading no. 6212",6212,6
XI,6213,Handkerchiefs (not knitted or crocheted),62,4
XI,621320,Handkerchiefs; of cotton (not knitted or crocheted),6213,6
XI,621390,Handkerchiefs; of textile materials other than cotton (not knitted or crocheted),6213,6
XI,6214,"Shawls, scarves, mufflers, mantillas, veils and the like (not knitted or crocheted)",62,4
XI,621410,"Shawls, scarves, mufflers, mantillas, veils and the like; of silk or silk waste (not knitted or crocheted)",6214,6
XI,621420,"Shawls, scarves, mufflers, mantillas, veils and the like; of wool or fine animal hair (not knitted or crocheted)",6214,6
XI,621430,"Shawls, scarves, mufflers, mantillas, veils and the like; of synthetic fibres (not knitted or crocheted)",6214,6
XI,621440,"Shawls, scarves, mufflers, mantillas, veils and the like; of artificial fibres (not knitted or crocheted)",6214,6
XI,621490,"Shawls, scarves, mufflers, mantillas, veils and the like; of textile materials n.e.c. in heading no. 6214 (not knitted or crocheted)",6214,6
XI,6215,"Ties, bow ties and cravats (not knitted or crocheted)",62,4
XI,621510,"Ties, bow ties and cravats; of silk or silk waste (not knitted or crocheted)",6215,6
XI,621520,"Ties, bow ties and cravats; of man-made fibres (not knitted or crocheted)",6215,6
XI,621590,"Ties, bow ties and cravats; of textile materials other than silk or man-made fibres (not knitted or crocheted)",6215,6
XI,6216,"Gloves, mittens and mitts (not knitted or crocheted)",62,4
XI,621600,"Gloves, mittens and mitts (not knitted or crocheted)",6216,6
XI,6217,Clothing accessories n.e.c.; parts of garments or accessories other than those of heading no. 6212 (not knitted or crocheted),62,4
XI,621710,Clothing accessories; other than those of heading no. 6212 (not knitted or crocheted),6217,6
XI,621790,"Clothing; parts of garments or of clothing accessories, other than those of heading no. 6212 (not knitted or crocheted)",6217,6
XI,63,"Textiles, made up articles; sets; worn clothing and worn textile articles; rags",TOTAL,2
XI,6301,Blankets and travelling rugs,63,4
XI,630110,Blankets; electric,6301,6
XI,630120,Blankets (other than electric blankets) and travelling rugs; of wool or of fine animal hair,6301,6
XI,630130,Blankets (other than electric blankets) and travelling rugs; of cotton,6301,6
XI,630140,Blankets (other than electric blankets) and travelling rugs; of synthetic fibres,6301,6
XI,630190,Blankets and travelling rugs; n.e.c. in heading no. 6301,6301,6
XI,6302,"Bed linen, table linen, toilet linen and kitchen linen",63,4
XI,630210,Bed linen; knitted or crocheted,6302,6
XI,630221,"Bed linen; of cotton, printed, not knitted or crocheted",6302,6
XI,630222,"Bed linen; of man-made fibres, printed, not knitted or crocheted",6302,6
XI,630229,"Bed linen; of textile materials (other than cotton or man-made fibres), printed, not knitted or crocheted",6302,6
XI,630231,"Bed linen; of cotton (not printed, knitted or crocheted)",6302,6
XI,630232,"Bed linen; of man-made fibres (not printed, knitted or crocheted)",6302,6
XI,630239,"Bed linen; of textile materials other than cotton or man-made fibres (not printed, knitted or crocheted)",6302,6
XI,630240,Table linen; knitted or crocheted,6302,6
XI,630251,"Table linen; of cotton, not knitted or crocheted",6302,6
XI,630253,"Table linen; of man-made fibres, not knitted or crocheted",6302,6
XI,630259,"Table linen; of textile materials (other than cotton or man-made fibres), not knitted or crocheted",6302,6
XI,630260,"Kitchen and toilet linen; of terry towelling or similar terry fabrics, of cotton",6302,6
XI,630291,"Toilet and kitchen linen; of cotton, excluding terry towelling or similar terry fabrics",6302,6
XI,630293,Toilet and kitchen linen; of man-made fibres,6302,6
XI,630299,Toilet and kitchen linen; of textile materials (other than cotton or man-made fibres),6302,6
XI,6303,Curtains (including drapes) and interior blinds; curtain or bed valances,63,4
XI,630312,"Curtains (including drapes) and interior blinds; curtain or bed valances, knitted or crocheted, of synthetic fibres",6303,6
XI,630319,"Curtains (including drapes) and interior blinds; curtain or bed valances, knitted or crocheted, of textile materials other than synthetic fibres",6303,6
XI,630391,"Curtains (including drapes) and interior blinds, curtain or bed valances; of cotton, not knitted or crocheted",6303,6
XI,630392,"Curtains (including drapes) and interior blinds, curtain or bed valances; of synthetic fibres, not knitted or crocheted",6303,6
XI,630399,"Curtains (including drapes) and interior blinds, curtain or bed valances; of textile materials other than cotton or synthetic fibres, not knitted or crocheted",6303,6
XI,6304,Furnishing articles; excluding those of heading no. 9404,63,4
XI,630411,Bedspreads; knitted or crocheted,6304,6
XI,630419,Bedspreads; not knitted or crocheted,6304,6
XI,630420,"Furnishing articles; excluding those of heading no. 9404, bed nets, specified in Subheading Note 1 to this Chapter",6304,6
XI,630491,"Furnishing articles; excluding those of heading no. 9404, n.e.c. in heading 6304, knitted or crocheted",6304,6
XI,630492,"Furnishing articles; of cotton, not knitted or crocheted (excluding bedspreads and articles of heading no. 9404)",6304,6
XI,630493,"Furnishing articles; of synthetic fibres, not knitted or crocheted (excluding bedspreads and articles of heading no. 9404)",6304,6
XI,630499,"Furnishing articles; of textile materials other than cotton or synthetic fibres, not knitted or crocheted (excluding bedspreads and articles of heading no. 9404)",6304,6
XI,6305,"Sacks and bags, of a kind used for the packing of goods",63,4
XI,630510,"Sacks and bags; of a kind used for the packing of goods, of jute or of other textile bast fibres of heading no. 5303",6305,6
XI,630520,"Sacks and bags; of a kind used for the packing of goods, of cotton",6305,6
XI,630532,"Sacks and bags; of a kind used for the packing of goods, of man-made textile materials, flexible intermediate bulk containers",6305,6
XI,630533,"Sacks and bags; of a kind used for the packing of goods, of man-made textile materials, of polyethylene or polypropylene strip or the like, not flexible intermediate bulk containers",6305,6
XI,630539,"Sacks and bags; of a kind used for the packing of goods, of man-made textile materials, not of polyethylene or polypropylene strip or the like, not flexible intermediate bulk containers",6305,6
XI,630590,"Sacks and bags; of a kind used for the packing of goods, of textile materials (other than jute, cotton or man-made textile materials)",6305,6
XI,6306,"Tarpaulins, awnings and sunblinds; tents (including temporary canopies and similar articles); sails for boats, sailboards or landcraft; camping goods",63,4
XI,630612,"Tarpaulins, awnings and sunblinds; of synthetic fibres",6306,6
XI,630619,"Tarpaulins, awnings and sunblinds; of textile materials other than synthetic fibres",6306,6
XI,630622,Tents (including temporary canopies and similar articles); of synthetic fibres,6306,6
XI,630629,Tents (including temporary canopies and similar articles); of textile materials other than synthetic fibres,6306,6
XI,630630,"Sails; for boats, sailboards or landcraft",6306,6
XI,630640,Camping goods; pneumatic mattresses,6306,6
XI,630690,"Camping goods; (of textile materials), n.e.c in heading no. 6306",6306,6
XI,6307,"Textiles; made up articles n.e.c. in chapter 63, including dress patterns",63,4
XI,630710,"Cloths; floor cloths, dish-cloths, dusters and similar cleaning cloths",6307,6
XI,630720,Life-jackets and life-belts,6307,6
XI,630790,"Textiles; made up articles (including dress patterns), n.e.c. in chapter 63, n.e.c. in heading no. 6307",6307,6
XI,6308,"Textiles; sets of woven fabric and yarn, with or without accessories, for making into rugs, tapestries, embroidered tablecloths, serviettes and similar textile articles, in packings for retail sale",63,4
XI,630800,"Fabrics, woven and yarn; in sets, whether or not with accessories, for making up into rugs, tapestries, embroidered table cloths or serviettes or similar textile articles, packaged for retail sale",6308,6
XI,6309,Textiles; worn clothing and other worn articles,63,4
XI,630900,"Clothing; worn, and other worn articles",6309,6
XI,6310,"Rags; used or new, scrap twine, cordage, rope and cables and worn out articles of twine, cordage, rope or cables, of textile materials",63,4
XI,631010,"Rags; used or new, scrap twine, cordage, rope and cables and worn out articles of twine, cordage, rope or cables, of textile materials; sorted",6310,6
XI,631090,"Rags; used or new, scrap twine, cordage, rope and cables and worn out articles of twine, cordage, rope or cables, of textile materials; other than sorted",6310,6
XII,64,Footwear; gaiters and the like; parts of such articles,TOTAL,2
XII,6401,"Footwear; waterproof, with outer soles and uppers of rubber or plastics, (uppers not fixed to the sole nor assembled by stitch, rivet, nail, screw, plug or similar)",64,4
XII,640110,"Footwear; waterproof with metal toe-cap, rubber or plastic outer soles and uppers (not assembled by stitch, rivet, nail, screw, plug or similar)",6401,6
XII,640192,"Footwear; waterproof, covering the ankle (but not the knee), rubber or plastic outer soles and uppers (not assembled by stitch, rivet, nail, screw, plug or similar)",6401,6
XII,640199,"Footwear; waterproof, n.e.c. in heading no. 6401, rubber or plastic outer soles and uppers (not assembled by stitch, rivet, nail, screw, plug or similar)",6401,6
XII,6402,Footwear; with outer soles and uppers of rubber or plastics (excluding waterproof footwear),64,4
XII,640212,"Sports footwear; with outer soles and uppers of rubber or plastics, ski-boots, cross-country ski footwear and snowboard boots",6402,6
XII,640219,"Sports footwear; (other than ski-boots, snowboard boots or cross-country ski footwear), with outer soles and uppers of rubber or plastics",6402,6
XII,640220,"Footwear; with outer soles and uppers of rubber or plastics, upper straps or thongs assembled to the sole by plugs",6402,6
XII,640291,"Footwear; n.e.c. in heading no. 6402, covering the ankle, with outer soles and uppers of rubber or plastics",6402,6
XII,640299,"Footwear; n.e.c. in heading no. 6402, (other than just covering the ankle), with outer soles and uppers of rubber or plastics",6402,6
XII,6403,"Footwear; with outer soles of rubber, plastics, leather or composition leather and uppers of leather",64,4
XII,640312,"Sports footwear; with outer soles of rubber, plastics, leather or composition leather and uppers of leather, ski-boots, snowboard boots and cross-country ski footwear",6403,6
XII,640319,"Sports footwear; (other than ski-boots, snowboard boots or cross-country ski footwear), with outer soles of rubber, plastics, leather or composition leather and uppers of leather",6403,6
XII,640320,"Footwear; with outer soles of leather, uppers consisting of leather straps across instep and around the big toe",6403,6
XII,640340,"Footwear; with metal toe-cap, outer soles of rubber, plastics, leather or composition leather, uppers of leather",6403,6
XII,640351,"Footwear; n.e.c. in heading no. 6403, with outer soles and uppers of leather, covering the ankle",6403,6
XII,640359,"Footwear; n.e.c. in heading no. 6403, (not covering the ankle), outer soles and uppers of leather",6403,6
XII,640391,"Footwear; n.e.c. in heading no. 6403, covering the ankle, outer soles of rubber, plastics or composition leather, uppers of leather",6403,6
XII,640399,"Footwear; n.e.c. in heading no. 6403, (not covering the ankle), outer soles of rubber, plastics or composition leather, uppers of leather",6403,6
XII,6404,"Footwear; with outer soles of rubber, plastics, leather or composition leather and uppers of textile materials",64,4
XII,640411,"Sports footwear; tennis shoes, basketball shoes, gym shoes, training shoes and the like, with outer soles of rubber or plastics and uppers of textile materials",6404,6
XII,640419,"Footwear; (other than sportswear), with outer soles of rubber or plastics and uppers of textile materials",6404,6
XII,640420,"Footwear; outer soles of leather or composition leather, uppers of textile materials",6404,6
XII,6405,Footwear; other footwear n.e.c. in chapter 64,64,4
XII,640510,"Footwear; with uppers of leather or composition leather, n.e.c. in chapter 64",6405,6
XII,640520,"Footwear; with uppers of textile materials, n.e.c. in chapter 64",6405,6
XII,640590,Footwear; n.e.c. in chapter 64,6405,6
XII,6406,"Footwear; parts of footwear; removable in-soles, heel cushions and similar articles; gaiters, le.g.ings and similar articles, and parts thereof",64,4
XII,640610,"Footwear; parts, uppers and parts thereof, other than stiffeners",6406,6
XII,640620,"Footwear; parts, outer soles and heels, of rubber or plastics",6406,6
XII,640690,"Footwear; parts, n.e.c. in heading 6406",6406,6
XII,65,Headgear and parts thereof,TOTAL,2
XII,6501,"Hat-forms, hat bodies and hoods of felt, neither blocked to shape nor with made brims; plateaux and manchons (including slit manchons) of felt",65,4
XII,650100,"Hat-forms, hat bodies and hoods of felt, neither blocked to shape nor with made brims; plateaux and manchons (including slit manchons) of felt",6501,6
XII,6502,"Hat-shapes; plaited or made by assembling strips of any material, neither blocked to shape, nor with made brims, nor lined, nor trimmed",65,4
XII,650200,"Hat-shapes; plaited or made by assembling strips of any material, neither blocked to shape, nor with made brims, nor lined, nor trimmed",6502,6
XII,6504,"Hats and other headgear; plaited or made by assembling strips of any material, whether or not lined or trimmed",65,4
XII,650400,"Hats and other headgear; plaited or made by assembling strips of any material, whether or not lined or trimmed",6504,6
XII,6505,"Hats and other headgear; knitted or crocheted, or made up from lace, felt or other textile fabric, in the piece (but not in strips), whether or not lined or trimmed; hair-nets of any material, whether or not lined or trimmed",65,4
XII,650500,"Hats and other headgear; knitted or crocheted, or made up from lace, felt or other textile fabric, in the piece (but not in strips), whether or not lined or trimmed; hair-nets of any material, whether or not lined or trimmed",6505,6
XII,6506,"Headgear; n.e.c. in chapter 65, whether or not lined or trimmed",65,4
XII,650610,"Headgear; safety, whether or not lined or trimmed",6506,6
XII,650691,"Headgear; (other than safety headgear), of rubber or plastics, whether or not lined or trimmed",6506,6
XII,650699,"Headgear; (other than safety headgear), (of materials other than rubber or plastic), whether or not lined or trimmed",6506,6
XII,6507,"Head-bands, linings, covers, hat foundations, hat frames, peaks and chinstraps, for headgear",65,4
XII,650700,"Head-bands, linings, covers, hat foundations, hat frames, peaks and chinstraps; for headgear",6507,6
XII,66,"Umbrellas, sun umbrellas, walking-sticks, seat sticks, whips, riding crops; and parts thereof",TOTAL,2
XII,6601,"Umbrellas; sun umbrellas (including walking stick umbrellas, garden umbrellas and similar umbrellas)",66,4
XII,660110,Umbrellas and sun umbrellas; garden or similar umbrellas,6601,6
XII,660191,"Umbrellas and sun umbrellas; having a telescopic shaft, (excluding garden or similar umbrellas)",6601,6
XII,660199,Umbrellas and sun umbrellas; n.e.c. in heading no. 6601 (including walking stick umbrellas),6601,6
XII,6602,"Walking-sticks, seat-sticks, whips, riding-crops and the like",66,4
XII,660200,"Walking-sticks, seat-sticks, whips, riding-crops and the like",6602,6
XII,6603,"Trimmings, parts and accessories of articles of heading no. 6601 or 6602",66,4
XII,660320,Umbrella frames; including frames mounted on shafts (sticks),6603,6
XII,660390,"Trimmings, accessories and parts of articles of heading no. 6601 or 6602; n.e.c. in heading no. 6603",6603,6
XII,67,"Feathers and down, prepared; and articles made of feather or of down; artificial flowers; articles of human hair",TOTAL,2
XII,6701,"Skin and other parts of birds with their feather or down; feathers, parts of feather, down and articles thereof (other than goods of heading no. 0505 and worked quills and scapes)",67,4
XII,670100,"Skins and other parts of birds with their feathers or down; feathers, parts of feathers, down and articles thereof (other than goods of heading no. 0505 and worked quills and scapes)",6701,6
XII,6702,"Flowers, foliage and fruit, artificial, and parts thereof; articles made of artificial flowers, foliage or fruit",67,4
XII,670210,"Flowers, foliage and fruit, artificial, and parts thereof; articles made of artificial flowers, foliage or fruit, of plastics",6702,6
XII,670290,"Flowers, foliage and fruit, artificial, and parts thereof; articles made of artificial flowers, foliage or fruit, of materials other than plastics",6702,6
XII,6703,"Human hair, dressed, thinned, bleached or otherwise worked; wool or other animal hair or other textile materials, prepared for use in making wigs or the like",67,4
XII,670300,"Human hair, dressed, thinned, bleached or otherwise worked; wool or other animal hair or other textile materials, prepared for use in making wigs or the like",6703,6
XII,6704,"Wigs, false beards, eyebrows and eyelashes, switches and the like, of human or animal hair or of textile materials; articles of human hair, n.e.c. or included",67,4
XII,670411,"Wigs; complete, of synthetic textile materials",6704,6
XII,670419,"False beards, eyebrows and eyelashes, switches and the like; of synthetic textile materials",6704,6
XII,670420,"Wigs, false beards, eyebrows and eyelashes, switches and the like and other articles n.e.c.; of human hair",6704,6
XII,670490,"Wigs, false beards, eyebrows and eyelashes, switches and the like and other articles n.e.c.; of animal hair or of textile materials other than synthetic",6704,6
XIII,68,"Stone, plaster, cement, asbestos, mica or similar materials; articles thereof",TOTAL,2
XIII,6801,"Stone; setts, curbstones and flagstones, of natural stone (except slate)",68,4
XIII,680100,"Stone; setts, curbstones and flagstones, of natural stone (except slate)",6801,6
XIII,6802,"Monumental or building stone, worked (except slate) and articles thereof (not of heading no. 6801) mosaic cubes etc., of natural stone including slate; artificially coloured granules of natural stone",68,4
XIII,680210,"Tiles, cubes and similar articles; whether or not rectangular (including square), largest face of which is capable of being enclosed in square, side less than 7cm, coloured granules, chippings, powder",6802,6
XIII,680221,"Marble, travertine and alabaster; simply cut or sawn, with a flat or even surface",6802,6
XIII,680223,"Granite; articles thereof, simply cut or sawn, with a flat or even surface",6802,6
XIII,680229,"Stone; monumental or building stone, n.e.c. in item no. 6802.2, articles thereof, simply cut or sawn, with a flat or even surface",6802,6
XIII,680291,"Marble, travertine and alabaster; articles thereof, (other than simply cut or sawn, with a flat or even surface)",6802,6
XIII,680292,"Stone; calcareous (excluding marble, travertine, alabaster) articles thereof, (other than simply cut or sawn, with a flat or even surface)",6802,6
XIII,680293,"Granite; articles thereof, (other than simply cut or sawn, with a flat or even surface)",6802,6
XIII,680299,"Stone; natural (excluding marble, travertine, alabaster, other calcareous stone or granite), monumental or building stone, (other than simply cut or sawn, with a flat or even surface)",6802,6
XIII,6803,"Slate, worked; and articles of slate or of agglomerated slate",68,4
XIII,680300,"Slate, worked; and articles of slate or of agglomerated slate",6803,6
XIII,6804,"Millstones, grindstones, grinding wheels, etc without frameworks, for grinding, sharpening, polishing, etc and parts thereof, natural stone, agglomerated natural or artificial abrasives or of ceramics",68,4
XIII,680410,"Millstones and grindstones; for milling, grinding or pulping",6804,6
XIII,680421,"Millstones, grindstones, grinding wheels and the like; of agglomerated synthetic or natural diamond",6804,6
XIII,680422,"Millstones, grindstones, grinding wheels and the like; of other agglomerated abrasives or of ceramics",6804,6
XIII,680423,"Millstones, grindstones, grinding wheels and the like; of natural stone",6804,6
XIII,680430,"Stones; hand sharpening or polishing stones, of natural stone, agglomerated natural or artificial abrasives or ceramics, with or without parts of other materials",6804,6
XIII,6805,"Abrasive powder or grain; natural or artificial, on a base of textile material, of paper, paperboard or of other material, whether or not cut to shape or sewn or otherwise made up",68,4
XIII,680510,"Abrasive powder or grain; natural or artificial, on a base of woven textile fabric only, whether or not cut to shape or sewn or otherwise made up",6805,6
XIII,680520,"Abrasive powder or grain; natural or artificial, on a base of paper or paperboard only, whether or not cut to shape or sewn or otherwise made up",6805,6
XIII,680530,"Abrasive powder or grain; natural or artificial, on a base of materials n.e.c. in heading no. 6805, whether or not cut to shape or sewn or otherwise made up",6805,6
XIII,6806,"Slag, rock wool and similar mineral wools; exfoliated vermiculite, expanded clays, foamed slag, mixtures and articles of heat, sound insulating or sound-absorbing mineral materials",68,4
XIII,680610,"Slag wool, rock wool and similar mineral wools (including intermixtures thereof), in bulk, sheets or rolls",6806,6
XIII,680620,"Exfoliated vermiculite, expanded clays, foamed slag and similar expanded mineral materials (including intermixtures thereof)",6806,6
XIII,680690,"Minerals; mixtures and articles of heat-insulating, sound-insulating or sound-absorbing mineral materials, other than those of heading no. 6811 or 6812 or of chapter 69",6806,6
XIII,6807,Asphalt or similar material; articles (e.g. petroleum bitumen or coal tar pitch),68,4
XIII,680710,Asphalt or similar material; articles (e.g. petroleum bitumen or coal tar pitch) in rolls,6807,6
XIII,680790,Asphalt or similar material; articles (e.g. petroleum bitumen or coal tar pitch) other than in rolls,6807,6
XIII,6808,"Panels, boards, tiles, blocks and the like; of vegetable fibre, of straw, shavings, chips, particles, sawdust or other waste, of wood, agglomerated with cement, plaster or other mineral binders",68,4
XIII,680800,"Panels, boards, tiles, blocks and the like; of vegetable fibre, of straw, shavings, chips, particles, sawdust or other waste, of wood, agglomerated with cement, plaster or other mineral binders",6808,6
XIII,6809,Plaster or compositions based on plaster; articles thereof,68,4
XIII,680911,"Plaster, or plaster compositions; boards, sheets, panels, tiles and similar articles, faced or reinforced with paper or paperboard only, not ornamented",6809,6
XIII,680919,"Plaster, or plaster compositions; boards, sheets, panels, tiles and similar articles, (other than faced or reinforced with paper or paperboard only), not ornamented",6809,6
XIII,680990,Plaster articles or articles of compositions based on plaster; n.e.c. in heading no. 6809,6809,6
XIII,6810,"Cement, concrete or artificial stone; whether or not reinforced, articles thereof",68,4
XIII,681011,"Cement, concrete or artificial stone; building blocks or bricks, whether or not reinforced",6810,6
XIII,681019,"Cement, concrete or artificial stone; tiles, flagstones and similar, (excluding building blocks and bricks) whether or not reinforced",6810,6
XIII,681091,"Cement, concrete or artificial stone; prefabricated structural components for building or civil engineering, whether or not reinforced",6810,6
XIII,681099,"Cement, concrete or artificial stone; articles (other than prefabricated structural components for building or civil engineering), whether or not reinforced, n.e.c. in heading no. 6810",6810,6
XIII,6811,"Asbestos-cement, of cellulose fibre-cement or the like",68,4
XIII,681140,"Asbestos-cement; articles or the like, containing asbestos",6811,6
XIII,681181,"Cellulose fibre-cement; articles or the like; corrugated sheets, not containing asbestos",6811,6
XIII,681182,"Cellulose fibre-cement; articles or the like, sheets, panels, tiles and similar articles (other than corrugated sheets), not containing asbestos",6811,6
XIII,681189,"Cellulose fibre-cement; articles or the like, other than corrugated sheets and other sheets, panels, tiles and similar articles, not containing asbestos",6811,6
XIII,6812,"Fabricated asbestos fibres; mixtures with a basis of asbestos or of asbestos and magnesium carbonate; articles of such mixtures or of asbestos (e.g. thread, woven fabric, clothing, footwear), whether or not reinforced, not goods of heading 6811 or 6813",68,4
XIII,681280,"Fabricated crocidolite (blue asbestos) fibres, mixtures with a basis of crocidolite (blue asbestos), articles of crocidolite (blue asbestos), whether or not reinforced, not goods of heading 6811 or 6813",6812,6
XIII,681291,"Asbestos or mixtures with a basis of asbestos (other than crocidolite); clothing, clothing accessories, footwear and headgear, whether or not reinforced, not goods of heading 6811 or 6813",6812,6
XIII,681299,"Asbestos or mixtures with a basis of asbestos (other than crocidolite); fibres, mixtures or articles n.e.c. in heading no. 6812, whether or not reinforced, not goods of heading 6811 or 6813",6812,6
XIII,6813,"Friction material and articles thereof (e.g. sheets, rolls, strips, segments, discs, washers, pads) not mounted; for brakes, clutches or the like, with a basis of asbestos, other mineral substances, or cellulose",68,4
XIII,681320,"Friction material and articles thereof (e.g. sheets, rolls, strips, segments, discs, washers, pads) not mounted; for brakes, clutches or the like, with a basis of asbestos",6813,6
XIII,681381,Brake linings and pads; with a basis of mineral substances or cellulose (other than asbestos),6813,6
XIII,681389,"Friction material and articles thereof (e.g. sheets, rolls, strips, segments, discs, washers, pads) not mounted; for clutches or the like (not brake linings and pads), with a basis of mineral substances or cellulose (other than asbestos)",6813,6
XIII,6814,"Mica; worked, articles of, including agglomerated or reconstituted mica; whether or not on a support of paper, paperboard or other materials",68,4
XIII,681410,"Mica; plates, sheets and strips of agglomerated or reconstituted mica, whether or not on a support of paper, paperboard or other materials",6814,6
XIII,681490,"Mica; worked mica and articles of mica (excluding plates, sheets and strips) whether or not on a support of paper, paperboard or other materials",6814,6
XIII,6815,"Stone or other mineral substances; articles thereof (including carbon fibres, articles of carbon fibres and articles of peat), not elsewhere specified or included",68,4
XIII,681511,Stone or other mineral substances not elsewhere specified or included; carbon fibres for non-electrical uses,6815,6
XIII,681512,Stone or other mineral substances not elsewhere specified or included; fabrics of carbon fibres for non-electrical uses,6815,6
XIII,681513,Stone or other mineral substances not elsewhere specified or included; articles of carbon fibres for non-electrical uses,6815,6
XIII,681519,Stone or other mineral substances not elsewhere specified or included; non-electrical articles of graphite or carbon n.e.c. in heading 6815,6815,6
XIII,681520,Peat; articles of peat n.e.c. or included,6815,6
XIII,681591,"Stone articles and articles of other mineral substances; containing magnesite, magnesia in the form of periclase, dolomite including in the form of dolime, or chromite",6815,6
XIII,681599,Stone articles and articles of other mineral substances; n.e.c. or included in heading no. 6815,6815,6
XIII,69,Ceramic products,TOTAL,2
XIII,6901,"Bricks, blocks, tiles and other ceramic goods of siliceous fossil meals (e.g. kieselguhr, tripolite or diatomite) or of similar siliceous earths",69,4
XIII,690100,"Bricks, blocks, tiles and other ceramic goods of siliceous fossil meals (e.g. kieselguhr, tripolite or diatomite) or of similar siliceous earths",6901,6
XIII,6902,"Refractory bricks, blocks, tiles and similar refractory ceramic constructional goods; other than those of siliceous fossil meals or similar siliceous earths",69,4
XIII,690210,"Refractory bricks, blocks, tiles and similar refractory ceramic constructional goods; containing by weight, singly or together, more than 50% of the elements Mg, Ca or Cr, expressed as MgO, CaO or Cr2o3",6902,6
XIII,690220,"Refractory bricks, blocks, tiles and similar refractory ceramic constructional goods; containing by weight more than 50% of alumina (Al2o3), of silica (SiO2) or of a mixture or compound of these",6902,6
XIII,690290,"Refractory bricks, blocks, tiles and similar refractory ceramic constructional goods; n.e.c. in item no. 6902.1 or 6902.2",6902,6
XIII,6903,"Ceramic goods; (e.g. retorts, crucibles, muffles, nozzles, plugs, supports cupels, tubes, pipes, sheaths, rods and slide gates) excluding those of siliceous fossil meals or of similar siliceous earths",69,4
XIII,690310,"Refractory ceramic goods; containing, by weight, more than 50% of free carbon, excluding those of siliceous fossil meals or similar earths",6903,6
XIII,690320,"Refractory ceramic goods; containing by weight more than 50% of alumina or of a mixture or compound of alumina and of silica, excluding those of siliceous fossil meals or similar earths",6903,6
XIII,690390,"Refractory ceramic goods; composition of which n.e.c. in heading no. 6903, other than those of siliceous fossil meals or similar earths",6903,6
XIII,6904,"Ceramic building bricks, floor blocks, support or filler tiles and the like",69,4
XIII,690410,Ceramic building bricks,6904,6
XIII,690490,"Ceramic flooring blocks, supports or filler tiles and the like (excluding building bricks)",6904,6
XIII,6905,"Roofing tiles, chimney-pots, cowls, chimney liners, architectural ornaments and other ceramic constructional goods",69,4
XIII,690510,Ceramic roofing tiles,6905,6
XIII,690590,"Ceramic chimney-pots, cowls, chimney liners, architectural ornaments and other constructional goods (excluding roofing tiles)",6905,6
XIII,6906,"Ceramic pipes, conduits, guttering and pipe fittings",69,4
XIII,690600,"Ceramic pipes, conduits, guttering and pipe fittings",6906,6
XIII,6907,"Ceramic flags and paving, hearth or wall tiles; ceramic mosaic cubes and the like, whether or not on a backing; finishing ceramics",69,4
XIII,690721,"Ceramic tiles; flags and paving, hearth or wall tiles other than those of subheadings 6907.30 and 6907.40, of a water absorption coefficient by weight not over 0.5%",6907,6
XIII,690722,"Ceramic tiles; flags and paving, hearth or wall tiles other than those of subheadings 6907.30 and 6907.40, of a water absorption coefficient by weight over 0.5% but not over 10%",6907,6
XIII,690723,"Ceramic tiles; flags and paving, hearth or wall tiles other than those of subheadings 6907.30 and 6907.40, of a water absorption coefficient by weight over 10%",6907,6
XIII,690730,"Mosaic cubes and the like, other than those of subheading 6907.40",6907,6
XIII,690740,Finishing ceramics,6907,6
XIII,6909,"Ceramic ware for laboratory, chemical, other technical uses; ceramic troughs, tubs, similar receptacles used in agriculture; ceramic pots, jars and similar used in the conveyance or packing of goods",69,4
XIII,690911,"Ceramic wares; for laboratory, chemical or other technical uses, of porcelain or china",6909,6
XIII,690912,"Ceramic wares; for laboratory, chemical or other technical uses, articles having a hardness equivalent to 9 or more on the Mohs scale",6909,6
XIII,690919,"Ceramic wares; for laboratory, chemical or other technical uses, other than articles having a hardness equivalent to 9 or more on the Mohs scale or of porcelain or china",6909,6
XIII,690990,"Ceramic wares; pots, jars and similar articles of a kind used for the conveyance or packing of goods and ceramic troughs, tubs and similar receptacles used in agriculture",6909,6
XIII,6910,"Ceramic sinks, wash basins, wash basin pedestals, baths, bidets, water closet pans, flushing cisterns, urinals and similar sanitary fixtures",69,4
XIII,691010,"Ceramic sinks, wash basins, wash basin pedestals, baths, bidets, water closet pans, flushing cisterns, urinals and similar sanitary fixtures; of porcelain or china",6910,6
XIII,691090,"Ceramic sinks, wash basins, wash basin pedestals, baths, bidets, water closet pans, flushing cisterns, urinals and similar sanitary fixtures; of other than porcelain or china",6910,6
XIII,6911,"Tableware, kitchenware, other household articles and toilet articles; of porcelain or china",69,4
XIII,691110,Tableware and kitchenware; of porcelain or china,6911,6
XIII,691190,"Household and toilet articles; n.e.c. in heading no. 6911, of porcelain or china",6911,6
XIII,6912,"Ceramic tableware, kitchenware, other household articles and toilet articles; other than of porcelain or china",69,4
XIII,691200,"Ceramic tableware, kitchenware, other household articles and toilet articles; other than of porcelain or china",6912,6
XIII,6913,Statuettes and other ornamental ceramic articles,69,4
XIII,691310,"Ceramic statuettes and other ornamental ceramic articles, of porcelain or china",6913,6
XIII,691390,Ceramic statuettes and other ornamental ceramic articles; other than of porcelain or china,6913,6
XIII,6914,Ceramic articles; n.e.c. in chapter 69,69,4
XIII,691410,Ceramic articles n.e.c. in chapter 69; of porcelain or china,6914,6
XIII,691490,Ceramic articles n.e.c. in chapter 69; other than of porcelain or china,6914,6
XIII,70,Glass and glassware,TOTAL,2
XIII,7001,"Glass; cullet and other waste and scrap of glass, excluding glass from cathode ray tubes or other activated glass of heading 85.49, glass in the mass",70,4
XIII,700100,"Glass; cullet and other waste and scrap of glass, excluding glass from cathode ray tubes or other activated glass of heading 85.49, glass in the mass",7001,6
XIII,7002,"Glass in balls (other than microspheres of heading no. 7018), rods or tubes, unworked",70,4
XIII,700210,"Glass; unworked, in balls (other than microspheres of heading no. 7018)",7002,6
XIII,700220,"Glass; unworked, in rods",7002,6
XIII,700231,"Glass; unworked, in tubes, of fused quartz or other fused silica",7002,6
XIII,700232,"Glass; unworked, tubes, of glass having a linear coefficient of expansion not exceeding 5 x 10 (to the minus 6), (or 0.000005) per Kelvin within a temperature range of 0-300 degrees C",7002,6
XIII,700239,"Glass; unworked, in tubes, other than of glass having a linear coefficient of expansion not exceeding 5 x 10 (to the minus 6, (or 0.000005) ) per Kelvin within a temperature range of 0-300 degrees C, not fused quartz or other fused silica",7002,6
XIII,7003,"Glass; cast glass and rolled glass in sheets or profiles, whether or not having an absorbent, reflecting or non-reflecting layer, but not otherwise worked",70,4
XIII,700312,"Glass; cast glass and rolled glass, non-wired sheets, coloured through the mass (body tinted), opacified, flashed or having an absorbent, reflecting or non-reflecting layer",7003,6
XIII,700319,"Glass; cast glass and rolled glass, non-wired sheets, (excluding those coloured throughout the mass (body tinted) opacified, flashed or having an absorbent or reflecting layer)",7003,6
XIII,700320,"Glass; cast glass and rolled glass, wired sheets, whether or not having an absorbent or reflecting layer but not otherwise worked",7003,6
XIII,700330,"Glass; cast glass and rolled glass, profiles, not otherwise worked",7003,6
XIII,7004,"Glass; drawn glass and blown glass, in sheets, whether or not having an absorbent, reflecting or non-reflecting layer, but not otherwise worked",70,4
XIII,700420,"Glass; drawn and blown, in sheets, coloured throughout the mass (body tinted), opacified, flashed or having an absorbent, reflecting or non-reflecting layer, but not otherwise worked",7004,6
XIII,700490,"Glass; drawn and blown, in sheets, (other than glass coloured throughout the mass (body tinted), opacified, flashed or having an absorbent, reflecting or non-reflecting layer)",7004,6
XIII,7005,"Glass; float glass and surface ground or polished glass, in sheets, whether or not having an absorbent, reflecting or non-reflecting layer, but not otherwise worked",70,4
XIII,700510,"Glass; float glass and surface ground or polished glass, in sheets, non-wired, having an absorbent reflecting or non-reflecting layer",7005,6
XIII,700521,"Glass; float glass and surface ground or polished glass, in sheets, non-wired, coloured throughout the mass (body tinted), opacified, flashed or merely surface ground",7005,6
XIII,700529,"Glass; float glass and surface ground or polished glass, in sheets, non-wired, (other than coloured throughout the mass (body tinted), opacified, flashed or merely surface ground)",7005,6
XIII,700530,"Glass; float glass and surface ground or polished glass, in sheets, wired glass, whether or not having an absorbent or reflecting layer",7005,6
XIII,7006,"Glass of heading no. 7003, 7004 or 7005, bent, edge-worked, engraved, drilled, enamelled or otherwise worked, not framed or fitted with other materials",70,4
XIII,700600,"Glass of heading no. 7003, 7004 or 7005; bent, edge-worked, engraved, drilled, enamelled or otherwise worked, but not framed or fitted with other materials",7006,6
XIII,7007,"Safety glass, consisting of toughened (tempered) or laminated glass",70,4
XIII,700711,"Glass; safety glass, toughened (tempered), of size and shape suitable for incorporation in vehicles, aircraft, spacecraft or vessels",7007,6
XIII,700719,"Glass; safety glass, toughened (tempered), (not of a size and shape suitable for incorporation in vehicles, aircraft, spacecraft or vessels)",7007,6
XIII,700721,"Glass; safety glass, laminated, of size and shape suitable for incorporation in vehicles, aircraft, spacecraft or vessels",7007,6
XIII,700729,"Glass; safety glass, laminated, (not of a size and shape suitable for incorporation in vehicles, aircraft, spacecraft or vessels)",7007,6
XIII,7008,Glass; multiple-walled insulating units of glass,70,4
XIII,700800,Glass; multiple-walled insulating units of glass,7008,6
XIII,7009,"Glass mirrors; whether or not framed, including rear-view mirrors",70,4
XIII,700910,Glass; rear-view mirrors for vehicles,7009,6
XIII,700991,"Glass mirrors; unframed, excluding rear-view mirrors for vehicles",7009,6
XIII,700992,"Glass mirrors; framed, excluding rear-view mirrors for vehicles",7009,6
XIII,7010,"Carboys, bottles, flasks, jars, pots, phials, ampoules, containers of glass of a kind used for the conveyance or packing of goods; preserving jars of glass; stoppers, lids and other closures of glass",70,4
XIII,701010,"Glass; ampoules, of a kind used for the conveyance or packing of goods",7010,6
XIII,701020,"Glass; stoppers, lids and other closures",7010,6
XIII,701090,"Glass; carboys, bottles, flasks, jars, pots, phials and other containers of glass, (not ampoules), used for the conveyance or packing of goods",7010,6
XIII,7011,"Glass envelopes (including bulbs and tubes), open and glass parts thereof, without fittings, for electric lamps and light sources, cathode-ray tubes or the like",70,4
XIII,701110,"Glass envelopes (including bulbs and tubes); open, and glass parts thereof, without fittings, for electric lighting",7011,6
XIII,701120,"Glass envelopes (including bulbs and tubes); open, and glass parts thereof, without fittings, for cathode-ray tubes",7011,6
XIII,701190,"Glass envelopes (including bulbs and tubes); open, and glass parts thereof, without fittings, other than for electric lighting and cathode-ray tubes",7011,6
XIII,7013,"Glassware of a kind used for table, kitchen, toilet, office, indoor decoration or similar purposes (other than of heading no. 7010 or 7018)",70,4
XIII,701310,"Glassware; of a kind used for table, kitchen, toilet, office, indoor decoration or similar purposes (other than of heading no. 7010 or 7018), of glass-ceramics",7013,6
XIII,701322,"Stemware drinking glasses, of lead crystal",7013,6
XIII,701328,"Stemware drinking glasses, other than of lead crystal or glass-ceramics",7013,6
XIII,701333,"Glassware; drinking glasses (not stemware), of lead crystal",7013,6
XIII,701337,"Glassware; drinking glasses (not stemware), other than of lead crystal or glass-ceramics",7013,6
XIII,701341,"Glassware of a kind used for table or kitchen purposes (not drinking glasses), of lead crystal",7013,6
XIII,701342,"Glassware of a kind used for table or kitchen purposes (not drinking glasses), of glass having a linear coefficient of expansion not exceeding 5 x 10 (to the minus 6), (or 0.000005) per Kelvin within a temperature range of 0-300 degrees C",7013,6
XIII,701349,"Glassware of a kind used for table or kitchen purposes (not drinking glasses or of glass-ceramics), of glass n.e.c. in item no. 7013.4",7013,6
XIII,701391,"Glassware; n.e.c. in heading no. 7013, of lead crystal",7013,6
XIII,701399,"Glassware; n.e.c. in heading no. 7013, other than of lead crystal",7013,6
XIII,7014,"Signalling glassware and optical elements of glass (other than those of heading no. 7015), not optically worked",70,4
XIII,701400,"Glassware; signalling, (not optically worked)",7014,6
XIII,7015,"Clock, watch and similar glasses, glasses for non-corrective or corrective spectacles, curved, bent, hallowed etc, not optically worked; hollow glass spheres and their segments for manufacture",70,4
XIII,701510,"Glasses for corrective spectacles; curved, bent, hollowed or the like, not optically worked",7015,6
XIII,701590,"Glasses; clock or watch and similar, glasses for non-corrective spectacles, curved, bent, hollowed etc, (not optically worked), hollow glass spheres and segments, for the manufacture of such glasses",7015,6
XIII,7016,"Glass; paving blocks, slabs, bricks, tiles etc, of pressed, moulded glass, whether or not wired, glass smallwares for decorative purposes leaded lights and the like; multicellular or foam glass",70,4
XIII,701610,"Glass cubes and other glass smallwares; whether or not on a backing, for mosaics or similar decorative purposes",7016,6
XIII,701690,"Multicellular or foam glass; in blocks, panels, plates, shells or similar forms; paving blocks, slabs, bricks and other articles of pressed or moulded glass",7016,6
XIII,7017,"Laboratory, hygienic or pharmaceutical glassware, whether or not graduated or calibrated",70,4
XIII,701710,"Glassware; laboratory, hygienic or pharmaceutical, whether or not graduated or calibrated, of fused quartz or other fused silica",7017,6
XIII,701720,"Glassware; laboratory, hygienic or pharmaceutical, whether or not graduated or calibrated, having a linear co-efficient of expansion not over 5 x 10 (to the minus 6), (or 0.000005)) per Kelvin with a temperature of 0-300 degrees C",7017,6
XIII,701790,"Glassware; laboratory, hygienic or pharmaceutical, whether or not graduated or calibrated, of glass n.e.c. in heading no. 7017",7017,6
XIII,7018,"Glass beads, imitation pearls, precious or semi-precious stones and similar glass smallwares, statuettes and other ornaments of worked glass; glass microspheres not exceeding 1mm in diameter",70,4
XIII,701810,"Glass; beads, imitation pearls, imitation precious or semi-precious stones and similar glass smallwares",7018,6
XIII,701820,Glass microspheres; not exceeding 1mm in diameter,7018,6
XIII,701890,"Glass; articles thereof, statuettes and other ornaments of lamp worked glass, other than imitation jewellery",7018,6
XIII,7019,"Glass fibres (including glass wool) and articles thereof (e.g. yarn, rovings, woven fabrics)",70,4
XIII,701911,"Glass fibres; (including glass wool), chopped strands, of a length of not more than 50mm",7019,6
XIII,701912,"Glass fibres; (including glass wool), rovings",7019,6
XIII,701913,"Glass fibres; (including glass wool), yarns and slivers",7019,6
XIII,701914,"Glass fibres; (including glass wool), mechanically bonded mats",7019,6
XIII,701915,"Glass fibres; (including glass wool), chemically bonded mats",7019,6
XIII,701919,"Glass fibres; (including glass wool), threads and mats, other than mechanically or chemically bonded mats",7019,6
XIII,701961,Glass fibres; mechanically bonded fabrics and closed woven fabrics of rovings,7019,6
XIII,701962,Glass fibres; non-woven mechanically bonded fabrics and closed fabrics of rovings,7019,6
XIII,701963,"Glass fibres; mechanically bonded fabrics and closed woven fabrics, plain weave, of yarns, not coated or laminated (other than rovings)",7019,6
XIII,701964,"Glass fibres; closed woven fabrics, plain weave, of yarns, coated or laminated, (other than rovings)",7019,6
XIII,701965,Glass fibres; open woven fabrics of a width not exceeding 30cm,7019,6
XIII,701966,Glass fibres; open woven fabrics of a width exceeding 30cm,7019,6
XIII,701969,Glass fibres; fabrics n.e.c. in item no. 7019.6,7019,6
XIII,701971,Glass fibres; chemically bonded fabrics,7019,6
XIII,701972,"Glass fibres; chemically bonded fabrics, closed fabrics n.e.c. in heading 7019",7019,6
XIII,701973,"Glass fibres; chemically bonded fabrics, open fabrics n.e.c. in heading 7019",7019,6
XIII,701980,Glass fibres; glass wool and articles thereof,7019,6
XIII,701990,Glass fibres; n.e.c. in heading no. 7019,7019,6
XIII,7020,Glass; articles n.e.c. in chapter 70,70,4
XIII,702000,Glass; articles n.e.c. in chapter 70,7020,6
XIV,71,"Natural, cultured pearls; precious, semi-precious stones; precious metals, metals clad with precious metal, and articles thereof; imitation jewellery; coin",TOTAL,2
XIV,7101,"Pearls; natural or cultured, whether or not worked or graded but not strung, mounted or set; pearls, natural or cultured, temporarily strung for the convenience of transport",71,4
XIV,710110,"Pearls; natural, whether or not worked or graded (but not strung, mounted or set), temporarily strung for the convenience of transport",7101,6
XIV,710121,"Pearls; cultured, unworked, whether or not graded (but not strung, mounted or set), temporarily strung for the convenience of transport",7101,6
XIV,710122,"Pearls; cultured, worked, whether or not graded (but not strung, mounted or set), temporarily strung for the convenience of transport",7101,6
XIV,7102,"Diamonds, whether or not worked, but not mounted or set",71,4
XIV,710210,"Diamonds; whether or not worked, but not mounted or set, unsorted",7102,6
XIV,710221,"Diamonds; industrial, unworked or simply sawn, cleaved or bruted, but not mounted or set",7102,6
XIV,710229,"Diamonds; industrial, (other than unworked or simply sawn, cleaved or bruted), but not mounted or set",7102,6
XIV,710231,"Diamonds; non-industrial, unworked or simply sawn, cleaved or bruted, but not mounted or set",7102,6
XIV,710239,"Diamonds; non-industrial, (other than unworked or simply sawn, cleaved or bruted), but not mounted or set",7102,6
XIV,7103,"Precious (excluding diamond) and semi-precious stone; worked, graded, not strung, mounted, set; ungraded precious (excluding diamond) and semi-precious stone, temporarily strung for convenience of transport",71,4
XIV,710310,"Stones; precious (other than diamonds) and semi-precious stones, unworked or simply sawn or roughly shaped, not strung, mounted or set",7103,6
XIV,710391,"Stones; rubies, sapphires and emeralds, worked (other than simply sawn or roughly shaped), not strung, mounted or set",7103,6
XIV,710399,"Stones; precious (other than diamonds) and semi-precious stones, (other than rubies, sapphires and emeralds), worked other than simply sawn or roughly shaped, not strung, mounted or set",7103,6
XIV,7104,"Stones; synthetic or reconstructed precious or semi-precious, whether or not worked or graded but not strung, mounted or set; ungraded synthetic or reconstructed precious or semi-precious stones, temporarily strung for convenience of transport",71,4
XIV,710410,"Stones; piezo-electric quartz, whether or not worked or graded but not strung, mounted or set; ungraded synthetic or reconstructed precious or semi-precious stones, temporarily strung for convenience of transport",7104,6
XIV,710421,"Stones; diamonds, unworked or simply sawn or roughly shaped",7104,6
XIV,710429,"Stones; synthetic or reconstructed precious or semi-precious n.e.c. in heading 7104, unworked or simply sawn or roughly shaped",7104,6
XIV,710491,"Stones; diamonds, n.e.c. in heading 7104, worked or graded but not strung, mounted or set; ungraded synthetic or reconstructed precious or semi-precious stones, temporarily strung for convenience of transport",7104,6
XIV,710499,"Stones; synthetic or reconstructed precious or semi-precious n.e.c. in heading 7104, worked or graded but not strung, mounted or set; ungraded synthetic or reconstructed precious or semi-precious stones, temporarily strung for convenience of transport",7104,6
XIV,7105,Dust and powder of natural or synthetic precious or semi-precious stone,71,4
XIV,710510,"Stones; precious and semi-precious, dust and powder, of diamonds",7105,6
XIV,710590,"Stones; precious and semi-precious, dust and powder, of natural or synthetic precious or semi-precious stones, excluding diamonds",7105,6
XIV,7106,"Silver (including silver plated with gold or platinum); unwrought or in semi-manufactured forms, or in powder form",71,4
XIV,710610,Metals; silver powder,7106,6
XIV,710691,"Metals; silver, unwrought, (but not powder)",7106,6
XIV,710692,"Metals; silver, semi-manufactured",7106,6
XIV,7107,Base metals clad with silver; not further worked than semi-manufactured,71,4
XIV,710700,Base metals clad with silver; not further worked than semi-manufactured,7107,6
XIV,7108,"Gold (including gold plated with platinum) unwrought or in semi-manufactured forms, or in powder form",71,4
XIV,710811,"Metals; gold, non-monetary, powder",7108,6
XIV,710812,"Metals; gold, non-monetary, unwrought (but not powder)",7108,6
XIV,710813,"Metals; gold, semi-manufactured",7108,6
XIV,710820,"Gold, monetary",7108,6
XIV,7109,"Base metals or silver, clad with gold, not further worked than semi-manufactured",71,4
XIV,710900,"Base metals or silver; clad with gold, not further worked than semi-manufactured",7109,6
XIV,7110,"Platinum; unwrought or in semi-manufactured forms, or in powder form",71,4
XIV,711011,"Metals; platinum, unwrought or in powder form",7110,6
XIV,711019,"Metals; platinum, semi-manufactured",7110,6
XIV,711021,"Metals; palladium, unwrought or in powder form",7110,6
XIV,711029,"Metals; palladium, semi-manufactured",7110,6
XIV,711031,"Metals; rhodium, unwrought or in powder form",7110,6
XIV,711039,"Metals; rhodium, semi-manufactured",7110,6
XIV,711041,"Metals; iridium, osmium, ruthenium, unwrought or in powder form",7110,6
XIV,711049,"Metals; iridium, osmium, ruthenium, semi-manufactured",7110,6
XIV,7111,"Base metals, silver or gold, clad with platinum; not further worked than semi-manufactured",71,4
XIV,711100,"Base metals, silver or gold, clad with platinum; not further worked than semi-manufactured",7111,6
XIV,7112,"Waste and scrap of precious metal or of metal clad with precious metal; other waste and scrap containing precious metal compounds, of a kind uses principally for the recovery of precious metal other than goods of heading 85.49",71,4
XIV,711230,Waste and scrap of precious metal or of metal clad with precious metal; ash containing precious metal or precious metal compounds,7112,6
XIV,711291,"Waste and scrap of precious metals; of gold, including metal clad with gold but excluding sweepings containing other precious metals",7112,6
XIV,711292,"Waste and scrap of precious metals; of platinum, including metal clad with platinum but excluding sweepings containing other precious metals",7112,6
XIV,711299,"Waste and scrap of precious metals; waste and scrap of precious metals including metal clad with precious metals, other than that of gold and platinum and excluding ash which contains precious metal or precious metal compounds",7112,6
XIV,7113,"Jewellery articles and parts thereof, of precious metal or of metal clad with precious metal",71,4
XIV,711311,"Jewellery; of silver, whether or not plated or clad with other precious metal, and parts thereof",7113,6
XIV,711319,"Jewellery; of precious metal (excluding silver) whether or not plated or clad with precious metal, and parts thereof",7113,6
XIV,711320,"Jewellery; of base metal clad with precious metal, and parts thereof",7113,6
XIV,7114,"Articles of goldsmiths' or silversmiths' wares and parts thereof, of precious metal or of metal clad with precious metal",71,4
XIV,711411,"Silversmiths' wares; and parts thereof, of silver, whether or not plated or clad with other precious metal",7114,6
XIV,711419,"Goldsmiths' wares; articles of and parts thereof, of precious metal (excluding silver) whether or not plated or clad with precious metal",7114,6
XIV,711420,"Goldsmiths' and silversmiths' wares; articles of and parts thereof, of base metal clad with precious metal",7114,6
XIV,7115,Articles of precious metal or of metal clad with precious metal,71,4
XIV,711510,"Metal; catalysts in the form of wire cloth or grill, of platinum",7115,6
XIV,711590,"Metal; precious or metal clad with precious metal, other than that of item no. 7115.10",7115,6
XIV,7116,"Articles of natural or cultured pearls, precious or semi-precious stones (natural, synthetic or reconstructed)",71,4
XIV,711610,Pearls; articles of natural or cultured pearls,7116,6
XIV,711620,"Stones; precious or semi-precious stones (natural, synthetic or reconstructed) articles of",7116,6
XIV,7117,Imitation jewellery,71,4
XIV,711711,"Jewellery; imitation, cuff links and studs, of base metal, whether or not plated with precious metal",7117,6
XIV,711719,"Jewellery; imitation, (excluding cuff links and studs), of base metal, whether or not plated with precious metal",7117,6
XIV,711790,"Jewellery; imitation, of other than base metal, whether or not plated with precious metal",7117,6
XIV,7118,Coin,71,4
XIV,711810,"Coin (other than gold coin), not being legal tender",7118,6
XIV,711890,Coin; other than coin of item no. 7118.10,7118,6
XV,72,Iron and steel,TOTAL,2
XV,7201,"Pig iron and spiegeleisen in pigs, blocks or other primary forms",72,4
XV,720110,"Iron; non-alloy pig iron containing by weight 0.5% or less of phosphorus, in pigs, blocks or other primary forms",7201,6
XV,720120,"Iron; non-alloy pig iron containing by weight more than 0.5% of phosphorus, in pigs, blocks or other primary forms",7201,6
XV,720150,"Iron; alloy pig iron; spiegeleisen, in pigs, blocks or other primary forms",7201,6
XV,7202,Ferro-alloys,72,4
XV,720211,"Ferro-alloys; ferro-manganese, containing by weight more than 2% of carbon",7202,6
XV,720219,"Ferro-alloys; ferro-manganese, containing by weight 2% or less of carbon",7202,6
XV,720221,"Ferro-alloys; ferro-silicon, containing by weight more than 55% of silicon",7202,6
XV,720229,"Ferro-alloys; ferro-silicon, containing by weight 55% or less of silicon",7202,6
XV,720230,Ferro-alloys; ferro-silico-manganese,7202,6
XV,720241,"Ferro-alloys; ferro-chromium, containing by weight more than 4% of carbon",7202,6
XV,720249,"Ferro-alloys; ferro-chromium, containing by weight 4% or less of carbon",7202,6
XV,720250,Ferro-alloys; ferro-silico-chromium,7202,6
XV,720260,Ferro-alloys; ferro-nickel,7202,6
XV,720270,Ferro-alloys; ferro-molybdenum,7202,6
XV,720280,Ferro-alloys; ferro-tungsten and ferro-silico-tungsten,7202,6
XV,720291,Ferro-alloys; ferro-titanium and ferro-silico-titanium,7202,6
XV,720292,Ferro-alloys; ferro-vanadium,7202,6
XV,720293,Ferro-alloys; ferro-niobium,7202,6
XV,720299,Ferro-alloys; n.e.c. in heading no. 7202,7202,6
XV,7203,"Ferrous products obtained by direct reduction of iron ore and other spongy ferrous products, in lumps, pellets or the like; iron having a minimum purity of 99.94%, in lumps, pellets or similar forms",72,4
XV,720310,"Ferrous products; obtained by direct reduction of iron ore, in lumps, pellets or similar forms",7203,6
XV,720390,"Ferrous products; spongy ferrous products and iron having a minimum purity by weight of 99.94%, in lumps, pellets or similar forms",7203,6
XV,7204,Ferrous waste and scrap; remelting scrap ingots of iron or steel,72,4
XV,720410,Ferrous waste and scrap; of cast iron,7204,6
XV,720421,Ferrous waste and scrap; of stainless steel,7204,6
XV,720429,Ferrous waste and scrap; of alloy steel (excluding stainless),7204,6
XV,720430,Ferrous waste and scrap; of tinned iron or steel,7204,6
XV,720441,"Ferrous waste and scrap; turnings, shavings, chips, milling waste, sawdust, filings, trimmings and stampings, whether or not in bundles",7204,6
XV,720449,Ferrous waste and scrap; n.e.c. in heading no. 7204,7204,6
XV,720450,Ferrous products; remelting scrap ingots,7204,6
XV,7205,"Granules and powders, of pig iron, spiegeleisen, iron or steel",72,4
XV,720510,"Iron or steel, pig iron, spiegeleisen; granules thereof",7205,6
XV,720521,Alloy steel powders,7205,6
XV,720529,"Iron or steel, pig iron, spiegeleisen; powders (excluding alloy steel)",7205,6
XV,7206,Iron and non-alloy steel in ingots or other primary forms (excluding iron of heading no. 7203),72,4
XV,720610,Iron or non-alloy steel; ingots (excluding iron of heading no. 7203),7206,6
XV,720690,Iron or non-alloy steel; primary forms (excluding ingots and iron of heading no. 7203),7206,6
XV,7207,Iron or non-alloy steel; semi-finished products thereof,72,4
XV,720711,"Iron or non-alloy steel; semi-finished products of iron or non-alloy steel; containing by weight less than 0.25% of carbon, of rectangular (including square) cross-section, width less than twice thickness",7207,6
XV,720712,"Iron or non-alloy steel; semi-finished products of iron or non-alloy steel; containing by weight less than 0.25% of carbon, of rectangular (other than square) cross-section",7207,6
XV,720719,"Iron or non-alloy steel; semi-finished products of iron or non-alloy steel, containing by weight less than 0.25% of carbon, other than rectangular or square cross-section",7207,6
XV,720720,"Iron or non-alloy steel; semi-finished products of iron or non-alloy steel, containing by weight 0.25% or more of carbon",7207,6
XV,7208,"Iron or non-alloy steel; flat-rolled products of a width of 600mm or more, hot-rolled, not clad, plated or coated",72,4
XV,720810,"Iron or non-alloy steel; in coils, flat-rolled, of a width 600mm or more, hot-rolled, with patterns in relief",7208,6
XV,720825,"Iron or non-alloy steel; in coils, without patterns in relief, flat-rolled, of a width 600mm or more, hot-rolled, pickled, of a thickness of 4.75mm or more",7208,6
XV,720826,"Iron or non-alloy steel; in coils, without patterns in relief, flat-rolled, of a width 600mm or more, hot-rolled, pickled, of a thickness of 3mm or more but less than 4.75mm",7208,6
XV,720827,"Iron or non-alloy steel; in coils, without patterns in relief, flat-rolled, of a width 600mm or more, hot-rolled, pickled, of a thickness of less than 3mm",7208,6
XV,720836,"Iron or non-alloy steel; in coils, without patterns in relief, flat-rolled, of a width 600mm or more, hot-rolled, of a thickness exceeding 10mm",7208,6
XV,720837,"Iron or non-alloy steel; in coils, without patterns in relief, flat-rolled, of a width 600mm or more, hot-rolled, of a thickness of 4.75mm or more but not exceeding 10mm",7208,6
XV,720838,"Iron or non-alloy steel; in coils, without patterns in relief, flat-rolled, of a width 600mm or more, hot-rolled, of a thickness of 3mm or more but less than 4.75mm",7208,6
XV,720839,"Iron or non-alloy steel; in coils, without patterns in relief, flat-rolled, of a width 600mm or more, hot-rolled, of a thickness of less than 3mm",7208,6
XV,720840,"Iron or non-alloy steel; (not in coils), flat-rolled, of a width 600mm or more, hot-rolled, with patterns in relief",7208,6
XV,720851,"Iron or non-alloy steel; (not in coils), flat-rolled, of a width 600mm or more, hot-rolled, without patterns in relief, of a thickness exceeding 10mm",7208,6
XV,720852,"Iron or non-alloy steel; (not in coils), flat-rolled, of a width 600mm or more, hot-rolled, without patterns in relief, of a thickness of 4.75mm or more but not exceeding 10mm",7208,6
XV,720853,"Iron or non-alloy steel; (not in coils), flat-rolled, of a width 600mm or more, hot-rolled, without patterns in relief, of a thickness of 3mm or more but less than 4.75mm",7208,6
XV,720854,"Iron or non-alloy steel; (not in coils), flat-rolled, of a width 600mm or more, hot-rolled, without patterns in relief, of a thickness of less than 3mm",7208,6
XV,720890,"Iron or non-alloy steel; flat-rolled, hot-rolled, of a width 600mm or more, n.e.c. in heading no. 7208",7208,6
XV,7209,"Iron or non-alloy steel; flat-rolled products, width 600mm or more, cold-rolled (cold-reduced), not clad, plated or coated",72,4
XV,720915,"Iron or non-alloy steel; in coils, flat-rolled, width 600mm or more, cold-rolled, of a thickness of 3mm or more",7209,6
XV,720916,"Iron or non-alloy steel; in coils, flat-rolled, width 600mm or more, cold-rolled, of a thickness exceeding 1mm but less than 3mm",7209,6
XV,720917,"Iron or non-alloy steel; in coils, flat-rolled, width 600mm or more, cold-rolled, of a thickness of 0.5mm or more but not exceeding 1mm",7209,6
XV,720918,"Iron or non-alloy steel; in coils, flat-rolled, width 600mm or more, cold-rolled, of a thickness of less than 0.5mm",7209,6
XV,720925,"Iron or non-alloy steel; (not in coils), flat-rolled, width 600mm or more, cold-rolled, of a thickness of 3mm or more",7209,6
XV,720926,"Iron or non-alloy steel; (not in coils), flat-rolled, width 600mm or more, cold-rolled, of a thickness exceeding 1mm but less than 3mm",7209,6
XV,720927,"Iron or non-alloy steel; (not in coils), flat-rolled, width 600mm or more, cold-rolled, of a thickness of 0.5mm or more but not exceeding 1mm",7209,6
XV,720928,"Iron or non-alloy steel; (not in coils), flat-rolled, width 600mm or more, cold-rolled, of a thickness of less than 0.5mm",7209,6
XV,720990,"Iron or non-alloy steel; flat-rolled, width 600mm or more, cold-rolled, n.e.c. in heading no. 7209",7209,6
XV,7210,"Iron or non-alloy steel; flat-rolled products, width 600mm or more, clad, plated or coated",72,4
XV,721011,"Iron or non-alloy steel; flat-rolled, width 600mm or more, plated or coated with tin, thickness of 0.5mm or more",7210,6
XV,721012,"Iron or non-alloy steel; flat-rolled, width 600mm or more, plated or coated with tin, thickness of less than 0.5mm",7210,6
XV,721020,"Iron or non-alloy steel; flat-rolled, width 600mm or more, plated or coated with lead, including terne-plate",7210,6
XV,721030,"Iron or non-alloy steel; flat-rolled, width 600mm or more, electrolytically plated or coated with zinc",7210,6
XV,721041,"Iron or non-alloy steel; flat-rolled, width 600mm or more, corrugated, plated or coated with zinc (not electrolytically)",7210,6
XV,721049,"Iron or non-alloy steel; flat-rolled, width 600mm or more, (not corrugated), plated or coated with zinc (not electrolytically)",7210,6
XV,721050,"Iron or non-alloy steel; flat-rolled, width 600mm or more, plated or coated with chromium oxides or with chromium and chromium oxides",7210,6
XV,721061,"Iron or non-alloy steel; flat-rolled, width 600mm or more, plated or coated with aluminium zinc-alloys",7210,6
XV,721069,"Iron or non-alloy steel; flat-rolled, width 600mm or more, plated or coated with aluminium, other than plated or coated with aluminium zinc-alloys",7210,6
XV,721070,"Iron or non-alloy steel; flat-rolled, width 600mm or more, painted, varnished or coated with plastics",7210,6
XV,721090,"Iron or non-alloy steel; flat-rolled, width 600mm or more, plated or coated with materials n.e.c. in heading no. 7210",7210,6
XV,7211,"Iron or non-alloy steel; flat-rolled products, width less than 600mm, not clad, plated or coated",72,4
XV,721113,"Iron or non-alloy steel; flat-rolled, hot-rolled, rolled on four faces or in a closed box pass, of a width more than 150mm but less than 600mm, 4mm thick or more, not in coils, without patterns in relief",7211,6
XV,721114,"Iron or non-alloy steel; flat-rolled, hot-rolled, of a width less than 600mm, 4.75mm thick or more, excluding those of item no. 7211.13",7211,6
XV,721119,"Iron or non-alloy steel; flat-rolled, hot-rolled, of a width less than 600mm, less than 4.75mm thick, excluding those of item no. 7211.13",7211,6
XV,721123,"Iron or non-alloy steel; flat-rolled, cold-rolled, of a width less than 600mm, containing by weight less than 0.25% of carbon",7211,6
XV,721129,"Iron or non-alloy steel; flat-rolled, cold-rolled, of a width less than 600mm, containing by weight 0.25% or more of carbon",7211,6
XV,721190,"Iron or non-alloy steel; flat-rolled, n.e.c. in heading no. 7211, width less than 600mm",7211,6
XV,7212,"Iron or non-alloy steel; flat-rolled products, width less than 600mm, clad, plated or coated",72,4
XV,721210,"Iron or non-alloy steel; flat-rolled, width less than 600mm, plated or coated with tin",7212,6
XV,721220,"Iron or non-alloy steel; flat-rolled, of a width less than 600mm, electrolytically plated or coated with zinc",7212,6
XV,721230,"Iron or non-alloy steel; flat-rolled, width less than 600mm, plated or coated with zinc (not electrolytically)",7212,6
XV,721240,"Iron or non-alloy steel; flat-rolled, width less than 600mm, painted, varnished or coated with plastics",7212,6
XV,721250,"Iron or non-alloy steel; flat-rolled, width less than 600mm, plated or coated, (excluding tin, zinc or plastic)",7212,6
XV,721260,"Iron or non-alloy steel; flat-rolled, width less than 600mm, clad",7212,6
XV,7213,"Iron or non-alloy steel; bars and rods, hot-rolled, in irregularly wound coils",72,4
XV,721310,"Iron or non-alloy steel; bars and rods, hot-rolled, in irregularly wound coils, containing indentations, ribs, grooves or other deformations produced during the rolling process",7213,6
XV,721320,"Iron or non-alloy steel; bars and rods, hot-rolled, in irregularly wound coils, of free-cutting steel",7213,6
XV,721391,"Iron or non-alloy steel; bars and rods, hot-rolled, in irregularly wound coils, n.e.c. in heading no. 7213, of circular cross-section measuring less than 14mm in diameter",7213,6
XV,721399,"Iron or non-alloy steel; bars and rods, hot-rolled, in irregularly wound coils, n.e.c. in heading no. 7213, of circular cross-section measuring 14mm or more in diameter",7213,6
XV,7214,"Iron or non-alloy steel; bars and rods, not further worked than forged, hot-rolled, hot drawn or hot-extruded, but including those twisted after rolling",72,4
XV,721410,"Iron or non-alloy steel; bars and rods, forged, hot-rolled, hot-drawn or hot-extruded, but including those twisted after rolling",7214,6
XV,721420,"Iron or non-alloy steel; bars and rods, hot-rolled, hot-drawn or hot-extruded, containing indentations, ribs, grooves or other deformations produced during the rolling process or twisted after rolling",7214,6
XV,721430,"Iron or non-alloy steel; bars and rods, hot-rolled, hot-drawn or hot-extruded, including those twisted after rolling, of free-cutting steel",7214,6
XV,721491,"Iron or non-alloy steel; bars and rods, hot-rolled, hot-drawn or hot-extruded, n.e.c. in heading no. 7214, of rectangular (other than square) cross-section",7214,6
XV,721499,"Iron or non-alloy steel; bars and rods, hot-rolled, hot-drawn or hot-extruded, n.e.c. in heading no. 7214, other than of rectangular cross-section",7214,6
XV,7215,"Iron or non-alloy steel; bars and rods, n.e.c. in chapter 72",72,4
XV,721510,"Iron or non-alloy steel; bars and rods, of free-cutting steel, cold-formed or cold-finished, n.e.c. in chapter 72",7215,6
XV,721550,"Iron or non-alloy steel; bars and rods, n.e.c. in chapter 72, cold-formed or cold-finished, (not free-cutting)",7215,6
XV,721590,"Iron or non-alloy steel; bars and rods, n.e.c. in chapter 72, n.e.c. in heading no. 7215",7215,6
XV,7216,"Iron or non-alloy steel, angles, shapes and sections",72,4
XV,721610,"Iron or non-alloy steel; U, I or H sections, hot-rolled, hot-drawn or extruded, of a height of less than 80mm",7216,6
XV,721621,"Iron or non-alloy steel; L sections, hot-rolled, hot-drawn or extruded, of a height of less than 80mm",7216,6
XV,721622,"Iron or non-alloy steel; T sections, hot-rolled, hot-drawn or extruded, of a height less than 80mm",7216,6
XV,721631,"Iron or non-alloy steel; U sections, hot-rolled, hot-drawn or extruded, of a height of 80mm or more",7216,6
XV,721632,"Iron or non-alloy steel; I sections, hot-rolled, hot-drawn or extruded, of a height of 80mm or more",7216,6
XV,721633,"Iron or non-alloy steel; H sections, hot-rolled, hot-drawn or extruded, of a height of 80mm or more",7216,6
XV,721640,"Iron or non-alloy steel; L or T sections, hot-rolled, hot-drawn or extruded, of a height of 80mm or more",7216,6
XV,721650,"Iron or non-alloy steel; angles, shapes and sections, n.e.c. in heading no. 7216, hot-rolled, hot-drawn or extruded",7216,6
XV,721661,"Iron or non-alloy steel; angles, shapes and sections, cold-formed or cold-finished, obtained from flat-rolled products",7216,6
XV,721669,"Iron or non-alloy steel; angles, shapes and sections, cold-formed or cold-finished, (not obtained from flat-rolled products)",7216,6
XV,721691,"Iron or non-alloy steel; angles, shapes and sections, n.e.c. in heading no. 7216, cold-formed or cold-finished, from flat-rolled products",7216,6
XV,721699,"Iron or non-alloy steel; angles, shapes and sections, n.e.c. in heading no. 7216",7216,6
XV,7217,Wire of iron or non-alloy steel,72,4
XV,721710,"Iron or non-alloy steel; wire, (not plated or coated), whether or not polished",7217,6
XV,721720,"Iron or non-alloy steel; wire, plated or coated with zinc",7217,6
XV,721730,"Iron or non-alloy steel; wire, plated or coated with base metals (other than zinc)",7217,6
XV,721790,"Iron or non-alloy steel; wire, n.e.c. in heading no. 7217",7217,6
XV,7218,Stainless steel in ingots or other primary forms; semi-finished products of stainless steel,72,4
XV,721810,"Steel, stainless; ingots and other primary forms",7218,6
XV,721891,"Steel, stainless; semi-finished products, of rectangular (other than square) cross-section",7218,6
XV,721899,"Steel, stainless; semi-finished products, other than of rectangular cross-section",7218,6
XV,7219,Stainless steel; flat-rolled products of width of 600mm or more,72,4
XV,721911,"Steel, stainless; flat-rolled, width 600mm or more, hot-rolled, in coils, of a thickness exceeding 10mm",7219,6
XV,721912,"Steel, stainless; flat-rolled, width 600mm or more, hot-rolled, in coils, of a thickness of 4.75mm or more but not exceeding 10mm",7219,6
XV,721913,"Steel, stainless; flat-rolled, width 600mm or more, hot-rolled, in coils, of a thickness of 3mm or more but less than 4.75mm",7219,6
XV,721914,"Steel, stainless; flat-rolled, width 600mm or more, hot-rolled, in coils, of a thickness of less than 3mm",7219,6
XV,721921,"Steel, stainless; flat-rolled, width 600mm or more, hot-rolled, (not in coils), of a thickness exceeding 10mm",7219,6
XV,721922,"Steel, stainless; flat-rolled, width 600mm or more, hot-rolled, (not in coils), of a thickness of 4.75mm or more but not exceeding 10mm",7219,6
XV,721923,"Steel, stainless; flat-rolled, width 600mm or more, hot-rolled, (not in coils), of a thickness of 3mm or more but less than 4.75mm",7219,6
XV,721924,"Steel, stainless; flat-rolled, width 600mm or more, hot-rolled, (not in coils), of a thickness of less than 3mm",7219,6
XV,721931,"Steel, stainless; flat-rolled, width 600mm or more, cold-rolled or cold-reduced, of a thickness of 4.75mm or more",7219,6
XV,721932,"Steel, stainless; flat-rolled, width 600mm or more, cold-rolled, of a thickness of 3mm or more but less than 4.75mm",7219,6
XV,721933,"Steel, stainless; flat-rolled, width 600mm or more, cold-rolled, of a thickness exceeding 1mm but less than 3mm",7219,6
XV,721934,"Steel, stainless; flat-rolled, width 600mm or more, cold-rolled, of a thickness of 0.5mm or more but not exceeding 1mm",7219,6
XV,721935,"Steel, stainless; flat-rolled, width 600mm or more, cold-rolled, of a thickness of less than 0.5mm",7219,6
XV,721990,"Steel, stainless; flat-rolled, width 600mm or more, n.e.c. in heading no. 7219",7219,6
XV,7220,Stainless steel; flat-rolled products of width less than 600mm,72,4
XV,722011,"Steel, stainless; flat-rolled, width less than 600mm, hot-rolled, of a thickness of 4.75mm or more",7220,6
XV,722012,"Steel, stainless; flat-rolled, width less than 600mm, hot-rolled, of a thickness of less than 4.75mm",7220,6
XV,722020,"Steel, stainless; flat-rolled, width less than 600mm, cold-rolled",7220,6
XV,722090,"Steel, stainless; flat-rolled, width less than 600mm, n.e.c. in heading no 7220",7220,6
XV,7221,"Stainless steel bars and rods, hot-rolled, in irregularly wound coils",72,4
XV,722100,"Steel, stainless; bars and rods, hot-rolled, in irregularly wound coils",7221,6
XV,7222,"Stainless steel bars and rods, angles, shapes and sections",72,4
XV,722211,"Steel, stainless; bars and rods, hot-rolled, hot-drawn or extruded, of circular cross-section",7222,6
XV,722219,"Steel, stainless; bars and rods, hot-rolled, hot-drawn or extruded, other than of circular cross-section",7222,6
XV,722220,"Steel, stainless; bars and rods, cold-formed or cold-finished",7222,6
XV,722230,"Steel, stainless; bars and rods, n.e.c. in heading no. 7222",7222,6
XV,722240,"Steel, stainless; angles, shapes and sections",7222,6
XV,7223,Stainless steel wire,72,4
XV,722300,"Steel, stainless; wire",7223,6
XV,7224,"Alloy steel in ingots or other primary forms, semi-finished products of other alloy steel",72,4
XV,722410,"Steel, alloy; ingots and other primary forms",7224,6
XV,722490,"Steel, alloy; semi-finished products",7224,6
XV,7225,"Alloy steel flat-rolled products, of a width 600mm or more",72,4
XV,722511,"Steel, alloy; flat-rolled, width 600mm or more, of silicon-electrical steel, grain-oriented",7225,6
XV,722519,"Steel, alloy; flat-rolled, width 600mm or more, of silicon-electrical steel, (other than grain-oriented)",7225,6
XV,722530,"Steel, alloy; flat-rolled, width 600mm or more, hot-rolled, in coils",7225,6
XV,722540,"Steel, alloy; flat-rolled, width 600mm or more, hot-rolled, not in coils",7225,6
XV,722550,"Steel, alloy; flat-rolled, width 600mm or more, cold-rolled",7225,6
XV,722591,"Steel, alloy; flat-rolled, width 600mm or more, n.e.c. in heading no. 7225, electrolytically plated or coated with zinc",7225,6
XV,722592,"Steel, alloy; flat-rolled, width 600mm or more, n.e.c. in heading no. 7225, plated or coated with zinc (other than electrolytically)",7225,6
XV,722599,"Steel, alloy; flat-rolled, width 600mm or more, n.e.c. in heading no. 7225, (other than plated or coated with zinc)",7225,6
XV,7226,"Alloy steel flat-rolled products, of a width of less than 600mm",72,4
XV,722611,"Steel, alloy; flat-rolled, width less than 600mm, of silicon-electrical steel, grain-oriented",7226,6
XV,722619,"Steel, alloy; flat-rolled, width less than 600mm, of silicon-electrical steel, other than grain-oriented",7226,6
XV,722620,"Steel, alloy; flat-rolled, width less than 600mm, of high speed steel",7226,6
XV,722691,"Steel, alloy; flat-rolled, width less than 600mm, (excluding silicon-electrical or high speed steel), hot-rolled",7226,6
XV,722692,"Steel, alloy; flat-rolled, width less than 600mm, (excluding silicon-electrical or high speed steel), cold-rolled",7226,6
XV,722699,"Steel, alloy; flat-rolled, width less than 600mm, n.e.c. in item no. 7226.9",7226,6
XV,7227,"Steel, alloy; bars and rods, hot-rolled, in irregularly wound coils",72,4
XV,722710,"Steel, alloy; bars and rods, hot-rolled, in irregularly wound coils, of high speed steel",7227,6
XV,722720,"Steel, alloy; bars and rods, hot-rolled, in irregularly wound coils, of silico-manganese steel",7227,6
XV,722790,"Steel, alloy; bars and rods, hot-rolled, in irregularly wound coils, n.e.c. in heading no. 7227",7227,6
XV,7228,"Alloy steel bars, rods, shapes and sections; hollow drill bars and rods, of alloy or non-alloy steel",72,4
XV,722810,"Steel, alloy; bars and rods, of high speed steel",7228,6
XV,722820,"Steel, alloy; bars and rods, of silico-manganese steel",7228,6
XV,722830,"Steel, alloy; bars and rods, hot-rolled, hot-drawn or extruded",7228,6
XV,722840,"Steel, alloy; bars and rods, forged",7228,6
XV,722850,"Steel, alloy; bars and rods, cold-formed or cold-finished",7228,6
XV,722860,"Steel, alloy; bars and rods n.e.c. in heading no. 7228",7228,6
XV,722870,"Steel, alloy; angles, shapes and sections",7228,6
XV,722880,"Steel, alloy or non-alloy; hollow drill bars and rods",7228,6
XV,7229,Wire of other alloy steel,72,4
XV,722920,"Steel, alloy; wire, of silico-manganese steel",7229,6
XV,722990,"Steel, alloy; wire, of materials other than silico-manganese steel",7229,6
XV,73,Iron or steel articles,TOTAL,2
XV,7301,"Iron or steel sheet piling, whether or not drilled, punched or made from assembled elements; welded angles, shapes and sections, of iron or steel",73,4
XV,730110,"Iron or steel; sheet piling, whether or not drilled, punched or made from assembled elements",7301,6
XV,730120,"Iron or steel; angles, shapes and sections, welded",7301,6
XV,7302,"Railway or tramway track constructions of iron or steel; rails, check and track rails, switch blades, crossing frogs, point rods, sleepers, fish-plates, chair wedges, sole plates, bedplates, ties and the like",73,4
XV,730210,"Iron or steel, railway or tramway track construction material; rails",7302,6
XV,730230,"Iron or steel, railway or tramway track construction material; switch blades, crossing frogs, point rods and other crossing pieces",7302,6
XV,730240,"Iron or steel, railway or tramway track construction material; fish-plates and sole plates",7302,6
XV,730290,"Iron or steel, railway or tramway track construction material; n.e.c. in heading no. 7302",7302,6
XV,7303,"Tubes, pipes and hollow profiles, of cast iron",73,4
XV,730300,"Cast iron; tubes, pipes and hollow profiles",7303,6
XV,7304,"Tubes, pipes and hollow profiles, seamless, of iron (other than cast iron) or steel",73,4
XV,730411,"Iron or steel (excluding cast iron); seamless, line pipe of a kind used for oil or gas pipelines, of stainless steel",7304,6
XV,730419,"Iron or steel (excluding cast iron or stainless steel); seamless, line pipe of a kind used for oil or gas pipelines",7304,6
XV,730422,"Steel, stainless; seamless, drill pipe, of a kind used in drilling for oil or gas",7304,6
XV,730423,"Iron or steel (excluding cast iron or stainless steel); seamless, drill pipe, of a kind used in drilling for oil or gas",7304,6
XV,730424,"Steel, stainless; seamless, casing and tubing, of a kind used in drilling for oil or gas",7304,6
XV,730429,"Iron or steel (excluding cast iron or stainless steel); seamless, casing and tubing, of a kind used in drilling for oil or gas",7304,6
XV,730431,"Iron or non-alloy steel (excluding cast iron); seamless, cold-drawn or cold-rolled, tubes, pipes and hollow profiles of circular cross-section",7304,6
XV,730439,"Iron or non-alloy steel (excluding cast iron); seamless, (excluding cold-drawn or cold-rolled), tubes, pipes and hollow profiles of circular cross-section",7304,6
XV,730441,"Steel, stainless; cold-drawn or cold-rolled (cold-reduced), tubes and pipes of circular cross-section",7304,6
XV,730449,"Steel, stainless; (excluding cold-drawn or cold-rolled), tubes pipes and hollow profiles of circular cross-section",7304,6
XV,730451,"Steel, alloy (not stainless steel); seamless, cold-drawn or cold-rolled (cold-reduced), tubes, pipes and hollow profiles of circular cross-section",7304,6
XV,730459,"Steel, alloy (not stainless steel); (excluding cold-drawn or cold-rolled), tubes, pipes and hollow profiles of circular cross-section",7304,6
XV,730490,"Iron or steel (excluding cast iron); seamless, tubes, pipes and hollow profiles, seamless, n.e.c. in heading no. 7304",7304,6
XV,7305,"Iron or steel (excluding cast iron); tubes and pipes (e.g. welded, riveted or similarly closed), having circular cross-sections, external diameter of which exceeds 406.4mm, not seamless",73,4
XV,730511,"Iron or steel (excluding cast iron); line pipe of a kind used for oil or gas pipelines (not seamless), longitudinally submerged arc welded, having circular cross-sections, external diameter exceeds 406.4mm",7305,6
XV,730512,"Iron or steel (excluding cast iron); line pipe of a kind used for oil or gas pipelines (not seamless), longitudinally welded (not submerged arc welded), having circular cross-sections, external diameter exceeds 406.4mm",7305,6
XV,730519,"Iron or steel (excluding cast iron); line pipe of a kind used for oil or gas pipelines (not seamless), (not longitudinally welded), having circular cross-sections, external diameter exceeds 406.4mm",7305,6
XV,730520,"Iron or steel (excluding cast iron); casing of a kind used in drilling for oil or gas (not seamless), having circular cross-sections, external diameter exceeds 406.4mm",7305,6
XV,730531,"Iron or steel (excluding cast iron); tubes and pipes (other than line pipe or casing of a kind used for oil or gas pipelines), longitudinally welded, having circular cross-sections, external diameter exceeds 406.4mm, (not seamless)",7305,6
XV,730539,"Iron or steel (excluding cast iron); tubes and pipes (other than line pipe or casing of a kind used for oil or gas pipelines), welded (not longitudinally welded), having circular cross-sections, external diameter exceeds 406.4mm, (not seamless)",7305,6
XV,730590,"Iron or steel (excluding cast iron); tubes and pipes n.e.c. in heading no. 7305, having circular cross-sections, external diameter exceeds 406.4mm, (not seamless)",7305,6
XV,7306,"Iron or steel (excluding cast iron); tubes, pipes and hollow profiles (not seamless), n.e.c. in chapter 73",73,4
XV,730611,"Steel; stainless; line pipe of a kind used for oil or gas pipelines n.e.c. in chapter 73, welded, (not seamless)",7306,6
XV,730619,"Iron or steel (excluding cast iron); line pipe of a kind used for oil or gas pipelines (other than of stainless steel or seamless), n.e.c. in chapter 73",7306,6
XV,730621,"Steel, stainless; casing and tubing of a kind used in drilling for oil and gas, n.e.c. in chapter 73, welded, (not seamless)",7306,6
XV,730629,"Iron or steel (excluding cast iron); casing and tubing of a kind used in drilling for oil and gas (other than stainless steel or seamless), n.e.c. in chapter 73",7306,6
XV,730630,"Iron or non-alloy steel (excluding cast iron); tubes and pipes (not seamless), welded, of circular cross-section, n.e.c. in chapter 73",7306,6
XV,730640,"Steel, stainless; tubes, pipes and hollow profiles, welded, of circular cross-section, n.e.c. in chapter 73",7306,6
XV,730650,"Steel, alloy; tubes, pipes and hollow profiles (other than stainless steel or seamless), welded, of circular cross-section, n.e.c. in chapter 73",7306,6
XV,730661,"Iron or steel (excluding cast iron); tubes, pipes and hollow profiles (not seamless), welded, of square or rectangular cross-section, n.e.c. in chapter 73",7306,6
XV,730669,"Iron or steel (excluding cast iron); tubes, pipes and hollow profiles (not seamless), n.e.c. in chapter 73, welded, of non-circular cross-section (not square or rectangular cross-section)",7306,6
XV,730690,"Iron or steel (excluding cast iron); tubes, pipes and hollow profiles (not seamless), n.e.c. in chapter 73",7306,6
XV,7307,"Tube or pipe fittings (e.g. couplings, elbows, sleeves), of iron or steel",73,4
XV,730711,"Cast iron; cast fittings, of non-malleable cast iron",7307,6
XV,730719,"Iron or steel; cast fittings, other than of non-malleable cast iron",7307,6
XV,730721,"Steel, stainless; tube or pipe fittings, flanges, of stainless steel",7307,6
XV,730722,"Steel, stainless; tube or pipe fittings, threaded elbows, bends and sleeves",7307,6
XV,730723,"Steel, stainless; tube or pipe fittings, butt welding fittings",7307,6
XV,730729,"Steel, stainless; tube or pipe fittings, n.e.c. in item no. 7307.2",7307,6
XV,730791,"Iron or steel; tube or pipe fittings, flanges, other than stainless steel",7307,6
XV,730792,"Iron or steel; tube or pipe fittings, threaded elbows, bends and sleeves, other than stainless steel",7307,6
XV,730793,"Iron or steel; tube or pipe fittings, butt welding fittings, other than stainless steel",7307,6
XV,730799,"Iron or steel; tube or pipe fittings, n.e.c. in item no. 7307.9, other than stainless steel",7307,6
XV,7308,"Structures of iron or steel and parts thereof; plates, rods, angles, shapes, sections, tubes and the like, prepared for use in structures",73,4
XV,730810,"Iron or steel; structures and parts thereof, bridges and bridge-sections",7308,6
XV,730820,"Iron or steel; structures and parts thereof, towers and lattice masts",7308,6
XV,730830,"Iron or steel; structures and parts thereof, doors, windows and their frames and thresholds for doors",7308,6
XV,730840,"Iron or steel; structures and parts thereof, props and similar equipment for scaffolding, shuttering or pit-propping",7308,6
XV,730890,"Iron or steel; structures and parts thereof, n.e.c. in heading 7308",7308,6
XV,7309,"Reservoirs, tanks, vats and similar containers; for any material (excluding compressed or liquefied gas), of iron or steel, capacity exceeding 300l, whether or not lined or heat insulated",73,4
XV,730900,"Reservoirs, tanks, vats and similar containers; for any material (excluding compressed or liquefied gas), of iron or steel, capacity exceeding 300l, whether or not lined or heat insulated",7309,6
XV,7310,"Tanks, casks, drums, cans, boxes and similar containers, for any material (excluding compressed or liquefied gas), of iron or steel, capacity not exceeding 300l, whether or not lined or heat-insulated",73,4
XV,731010,"Tanks, casks, drums, cans, boxes and similar containers, for any material (excluding compressed or liquefied gas), 50l or more capacity but not exceeding 300l",7310,6
XV,731021,"Cans; which are to be closed by soldering or crimping, for any material (excluding compressed or liquefied gas), less than 50l capacity, of iron or steel",7310,6
XV,731029,"Tanks, casks, drums, boxes and similar containers for any material (excluding compressed or liquefied gas) less than 50l capacity, n.e.c. in item no. 7310.2, of iron or steel",7310,6
XV,7311,"Containers for compressed or liquefied gas, of iron or steel",73,4
XV,731100,"Containers for compressed or liquefied gas, of iron or steel",7311,6
XV,7312,"Stranded wire, ropes, cables, plaited bands, slings and the like, of iron or steel, not electrically insulated",73,4
XV,731210,"Iron or steel; stranded wire, ropes and cables, not electrically insulated",7312,6
XV,731290,"Iron or steel; plaited bands, slings and the like, not electrically insulated",7312,6
XV,7313,"Barbed wire of iron or steel; twisted hoop or single flat wire, barbed or not and loosely twisted double wire, of a kind used for fencing, of iron or steel",73,4
XV,731300,"Iron of steel; barbed wire, twisted hoop or single flat wire and loosely twisted double wire, used for fencing",7313,6
XV,7314,"Cloth (including endless bands), grill, netting and fencing, of iron or steel wire; expanded metal of iron or steel",73,4
XV,731412,"Iron or steel; woven cloth, endless bands for machinery, of stainless steel",7314,6
XV,731414,"Iron or steel; woven cloth, of stainless steel, (other than endless bands for machinery)",7314,6
XV,731419,"Iron or steel; woven cloth, other than of stainless steel",7314,6
XV,731420,"Iron or steel wire; grill, netting and fencing, welded at intersections, of wire with a maximum cross-sectional dimension of 3mm or more and mesh size 100cm2 or more",7314,6
XV,731431,"Iron or steel wire; grill, netting and fencing, welded at the intersection, n.e.c. in item no. 7314.20, plated or coated with zinc",7314,6
XV,731439,"Iron or steel wire; grill, netting and fencing, welded at the intersection, n.e.c. in item no. 7314.20, (other than plated or coated with zinc)",7314,6
XV,731441,"Iron or steel wire; grill, netting and fencing, plated or coated with zinc",7314,6
XV,731442,"Iron or steel wire; grill, netting and fencing, coated with plastic",7314,6
XV,731449,"Iron or steel wire; grill, netting and fencing, coated with materials other than zinc or plastic",7314,6
XV,731450,Iron or steel; expanded metal,7314,6
XV,7315,"Chain and parts thereof, of iron or steel",73,4
XV,731511,"Chain; articulated link, roller, of iron or steel",7315,6
XV,731512,"Chain; articulated link, (other than roller), of iron or steel",7315,6
XV,731519,"Chain; articulated link parts, of iron or steel",7315,6
XV,731520,"Chain; skid, articulated link chain and parts thereof, of iron or steel",7315,6
XV,731581,"Chain; stud-link chain, of iron or steel",7315,6
XV,731582,"Chain; welded link chain, of iron or steel",7315,6
XV,731589,"Chain; n.e.c. in heading no. 7315, of iron or steel",7315,6
XV,731590,"Chain; parts n.e.c. in heading no. 7315, of iron or steel",7315,6
XV,7316,"Anchors, grapnels and parts thereof, of iron or steel",73,4
XV,731600,"Iron or steel; anchors, grapnels and parts thereof",7316,6
XV,7317,"Nails, tacks, drawing pins, corrugated nails, staples (not those of heading no. 8305) and the like, of iron or steel, with heads of other material or not, but excluding articles with heads of copper",73,4
XV,731700,"Iron or steel; nails, tacks, drawing pins, corrugated nails, staples (not those of heading no. 8305) and the like, with heads of other material or not, but excluding articles with heads of copper",7317,6
XV,7318,"Screws, bolts, nuts, coach screws, screw hooks, rivets, cotters, cotter-pins, washers (including spring washers) and similar articles, of iron or steel",73,4
XV,731811,Iron or steel; threaded coach screws,7318,6
XV,731812,Iron or steel; threaded wood screws other than coach screws,7318,6
XV,731813,Iron or steel; threaded screw hooks and screw rings,7318,6
XV,731814,Iron or steel; threaded self-tapping screws,7318,6
XV,731815,"Iron or steel; threaded screws and bolts n.e.c. in item no. 7318.1, whether or not with their nuts or washers",7318,6
XV,731816,Iron or steel; threaded nuts,7318,6
XV,731819,"Iron or steel; threaded screws, bolts and nuts n.e.c. in item no. 7318.1",7318,6
XV,731821,Iron or steel; non-threaded spring washers and other lock washers,7318,6
XV,731822,"Iron or steel; non-threaded washers, excluding spring and lock",7318,6
XV,731823,Iron or steel; non-threaded rivets,7318,6
XV,731824,Iron or steel; non-threaded cotters and cotter-pins,7318,6
XV,731829,"Iron or steel; non-threaded articles, n.e.c. in item no. 7318.2",7318,6
XV,7319,"Sewing and knitting needles, bodkins, crochet hooks, embroidery stilettos and similar articles, for use in the hand, of iron or steel; safety pins and other pins of iron or steel, not elsewhere specified or included",73,4
XV,731940,Safety pins and other pins; of iron or steel,7319,6
XV,731990,"Sewing and knitting needles, bodkins, crochet hooks, embroidery stilettos and similar articles, for use in the hand, not elsewhere specified or included, of iron or steel",7319,6
XV,7320,"Springs and leaves for springs, of iron or steel",73,4
XV,732010,Iron or steel; leaf-springs and leaves therefor,7320,6
XV,732020,Iron or steel; helical springs and leaves for springs,7320,6
XV,732090,Iron or steel; springs n.e.c. in heading no. 7320,7320,6
XV,7321,"Stoves, ranges, grates, cookers (those with subsidiary boilers for central heating), barbecues, braziers, gas-rings, plate warmers and similar non-electric domestic appliances and parts, of iron or steel",73,4
XV,732111,"Cooking appliances and plate warmers; for gas fuel or for both gas and other fuels, of iron or steel",7321,6
XV,732112,"Cooking appliances and plate warmers; for liquid fuel, of iron or steel",7321,6
XV,732119,"Cooking appliances and plate warmers; for solid fuel and fuels other than gas or liquid, of iron or steel",7321,6
XV,732181,"Domestic appliances; non-electric, (other than cookers and plate warmers), for gas fuel or for both gas and other fuels, of iron or steel",7321,6
XV,732182,"Domestic appliances; non-electric, (other than cookers and plate warmers), for liquid fuel, of iron or steel",7321,6
XV,732189,"Domestic appliances; non-electric, (other than cookers and plate warmers), for solid fuel and fuels other than gas or liquid, of iron or steel",7321,6
XV,732190,"Domestic appliances; non-electric, parts thereof, of iron or steel",7321,6
XV,7322,"Radiators for central heating, not electrically heated and parts thereof, of iron or steel; air heaters, hot air distributors not electrically heated, with motor fan or blower",73,4
XV,732211,"Radiators and parts thereof; for central heating, (not electrically heated), of cast iron",7322,6
XV,732219,"Radiators and parts thereof; for central heating, (not electrically heated), of iron or steel other than cast iron",7322,6
XV,732290,"Air heaters and hot air distributors, (not electrically heated), incorporating a motor-driven fan or blower and parts thereof, of iron or steel",7322,6
XV,7323,"Table, kitchen, other household articles and parts, of iron or steel; iron or steel wool; pot scourers and scouring or polishing pads, gloves and the like, of iron or steel",73,4
XV,732310,"Iron or steel; wool, pot scourers and scouring or polishing pads, gloves and the like",7323,6
XV,732391,"Cast iron; table, kitchen and other household articles and parts thereof, of cast iron, not enamelled",7323,6
XV,732392,"Cast iron; table, kitchen and other household articles and parts thereof, of cast iron, enamelled",7323,6
XV,732393,"Steel, stainless; table, kitchen and other household articles and parts thereof",7323,6
XV,732394,"Iron (excluding cast) or steel; table, kitchen and other household articles and parts thereof, enamelled",7323,6
XV,732399,"Iron or steel; table, kitchen and other household articles and parts thereof, of iron or steel n.e.c. in heading no. 7323",7323,6
XV,7324,"Sanitary ware and parts thereof, of iron or steel",73,4
XV,732410,"Steel; sinks and wash basins, of stainless steel",7324,6
XV,732421,"Cast iron, baths, whether or not enamelled",7324,6
XV,732429,Iron (other than cast) or steel; baths,7324,6
XV,732490,"Iron or steel; sanitary ware and parts thereof, excluding sinks, wash basins and baths",7324,6
XV,7325,Iron or steel; cast articles,73,4
XV,732510,Iron; articles of non-malleable cast iron,7325,6
XV,732591,"Iron; grinding balls and similar articles for mills, other than of non-malleable cast iron",7325,6
XV,732599,"Iron or steel; cast articles, excluding grinding balls and similar articles for mills, other than of non-malleable cast iron",7325,6
XV,7326,"Iron or steel; articles, n.e.c. in chapter 73",73,4
XV,732611,"Iron or steel; grinding balls and similar articles for mills, forged or stamped, but not further worked",7326,6
XV,732619,"Iron or steel; articles n.e.c. in item no. 7326.11, forged or stamped, but not further worked",7326,6
XV,732620,Iron or steel; wire articles,7326,6
XV,732690,Iron or steel; articles n.e.c. in heading 7326,7326,6
XV,74,Copper and articles thereof,TOTAL,2
XV,7401,Copper mattes; cement copper (precipitated copper),74,4
XV,740100,Copper mattes; cement copper (precipitated copper),7401,6
XV,7402,"Copper; unrefined, copper anodes for electrolytic refining",74,4
XV,740200,"Copper; unrefined, copper anodes for electrolytic refining",7402,6
XV,7403,"Copper; refined and copper alloys, unwrought",74,4
XV,740311,"Copper; refined, unwrought, cathodes and sections of cathodes",7403,6
XV,740312,"Copper; refined, unwrought, wire-bars",7403,6
XV,740313,"Copper; refined, unwrought, billets",7403,6
XV,740319,"Copper; refined, unwrought, n.e.c. in item no. 7403.1",7403,6
XV,740321,Copper; copper-zinc base alloys (brass) unwrought,7403,6
XV,740322,Copper; copper-tin base alloys (bronze) unwrought,7403,6
XV,740329,Copper; copper alloys n.e.c. in heading no. 7403 (other than master alloys of heading no. 7405),7403,6
XV,7404,Copper; waste and scrap,74,4
XV,740400,Copper; waste and scrap,7404,6
XV,7405,Copper; master alloys,74,4
XV,740500,Copper; master alloys of copper,7405,6
XV,7406,Copper; powders and flakes,74,4
XV,740610,Copper; powders of non-lamellar structure,7406,6
XV,740620,"Copper; powders of lamellar structure, flakes",7406,6
XV,7407,"Copper; bars, rods and profiles",74,4
XV,740710,"Copper; bars, rods and profiles, of refined copper",7407,6
XV,740721,"Copper; bars, rods and profiles, of copper-zinc base alloys (brass)",7407,6
XV,740729,"Copper; bars, rods and profiles, of copper alloys (other than copper-zinc base alloys)",7407,6
XV,7408,Copper wire,74,4
XV,740811,"Copper; wire, of refined copper, of which the maximum cross-sectional dimension exceeds 6mm",7408,6
XV,740819,"Copper; wire, of refined copper, of which the maximum cross-sectional dimension is 6mm or less",7408,6
XV,740821,"Copper; wire, of copper-zinc base alloys (brass)",7408,6
XV,740822,"Copper; wire, of copper-nickel base alloys (cupro-nickel) or copper-nickel-zinc base alloys (nickel silver)",7408,6
XV,740829,"Copper; wire, of copper alloys (other than copper-zinc base alloys, copper-nickel base alloys or copper-nickel-zinc base alloys)",7408,6
XV,7409,"Copper plates, sheets and strip; of a thickness exceeding 0.15mm",74,4
XV,740911,"Copper; strip, of a thickness exceeding 0.15mm, of refined copper, in coils",7409,6
XV,740919,"Copper; plates and sheets, of a thickness exceeding 0.15mm, of refined copper, not in coils",7409,6
XV,740921,"Copper; strip, of a thickness exceeding 0.15mm, of copper-zinc base alloys (brass), in coils",7409,6
XV,740929,"Copper; plates and sheets, of a thickness exceeding 0.15mm, of copper-zinc base alloys (brass), not in coils",7409,6
XV,740931,"Copper; strip, of a thickness exceeding 0.15mm, of copper-tin base alloys (bronze), in coils",7409,6
XV,740939,"Copper; plates and sheets, of a thickness exceeding 0.15mm, of copper-tin base alloys, not in coils",7409,6
XV,740940,"Copper; plates, sheets and strip, of a thickness exceeding 0.15mm, of copper-nickel base alloys (cupro-nickel) or copper-nickel-zinc base alloys (nickel silver)",7409,6
XV,740990,"Copper; plates, sheets and strip, of a thickness exceeding 0.15mm, of copper alloys (other than copper-zinc base alloys, copper-tin base alloys, copper-nickel base alloys or copper-nickel-zinc base alloys)",7409,6
XV,7410,"Copper foil (whether or not printed or backed with paper, paperboard, plastics or similar backing materials) of a thickness (excluding any backing) not exceeding 0.15mm",74,4
XV,741011,"Copper; foil, not backed, of a thickness not exceeding 0.15mm, of refined copper",7410,6
XV,741012,"Copper; foil, not backed, of a thickness not exceeding 0.15mm, of copper alloys",7410,6
XV,741021,"Copper; foil, backed with paper, paperboard, plastics or similar backing material, of a thickness (excluding any backing) not exceeding 0.15mm, of refined copper",7410,6
XV,741022,"Copper; foil, backed with paper, paperboard, plastics or similar backing material, of a thickness (excluding any backing) not exceeding 0.15mm, of copper alloys",7410,6
XV,7411,Copper tubes and pipes,74,4
XV,741110,"Copper; tubes and pipes, of refined copper",7411,6
XV,741121,"Copper; tubes and pipes, of copper-zinc base alloys (brass)",7411,6
XV,741122,"Copper; tubes and pipes, of copper-nickel base alloys (cupro-nickel) or copper-nickel-zinc base alloys (nickel silver)",7411,6
XV,741129,"Copper; tubes and pipes, of copper alloys (other than copper-zinc, copper-nickel base alloys (cupro-nickel) or copper-nickel-zinc base alloys (nickel-silver))",7411,6
XV,7412,"Copper; tube or pipe fittings (e.g. couplings, elbows, sleeves)",74,4
XV,741210,"Copper; tube or pipe fittings (e.g. couplings, elbows, sleeves) of refined copper",7412,6
XV,741220,"Copper; tube or pipe fittings (e.g. couplings, elbows, sleeves) of copper alloys",7412,6
XV,7413,"Copper; stranded wire, cables, plaited bands and the like, not electrically insulated",74,4
XV,741300,"Copper; stranded wire, cables, plaited bands and the like, not electrically insulated",7413,6
XV,7415,"Copper, nails, tacks, drawing pins, staples (not those of heading no. 8305) and the like, of copper or iron or steel with heads of copper; screws bolts, nuts, screws hooks, rivets, cotters, washers",74,4
XV,741510,"Copper; nails and tacks, drawing pins, staples and similar articles of copper, or of iron or steel with copper heads",7415,6
XV,741521,"Copper; washers, (including spring washers), not threaded",7415,6
XV,741529,"Copper; rivets, cotters, cotter-pins and similar articles, not threaded",7415,6
XV,741533,"Copper; screws, bolts and nuts, threaded",7415,6
XV,741539,Copper; articles n.e.c. in heading no. 7415,7415,6
XV,7418,"Copper; table, kitchen or other household articles and parts thereof; pot scourers, scouring, polishing pads, gloves and the like; sanitary ware and parts thereof",74,4
XV,741810,"Copper; table, kitchen or other household articles and parts thereof; pot scourers and scouring or polishing pads, gloves and the like",7418,6
XV,741820,Copper; sanitary ware and parts thereof,7418,6
XV,7419,Copper; articles thereof n.e.c. in chapter 74,74,4
XV,741920,"Copper; cast, moulded, stamped or forged, but not further worked",7419,6
XV,741980,Copper; articles thereof n.e.c. in chapter 74,7419,6
XV,75,Nickel and articles thereof,TOTAL,2
XV,7501,Nickel mattes; nickel oxide sinters and other intermediate products of nickel metallurgy,75,4
XV,750110,Nickel; nickel mattes,7501,6
XV,750120,Nickel; oxide sinters and other intermediate products of nickel metallurgy,7501,6
XV,7502,Nickel; unwrought,75,4
XV,750210,"Nickel; unwrought, not alloyed",7502,6
XV,750220,"Nickel; unwrought, alloys",7502,6
XV,7503,Nickel; waste and scrap,75,4
XV,750300,Nickel; waste and scrap,7503,6
XV,7504,Nickel; powders and flakes,75,4
XV,750400,Nickel; powders and flakes,7504,6
XV,7505,"Nickel; bars, rods, profiles and wire",75,4
XV,750511,"Nickel; bars, rods and profiles, not alloyed",7505,6
XV,750512,"Nickel; bars, rods and profiles, of nickel alloys",7505,6
XV,750521,"Nickel; wire, not alloyed",7505,6
XV,750522,"Nickel; wire, of nickel alloys",7505,6
XV,7506,"Nickel; plates, sheets, strip and foil",75,4
XV,750610,"Nickel; plates, sheets, strip and foil, not alloyed",7506,6
XV,750620,"Nickel; plates, sheets, strip and foil, of nickel alloys",7506,6
XV,7507,"Nickel; tubes, pipes and tube or pipe fittings (e.g. couplings, elbows, sleeves)",75,4
XV,750711,"Nickel; tubes and pipes, not alloyed",7507,6
XV,750712,"Nickel; tubes and pipes, of nickel alloys",7507,6
XV,750720,Nickel; tube and pipe fittings,7507,6
XV,7508,Nickel; articles thereof n.e.c. in chapter 75,75,4
XV,750810,"Nickel; cloth, grill and netting, of nickel wire",7508,6
XV,750890,Nickel; articles thereof n.e.c. in item no. 7508.1,7508,6
XV,76,Aluminium and articles thereof,TOTAL,2
XV,7601,Aluminium; unwrought,76,4
XV,760110,"Aluminium; unwrought, (not alloyed)",7601,6
XV,760120,"Aluminium; unwrought, alloys",7601,6
XV,7602,Aluminium; waste and scrap,76,4
XV,760200,Aluminium; waste and scrap,7602,6
XV,7603,Aluminium; powders and flakes,76,4
XV,760310,Aluminium; powders of non-lamellar structure,7603,6
XV,760320,"Aluminium; powders of lamellar structure, flakes",7603,6
XV,7604,"Aluminium; bars, rods and profiles",76,4
XV,760410,"Aluminium; (not alloyed), bars, rods and profiles",7604,6
XV,760421,"Aluminium; alloys, hollow profiles",7604,6
XV,760429,"Aluminium; alloys, bars, rods and profiles, other than hollow",7604,6
XV,7605,Aluminium wire,76,4
XV,760511,"Aluminium; (not alloyed), wire, maximum cross-sectional dimension exceeds 7mm",7605,6
XV,760519,"Aluminium; (not alloyed), wire, maximum cross-sectional dimension is 7mm or less",7605,6
XV,760521,"Aluminium; alloys, wire, maximum cross-sectional dimension exceeding 7mm",7605,6
XV,760529,"Aluminium; alloys, wire, maximum cross-sectional dimension is 7mm or less",7605,6
XV,7606,"Aluminium; plates, sheets and strip, thickness exceeding 0.2mm",76,4
XV,760611,"Aluminium; plates, sheets and strip, thickness exceeding 0.2mm, (not alloyed), rectangular (including square)",7606,6
XV,760612,"Aluminium; plates, sheets and strip, thickness exceeding 0.2mm, alloys, rectangular (including square)",7606,6
XV,760691,"Aluminium; plates, sheets and strip, thickness exceeding 0.2mm, not alloyed, (not rectangular or square)",7606,6
XV,760692,"Aluminium; plates, sheets and strip, thickness exceeding 0.2mm, alloys, (not rectangular or square)",7606,6
XV,7607,"Aluminium foil (whether or not printed or backed with paper, paperboard, plastics or similar backing materials) of a thickness (excluding any backing) not exceeding 0.2mm",76,4
XV,760711,"Aluminium; foil, (not backed), rolled (but not further worked), of a thickness not exceeding 0.2mm",7607,6
XV,760719,"Aluminium; foil, (not backed), of a thickness not exceeding 0.2mm, not rolled",7607,6
XV,760720,"Aluminium; foil, backed with paper, paperboard, plastics or similar backing materials, of a thickness (excluding any backing) not exceeding 0.2mm",7607,6
XV,7608,Aluminium; tubes and pipes,76,4
XV,760810,"Aluminium; tubes and pipes, not alloyed",7608,6
XV,760820,"Aluminium; tubes and pipes, alloys",7608,6
XV,7609,"Aluminium; tube or pipe fittings (e.g. couplings, elbows, sleeves)",76,4
XV,760900,"Aluminium; tube or pipe fittings (e.g. couplings, elbows, sleeves)",7609,6
XV,7610,"Aluminium; structures (excluding prefabricated buildings of heading no. 9406) and parts (e.g. bridges and sections, towers, lattice masts, etc) plates, rods, profiles and tubes for structures",76,4
XV,761010,"Aluminium; structures (excluding prefabricated buildings of heading no. 9406) and parts of structures, doors, windows and their frames and thresholds for doors",7610,6
XV,761090,"Aluminium; structures (excluding prefabricated buildings of heading no. 9406) and parts of structures, n.e.c. in heading no. 7610, plates, rods, profiles, tubes and the like",7610,6
XV,7611,"Aluminium; reservoirs, tanks, vats and the like for material (not compressed or liquefied gas) of capacity over 300l, whether or not lined, heat-insulated, not fitted with mechanical, thermal equipment",76,4
XV,761100,"Aluminium; reservoirs, tanks, vats and similar containers, for material (not compressed or liquefied gas), of a capacity over 300l, whether or not lined, not fitted with mechanical/thermal equipment",7611,6
XV,7612,"Aluminium casks, drums, cans, boxes etc (including rigid, collapsible tubular containers), for materials other than compressed, liquefied gas, 300l capacity or less, lined, heat-insulated or not",76,4
XV,761210,"Aluminium; collapsible tubular containers, for any material, (not compressed or liquefied gas), 300l capacity or less, whether or not lined, not fitted with mechanical/thermal equipment",7612,6
XV,761290,"Aluminium; casks, drums, cans, boxes and the like for any material (not compressed or liquefied gas), 300l capacity or less, whether or not lined or heat-insulated, no mechanical or thermal equipment",7612,6
XV,7613,Aluminium; containers for compressed or liquefied gas,76,4
XV,761300,Aluminium; containers for compressed or liquefied gas,7613,6
XV,7614,"Aluminium; stranded wire, cables, plaited bands and the like, (not electrically insulated)",76,4
XV,761410,"Aluminium; stranded wire, cables, plaited bands and the like, (not electrically insulated), with steel core",7614,6
XV,761490,"Aluminium; stranded wire, cables, plaited bands and the like, (not electrically insulated), other than steel core",7614,6
XV,7615,"Aluminium; table, kitchen or other household articles and parts thereof, pot scourers and scouring or polishing pads, gloves and the like, sanitary ware and parts thereof",76,4
XV,761510,"Aluminium; table, kitchen or other household articles and parts thereof; pot scourers and scouring or polishing pads, gloves and the like",7615,6
XV,761520,Aluminium; sanitary ware and parts thereof,7615,6
XV,7616,Aluminium; articles n.e.c. in chapter 76,76,4
XV,761610,"Aluminium; nails, tacks, staples (other than those of heading no. 8305), screws, bolts, nuts, screw hooks, rivets, cotters, cotter-pins, washers and similar articles",7616,6
XV,761691,"Aluminium; cloth, grill, netting and fencing, of aluminium wire",7616,6
XV,761699,Aluminium; articles n.e.c. in heading 7616,7616,6
XV,78,Lead and articles thereof,TOTAL,2
XV,7801,Lead; unwrought,78,4
XV,780110,"Lead; unwrought, refined",7801,6
XV,780191,"Lead; unwrought, unrefined, containing by weight antimony as the principal other element",7801,6
XV,780199,"Lead; unwrought, unrefined, not containing by weight antimony as the principal other element",7801,6
XV,7802,Lead; waste and scrap,78,4
XV,780200,Lead; waste and scrap,7802,6
XV,7804,"Lead; plates, sheets, strip and foil, lead powders and flakes",78,4
XV,780411,"Lead; sheets, strip and foil, of a thickness (excluding any backing) not exceeding 0.2mm",7804,6
XV,780419,"Lead; plates, sheets, strip and foil, of a thickness (excluding any backing) exceeding 0.2mm",7804,6
XV,780420,Lead; powders and flakes,7804,6
XV,7806,Lead; articles n.e.c. in chapter 78,78,4
XV,780600,Lead; articles n.e.c. in chapter 78,7806,6
XV,79,Zinc and articles thereof,TOTAL,2
XV,7901,Zinc; unwrought,79,4
XV,790111,"Zinc; unwrought, (not alloyed), containing by weight 99.99% or more of zinc",7901,6
XV,790112,"Zinc; unwrought, (not alloyed), containing by weight less than 99.99% of zinc",7901,6
XV,790120,"Zinc; unwrought, alloys",7901,6
XV,7902,Zinc; waste and scrap,79,4
XV,790200,Zinc; waste and scrap,7902,6
XV,7903,"Zinc; dust, powders and flakes",79,4
XV,790310,Zinc dust,7903,6
XV,790390,Zinc; powders and flakes,7903,6
XV,7904,"Zinc; bars, rods, profiles and wire",79,4
XV,790400,"Zinc; bars, rods, profiles and wire",7904,6
XV,7905,"Zinc; plates, sheets, strip and foil",79,4
XV,790500,"Zinc; plates, sheets, strip and foil",7905,6
XV,7907,Zinc; articles n.e.c. in chapter 79,79,4
XV,790700,Zinc; articles n.e.c. in chapter 79,7907,6
XV,80,Tin; articles thereof,TOTAL,2
XV,8001,Tin; unwrought,80,4
XV,800110,"Tin; unwrought, not alloyed",8001,6
XV,800120,"Tin; unwrought, alloys",8001,6
XV,8002,Tin; waste and scrap,80,4
XV,800200,Tin; waste and scrap,8002,6
XV,8003,"Tin; bars, rods, profiles and wire",80,4
XV,800300,"Tin; bars, rods, profiles and wire",8003,6
XV,8007,Tin; articles n.e.c. in chapter 80,80,4
XV,800700,Tin; articles n.e.c. in chapter 80,8007,6
XV,81,"Metals; n.e.c., cermets and articles thereof",TOTAL,2
XV,8101,"Tungsten (wolfram); articles thereof, including waste and scrap",81,4
XV,810110,"Tungsten (wolfram); articles thereof, including waste and scrap, powders",8101,6
XV,810194,"Tungsten (wolfram); unwrought, including bars and rods obtained simply by sintering",8101,6
XV,810196,Tungsten (wolfram); wire,8101,6
XV,810197,Tungsten (wolfram); waste and scrap,8101,6
XV,810199,Tungsten (wolfram); articles n.e.c. in heading no. 8101,8101,6
XV,8102,"Molybdenum; articles thereof, including waste and scrap",81,4
XV,810210,"Molybdenum; articles thereof, including waste and scrap, powders",8102,6
XV,810294,"Molybdenum; unwrought, including bars and rods obtained simply by sintering",8102,6
XV,810295,"Molybdenum; bars and rods, other than those obtained simply by sintering, profiles, plates, sheets, strip and foil",8102,6
XV,810296,Molybdenum; wire,8102,6
XV,810297,Molybdenum; waste and scrap,8102,6
XV,810299,Molybdenum; articles n.e.c. in heading no. 8102,8102,6
XV,8103,"Tantalum; articles thereof, including waste and scrap",81,4
XV,810320,"Tantalum; unwrought, including bars and rods obtained simply by sintering, powders",8103,6
XV,810330,Tantalum; waste and scrap,8103,6
XV,810391,Tantalum; crucibles,8103,6
XV,810399,Tantalum; articles n.e.c. in heading no. 8103,8103,6
XV,8104,"Magnesium; articles thereof, including waste and scrap",81,4
XV,810411,"Magnesium; unwrought, containing at least 99.8% by weight of magnesium",8104,6
XV,810419,"Magnesium; unwrought, containing less than 99.8% by weight of magnesium",8104,6
XV,810420,Magnesium; waste and scrap,8104,6
XV,810430,"Magnesium; raspings, turnings and granules, graded according to size, powders",8104,6
XV,810490,Magnesium; articles n.e.c. in heading no. 8104,8104,6
XV,8105,"Cobalt; mattes and other intermediate products of cobalt metallurgy, cobalt and articles thereof, including waste and scrap",81,4
XV,810520,"Cobalt; mattes and other intermediate products of cobalt metallurgy, unwrought cobalt, powders",8105,6
XV,810530,Cobalt; waste and scrap,8105,6
XV,810590,Cobalt; articles n.e.c. in heading no. 8105,8105,6
XV,8106,"Bismuth; articles thereof, including waste and scrap",81,4
XV,810610,"Bismuth; articles thereof, including waste and scrap, containing more than 99.99% of bismuth, by weight",8106,6
XV,810690,"Bismuth; including articles n.e.c. in heading 8106, including waste and scrap, containing less than or equal to 99.99% of bismuth, by weight",8106,6
XV,8108,"Titanium; articles thereof, including waste and scrap",81,4
XV,810820,"Titanium; unwrought, powders",8108,6
XV,810830,Titanium; waste and scrap,8108,6
XV,810890,"Titanium; other than unwrought, n.e.c. in heading no. 8108",8108,6
XV,8109,"Zirconium; articles thereof, including waste and scrap",81,4
XV,810921,"Zirconium; unwrought, powders, containing less than 1 part hafnium to 500 parts zirconium by weight",8109,6
XV,810929,"Zirconium; unwrought, powders, containing not less than 1 part hafnium to 500 parts zirconium by weight",8109,6
XV,810931,"Zirconium; waste and scrap, containing less than 1 part hafnium to 500 parts zirconium by weight",8109,6
XV,810939,"Zirconium; waste and scrap, containing not less than 1 part hafnium to 500 parts zirconium by weight",8109,6
XV,810991,"Zirconium; other than unwrought, n.e.c. in heading no. 8109, containing less than 1 part hafnium to 500 parts zirconium by weight",8109,6
XV,810999,"Zirconium; other than unwrought, n.e.c. in heading no. 8109, containing not less than 1 part hafnium to 500 parts zirconium by weight",8109,6
XV,8110,"Antimony; articles thereof, including waste and scrap",81,4
XV,811010,"Antimony and articles thereof; unwrought antimony, powders",8110,6
XV,811020,Antimony; waste and scrap,8110,6
XV,811090,"Antimony and articles thereof; wrought, other than waste and scrap",8110,6
XV,8111,"Manganese; articles thereof, including waste and scrap",81,4
XV,811100,"Manganese; articles thereof, including waste and scrap",8111,6
XV,8112,"Beryllium, chromium, hafnium, rhenium, thallium, cadmium, germanium, vanadium, gallium, indium and niobium (columbium), articles of these metals, including waste and scrap",81,4
XV,811212,"Beryllium and articles thereof; unwrought beryllium, powders",8112,6
XV,811213,Beryllium; waste and scrap,8112,6
XV,811219,Beryllium and articles thereof; wrought other than waste and scrap,8112,6
XV,811221,"Chromium and articles thereof; unwrought chromium, powders",8112,6
XV,811222,Chromium; waste and scrap,8112,6
XV,811229,Chromium and articles thereof; wrought other than waste and scrap,8112,6
XV,811231,"Hafnium and articles thereof; unwrought, powders, waste and scrap",8112,6
XV,811239,"Hafnium and articles thereof; wrought, other than powders, waste and scrap",8112,6
XV,811241,"Rhenium and articles thereof; unwrought, powders, waste and scrap",8112,6
XV,811249,"Rhenium and articles thereof; wrought, other than powders, waste and scrap",8112,6
XV,811251,"Thallium and articles thereof; unwrought thallium, powders",8112,6
XV,811252,Thallium; waste and scrap,8112,6
XV,811259,"Thallium and articles thereof; other than unwrought thallium, powders or waste and scrap",8112,6
XV,811261,Cadmium; waste and scrap,8112,6
XV,811269,Cadmium; other than waste and scrap,8112,6
XV,811292,"Gallium, germanium, indium, niobium (columbium) and vanadium; articles thereof, unwrought, including waste and scrap, powders",8112,6
XV,811299,"Gallium, germanium, indium, niobium (columbium) and vanadium; articles thereof, other than unwrought including waste and scrap and powders",8112,6
XV,8113,"Cermets; articles thereof, including waste and scrap",81,4
XV,811300,"Cermets; articles thereof, including waste and scrap",8113,6
XV,82,"Tools, implements, cutlery, spoons and forks, of base metal; parts thereof, of base metal",TOTAL,2
XV,8201,"Tools, hand; spades, shovels, mattocks, picks, hoes, forks, rakes; axes, bill hooks etc; secateurs and pruners of any kind; scythes, sickles, hay knives, hedge shears, timber wedges and other tools used in agriculture, horticulture, forestry",82,4
XV,820110,"Tools, hand; spades and shovels",8201,6
XV,820130,"Tools, hand; mattocks, picks, hoes and rakes",8201,6
XV,820140,"Tools, hand; axes, bill hooks and similar hewing tools, of a kind used in agriculture, horticulture or forestry",8201,6
XV,820150,"Tools, hand; one-handed secateurs (including poultry shears)",8201,6
XV,820160,"Tools, hand; hedge shears, two-handed pruning shears and similar two-handed shears",8201,6
XV,820190,"Tools, hand; forks, scythes, sickles, hay knives, timber wedges, and other hand tools of a kind used in agriculture, horticulture or forestry n.e.c. in heading 8201",8201,6
XV,8202,"Tools, hand; saws and blades for saws of all kinds (including slitting, slotting or toothless saw blades)",82,4
XV,820210,"Tools, hand; hand saws",8202,6
XV,820220,"Tools, hand; band saw blades",8202,6
XV,820231,"Tools, hand; circular saw blades (including slitting or slotting saw blades), with working part of steel",8202,6
XV,820239,"Tools, hand; circular saw blades (including slitting or slotting saw blades), with working part of materials (other than steel)",8202,6
XV,820240,"Tools, hand; chain saw blades",8202,6
XV,820291,"Tools, hand; straight saw blades, for working metal",8202,6
XV,820299,"Tools, hand; saw blades n.e.c. in heading no. 8202",8202,6
XV,8203,"Tools, hand; files, rasps, pliers (including cutting pliers), pincers, tweezers, metal cutting shears, pipe cutters, bolt croppers, perforating punches and similar",82,4
XV,820310,"Tools, hand; files, rasps and similar tools",8203,6
XV,820320,"Tools, hand; pliers (including cutting pliers), pincers, tweezers and similar tools",8203,6
XV,820330,"Tools, hand; metal cutting shears and similar tools",8203,6
XV,820340,"Tools, hand; pipe-cutters, bolt croppers, perforating punches and similar tools",8203,6
XV,8204,"Tools, hand; hand-operated spanners and wrenches (including torque meter wrenches but not including tap wrenches), interchangeable spanner sockets, with or without handles",82,4
XV,820411,"Tools, hand; hand-operated spanners and wrenches (including torque meter wrenches but not including tap wrenches), non-adjustable",8204,6
XV,820412,"Tools, hand; hand-operated spanners and wrenches (including torque meter wrenches but not including tap wrenches), adjustable",8204,6
XV,820420,"Tools, hand; interchangeable spanner sockets, with or without handles",8204,6
XV,8205,"Tools, hand; (including glaziers' diamonds) n.e.c.; blow lamps; vices, clamps etc, other than accessories for and parts of, machine-tools or water-jet cutting machines; anvils; portable forges; hand or pedal operated grinding wheels with frameworks",82,4
XV,820510,"Tools, hand; drilling, threading or tapping tools",8205,6
XV,820520,"Tools, hand; hammers and sledge hammers",8205,6
XV,820530,"Tools, hand; planes, chisels, gauges and similar cutting tools for working wood",8205,6
XV,820540,"Tools, hand; screwdrivers",8205,6
XV,820551,"Tools, hand; household tools",8205,6
XV,820559,"Tools, hand; other hand tools (including glaziers diamonds), excluding household tools, drilling, threading or tapping tools, hammers and sledge hammers, planes, chisels, gouges and similar cutting tools for working wood, and screwdrivers",8205,6
XV,820560,"Tools, hand; blow lamps",8205,6
XV,820570,"Tools, hand; vices, clamps and the like",8205,6
XV,820590,"Tools, hand; n.e.c. in heading 8205, including anvils, portable forges, hand or pedal-operated grinding wheels with frameworks, and sets of articles of two or more of the subheadings in heading 8205",8205,6
XV,8206,"Tools, hand; two or more of heading no. 8202 to 8205, put up in sets for retail sale",82,4
XV,820600,"Tools, hand; two or more of heading no. 8202 to 8205, put up in sets for retail sale",8206,6
XV,8207,"Tools, interchangeable; for hand tools, whether or not power-operated, or for machine tools (pressing, stamping, punching, drilling etc), including dies for drawing or extruding metal, and rock drilling or earth boring tools",82,4
XV,820713,"Tools, interchangeable; rock drilling or earth boring tools, with working part of cermets, whether or not power operated",8207,6
XV,820719,"Tools, interchangeable; rock drilling or earth boring tools, with working part (other than of cermets), whether or not power operated, including parts",8207,6
XV,820720,"Tools, interchangeable; (for machine or hand tools, whether or not power-operated), dies for drawing or extruding metal",8207,6
XV,820730,"Tools, interchangeable; (for machine or hand tools, whether or not power-operated), tools for pressing, stamping or punching",8207,6
XV,820740,"Tools, interchangeable; (for machine or hand tools, whether or not power-operated), tools for tapping or threading",8207,6
XV,820750,"Tools, interchangeable; (for machine or hand tools, whether or not power-operated), tools for drilling (other than rock)",8207,6
XV,820760,"Tools, interchangeable; (for machine or hand tools, whether or not power-operated), for boring or broaching",8207,6
XV,820770,"Tools, interchangeable; (for machine or hand tools, whether or not power-operated), for milling",8207,6
XV,820780,"Tools, interchangeable; (for machine or hand tools, whether or not power-operated), for turning",8207,6
XV,820790,"Tools, interchangeable; (for machine or hand tools, whether or not power-operated), for screw-driving or uses n.e.c. in heading no. 8207",8207,6
XV,8208,"Knives and cutting blades, for machines or for mechanical appliances",82,4
XV,820810,"Tools; knives and cutting blades, for machines or for mechanical appliances, for metal working",8208,6
XV,820820,"Tools; knives and cutting blades, for wood working machines or mechanical appliances",8208,6
XV,820830,"Tools; knives and cutting blades, for kitchen appliances or for machines used by the food industry",8208,6
XV,820840,"Tools; knives and cutting blades, for agricultural, horticultural or forestry machines or mechanical appliances",8208,6
XV,820890,"Tools; knives and cutting blades, for machines or mechanical appliances, n.e.c. in heading no. 8208",8208,6
XV,8209,"Tools; plates, sticks, tips and the like for tools, unmounted, of sintered metal carbides or cermets",82,4
XV,820900,"Tools; plates, sticks, tips and the like for tools, unmounted, of sintered metal carbides or cermets",8209,6
XV,8210,"Tools; hand-operated mechanical appliances, weighing 10kg or less, used in the preparation, conditioning or serving of food or drink",82,4
XV,821000,"Tools; hand-operated mechanical appliances, weighing 10kg or less, used in the preparation, conditioning or serving of food or drink",8210,6
XV,8211,"Knives; with cutting blades, serrated or not (including pruning knives), other than knives of heading no. 8208, and blades therefore",82,4
XV,821110,"Knives; with cutting blades, serrated or not (including pruning knives), sets of assorted articles, excluding knives and blades of heading no. 8208",8211,6
XV,821191,"Knives; table knives, having fixed cutting blades, serrated or not, excluding knives and blades of heading no. 8208",8211,6
XV,821192,"Knives; having fixed cutting blades, (other than table knives), serrated or not, excluding knives and blades of heading no. 8208",8211,6
XV,821193,"Knives; with cutting blades, (having other than fixed blades), serrated or not, excluding knives and blades of heading no. 8208",8211,6
XV,821194,"Blades; cutting, serrated or not, excluding those of heading no. 8208",8211,6
XV,821195,Knives; with handles of base metal,8211,6
XV,8212,Razors and razor blades; (including razor blade blanks in strips),82,4
XV,821210,Razors,8212,6
XV,821220,"Razors; safety razor blades, including razor blade blanks in strips",8212,6
XV,821290,Razors; parts n.e.c. in heading no. 8212,8212,6
XV,8213,"Scissors; tailors' shears and similar shears, and blades therefore",82,4
XV,821300,"Scissors; tailors' shears, similar shears and blades therefore",8213,6
XV,8214,"Cutlery; other articles, (e.g. hair clippers, butchers' or kitchen cleavers, choppers and mincing knives, paper knives), manicure or pedicure sets and instruments (including nail files)",82,4
XV,821410,"Cutlery; paper knives, letter openers, erasing knives, pencil sharpeners and blades therefore",8214,6
XV,821420,Manicure or pedicure sets and instruments; (including nail files),8214,6
XV,821490,Cutlery; hair clippers and mincing knives,8214,6
XV,8215,"Cutlery; spoons, forks, ladles, skimmers, cake-servers, fish-knives, butter knives, sugar tongs and similar kitchen or tableware",82,4
XV,821510,"Cutlery; sets of assorted articles (e.g. spoons, forks, ladles, skimmers, cake-servers, fish-knives, butter-knives, sugar tongs and similar), with at least one article plated with precious metal",8215,6
XV,821520,"Cutlery; sets of assorted articles (e.g. spoons, forks, ladles, skimmers, cake-servers, fish-knives, butter knives, sugar tongs and similar), not plated with precious metal",8215,6
XV,821591,"Cutlery; (e.g. spoons, forks, ladles, skimmers, cake-servers, fish-knives, butter-knives, sugar tongs and similar), plated with precious metal, not in sets",8215,6
XV,821599,Cutlery; other than plated with precious metal,8215,6
XV,83,Metal; miscellaneous products of base metal,TOTAL,2
XV,8301,"Padlocks and locks (key, combination, electrically operated) of base metal; clasps and frames with clasps incorporating locks, of base metal, keys for any or the foregoing articles, of base metal",83,4
XV,830110,"Padlocks; (key, combination or electrically operated), of base metal",8301,6
XV,830120,"Locks; of a kind used for motor vehicles (key, combination or electrically operated), of base metal",8301,6
XV,830130,"Locks; of a kind used for furniture (key, combination or electrically operated), of base metal",8301,6
XV,830140,"Locks; (other than those for motor vehicles or furniture), (key, combination or electrically operated), of base metal",8301,6
XV,830150,"Clasps and frames with clasps; incorporating locks, of base metal",8301,6
XV,830160,"Locks; parts of padlocks, locks, clasps and frames with clasps incorporating locks, of base metal",8301,6
XV,830170,"Keys; presented separately, of base metal",8301,6
XV,8302,"Base metal mountings, fittings and similar articles for furniture, doors, staircases, windows, trunks, chests etc, castors with mountings of base metal, automatic door closers of base metal",83,4
XV,830210,"Hinges; suitable for furniture, doors, staircases, windows, blinds, coachwork, saddlery, trunks, chests, caskets or the like, of base metal",8302,6
XV,830220,"Castors; with mountings, of base metal",8302,6
XV,830230,"Mountings, fittings and similar articles; for motor vehicles, of base metal",8302,6
XV,830241,"Mountings, fittings and similar articles; of base metal, suitable for buildings",8302,6
XV,830242,"Mountings, fittings and similar articles; suitable for furniture of base metal",8302,6
XV,830249,"Mountings, fittings and similar articles; suitable for other than buildings or furniture, of base metal",8302,6
XV,830250,"Hat-racks, hat-pegs, brackets and similar fixtures, of base metal",8302,6
XV,830260,Automatic door closures; of base metal,8302,6
XV,8303,"Safes; armoured or reinforced, strong-boxes, doors and safe deposit lockers for strong-rooms, cash or deed boxes and the like, of base metal",83,4
XV,830300,"Safes; armoured or reinforced, strong-boxes, doors and safe deposit lockers for strong-rooms, cash or deed boxes and the like, of base metal",8303,6
XV,8304,"Office equipment; filing cabinets, card-index cabinets, paper trays and rests, pen trays, office-stamp stands and the like, of base metal, other than office furniture of heading no. 9403",83,4
XV,830400,"Office equipment; filing cabinets, card-index cabinets, paper trays, paper rests, pen trays, office-stamp stands and similar office or desk equipment, of base metal, other than office furniture of heading no. 9403",8304,6
XV,8305,"Stationery; fittings for loose-leaf binders or files, letter clips, letter corners, paper clips, indexing tags and the like, staples in strips (for offices, upholstery, packaging), of base metal",83,4
XV,830510,"Stationery; fittings for loose-leaf binders or files, of base metal",8305,6
XV,830520,"Stationery; staples in strips, (e.g. for offices, upholstery, packaging), of base metal",8305,6
XV,830590,"Stationery; letter clips, letter corners, paper clips, indexing tags and similar office articles, including parts, of base metal",8305,6
XV,8306,"Bells, gongs and the like; non-electric, statuettes, other ornaments, photograph, picture, similar frames, mirrors, of base metal",83,4
XV,830610,"Bells, gongs and the like; non-electric, of base metal",8306,6
XV,830621,Statuettes and other ornaments; of base metal plated with precious metal,8306,6
XV,830629,Statuettes and other ornaments; of base metal other than plated with precious metal,8306,6
XV,830630,"Photograph, picture or similar frames, mirrors; of base metal",8306,6
XV,8307,"Tubing; flexible, with or without fittings, of base metal",83,4
XV,830710,"Tubing; flexible, with or without fittings, of iron or steel",8307,6
XV,830790,"Tubing; flexible, with or without fittings of base metal, other than those of iron or steel",8307,6
XV,8308,"Clasps, frames with clasps, buckles, buckle-clasps, hooks, eyes, eyelets etc for clothing & accessories, footwear, jewellery, wrist-watches, books, awnings, leather goods, travel goods, saddlery etc, tubular etc rivets, beads, spangles, of base metal",83,4
XV,830810,"Hooks, eyes and eyelets; of base metal, of a kind used for clothing, footwear, awnings, handbags, travel goods or other made up articles",8308,6
XV,830820,"Rivets; tubular or bifurcated, of base metal",8308,6
XV,830890,"Clasps, frames with clasps, buckles, buckle clasps; of base metal, of a kind used for clothing & accessories, footwear, jewellery, wrist-watches, books, awnings, leather goods, travel goods, saddlery etc, including parts",8308,6
XV,8309,"Stoppers, caps, lids (including crown corks, screw caps, pouring stoppers); capsules for bottles, threaded bungs, bung covers, seals and other packaging accessories, of base metal",83,4
XV,830910,"Stoppers; corks, of base metal",8309,6
XV,830990,"Stoppers; caps and lids, of base metal",8309,6
XV,8310,"Sign plates, name plates, address plates and similar plates, numbers, letters and other symbols, of base metal, excluding those of heading no. 9405",83,4
XV,831000,"Sign plates, name-plates, address-plates and similar plates, numbers, letters and other symbols; of base metal, excluding those of heading no. 9405",8310,6
XV,8311,"Wires, rods, tubes, plates, electrodes of base metal or metal carbides; of a kind used for soldering, brazing, welding; wires and rods for metal spraying",83,4
XV,831110,"Electrodes; coated, of base metal, for electric arc-welding",8311,6
XV,831120,"Wire; cored, of base metal, for electric arc-welding",8311,6
XV,831130,"Rods and wire; coated rods and cored wire, of base metal, for soldering, brazing or welding by flame",8311,6
XV,831190,"Wires, rods, tubes, plates, electrodes of base metal or metal carbides; of a kind used for soldering, brazing, welding; wires and rods for metal spraying; n.e.c. in item no. 8311",8311,6
XVI,84,"Machinery and mechanical appliances, boilers, nuclear reactors; parts thereof",TOTAL,2
XVI,8401,"Nuclear reactors; fuel elements (cartridges), non-irradiated, for nuclear reactors, machinery and apparatus for isotopic separation",84,4
XVI,840110,Nuclear reactors,8401,6
XVI,840120,"Machinery and apparatus; for isotopic separation, and parts thereof",8401,6
XVI,840130,Fuel elements (cartridges); non-irradiated,8401,6
XVI,840140,Nuclear reactors; parts thereof,8401,6
XVI,8402,"Boilers; steam or other vapour generating (other than central heating hot water boilers, capable also of producing low pressure steam), super heated water boilers",84,4
XVI,840211,Boilers; watertube boilers with a steam production exceeding 45t per hour,8402,6
XVI,840212,Boilers; watertube boilers with a steam production not exceeding 45t per hour,8402,6
XVI,840219,"Boilers; vapour generating boilers, including hybrid boilers n.e.c. in heading no. 8402",8402,6
XVI,840220,Boilers; super-heated water boilers,8402,6
XVI,840290,Boilers; parts of steam or other vapour generating boilers,8402,6
XVI,8403,Central heating boilers; excluding those of heading no. 8402,84,4
XVI,840310,Boilers; central heating boilers (excluding those of heading no. 8402),8403,6
XVI,840390,Boilers; parts of central heating boilers (excluding those of heading no. 8402),8403,6
XVI,8404,"Auxiliary plant for use with boilers of heading no. 8402 or 8403; e.g. economisers, super-heaters, soot removers, gas recoverers), condensers for steam or other vapour power units",84,4
XVI,840410,"Boilers; auxiliary plant, for use with boilers of heading no. 8402 or 8403 (e.g. economisers, super-heaters, soot removers, gas recoverers)",8404,6
XVI,840420,"Boilers; condensers, for steam or other vapour power units",8404,6
XVI,840490,"Boilers; parts of auxiliary plant, for use with boilers of heading no. 8402 and 8403 and parts of condensers for steam or other vapour power units",8404,6
XVI,8405,"Generators for producer or water gas with or without their purifiers acetylene gas generators and similar water process gas generators, with or without their purifiers",84,4
XVI,840510,"Generators; producer gas, water gas, acetylene gas and similar water process gas generators, with or without their purifiers",8405,6
XVI,840590,"Generators; parts of producer gas, water gas, acetylene gas and similar water process gas generators, with or without their purifiers",8405,6
XVI,8406,Turbines; steam and other vapour turbines,84,4
XVI,840610,"Turbines; steam and other vapour turbines, for marine propulsion",8406,6
XVI,840681,"Turbines; steam and other vapour turbines, (for other than marine propulsion), of an output exceeding 40MW",8406,6
XVI,840682,"Turbines; steam and other vapour turbines, (for other than marine propulsion), of an output not exceeding 40MW",8406,6
XVI,840690,Turbines; parts of steam and other vapour turbines,8406,6
XVI,8407,Reciprocating or rotary internal combustion piston engines,84,4
XVI,840710,"Engines; for aircraft, spark-ignition reciprocating or rotary internal combustion piston engines",8407,6
XVI,840721,"Engines; outboard motors for marine propulsion, spark-ignition reciprocating or rotary internal combustion piston engines",8407,6
XVI,840729,"Engines; for marine propulsion, (other than outboard motors), spark-ignition reciprocating or rotary internal combustion piston engines",8407,6
XVI,840731,"Engines; reciprocating piston engines, of a kind used for the propulsion of vehicles of chapter 87, of a cylinder capacity not exceeding 50cc",8407,6
XVI,840732,"Engines; reciprocating piston engines, of a kind used for the propulsion of vehicles of chapter 87, of a cylinder capacity exceeding 50cc but not exceeding 250cc",8407,6
XVI,840733,"Engines; reciprocating piston engines, of a kind used for the propulsion of vehicles of chapter 87, of a cylinder capacity exceeding 250cc but not exceeding 1000cc",8407,6
XVI,840734,"Engines; reciprocating piston engines, of a kind used for the propulsion of vehicles of chapter 87, of a cylinder capacity exceeding 1000cc",8407,6
XVI,840790,"Engines; rotary internal combustion piston engines, for other than aircraft or marine propulsion",8407,6
XVI,8408,Compression-ignition internal combustion piston engines (diesel or semi-diesel engines),84,4
XVI,840810,"Engines; for marine propulsion, compression-ignition internal combustion piston engines (diesel or semi-diesel engines)",8408,6
XVI,840820,"Engines; compression-ignition internal combustion piston engines (diesel or semi-diesel engines), of a kind used for the propulsion of vehicles of chapter 87",8408,6
XVI,840890,"Engines; compression-ignition internal combustion piston engines (diesel or semi-diesel engines), of a kind used for other than marine propulsion or the vehicles of chapter 87",8408,6
XVI,8409,Parts suitable for use solely or principally with the engines of heading no. 8407 or 8408,84,4
XVI,840910,Engines; parts of aircraft engines (spark-ignition reciprocating or rotary internal combustion piston engines),8409,6
XVI,840991,"Engines; parts, suitable for use solely or principally with spark-ignition internal combustion piston engines (for other than aircraft)",8409,6
XVI,840999,Engines; parts for internal combustion piston engines (excluding spark-ignition),8409,6
XVI,8410,Turbines; hydraulic water wheels and regulators therefor,84,4
XVI,841011,"Turbines; hydraulic turbines and water wheels, of a power not exceeding 1000kW",8410,6
XVI,841012,"Turbines; hydraulic turbines and water wheels, of a power exceeding 1000kW but not exceeding 10000kW",8410,6
XVI,841013,"Turbines; hydraulic turbines and water wheels, of a power exceeding 10000kW",8410,6
XVI,841090,"Turbines; parts of hydraulic turbines and water wheels, including regulators",8410,6
XVI,8411,"Turbo-jets, turbo-propellers and other gas turbines",84,4
XVI,841111,Turbo-jets; of a thrust not exceeding 25kN,8411,6
XVI,841112,Turbo-jets; of a thrust exceeding 25kN,8411,6
XVI,841121,Turbo-propellers; of a power not exceeding 1100kW,8411,6
XVI,841122,Turbo-propellers; of a power exceeding 1100kW,8411,6
XVI,841181,"Turbines; gas-turbines (excluding turbo-jets and turbo-propellers), of a power not exceeding 5000kW",8411,6
XVI,841182,"Turbines; gas-turbines (excluding turbo-jets and turbo-propellers), of a power exceeding 5000kW",8411,6
XVI,841191,Turbines; parts of turbo-jets and turbo-propellers,8411,6
XVI,841199,Turbines; parts of gas turbines (excluding turbo-jets and turbo-propellers),8411,6
XVI,8412,"Engines and motors; n.e.c. (e.g. reaction engines, hydraulic power engines, pneumatic power engines)",84,4
XVI,841210,"Engines; reaction engines, other than turbo-jets",8412,6
XVI,841221,"Engines; hydraulic power engines and motors, linear acting (cylinders)",8412,6
XVI,841229,"Engines; hydraulic power engines and motors, other than linear acting (cylinders)",8412,6
XVI,841231,"Engines; pneumatic power engines and motors, linear acting (cylinders)",8412,6
XVI,841239,"Engines; pneumatic power engines and motors, other than linear acting (cylinders)",8412,6
XVI,841280,"Engines; pneumatic power engines and motors, n.e.c. in heading no. 8412",8412,6
XVI,841290,"Engines; parts, for engines and motors of heading no. 8412",8412,6
XVI,8413,"Pumps; for liquids, whether or not fitted with measuring device, liquid elevators",84,4
XVI,841311,"Pumps; fitted or designed to be fitted with a measuring device, for dispensing fuel or lubricants, of the type used in filling-stations or in garages",8413,6
XVI,841319,"Pumps; for liquids, fitted or designed to be fitted with a measuring device, other than pumps for dispensing fuel or lubricants",8413,6
XVI,841320,"Pumps; hand, fitted or designed to be fitted with a measuring device, for liquids, other than those of item no. 8413.11 or 8413.19",8413,6
XVI,841330,"Pumps; fuel, lubricating or cooling medium pumps for internal combustion piston engines",8413,6
XVI,841340,Pumps; concrete pumps,8413,6
XVI,841350,"Pumps; reciprocating positive displacement pumps, n.e.c. in heading no. 8413, for liquids",8413,6
XVI,841360,"Pumps; rotary positive displacement pumps, n.e.c. in heading no. 8413, for liquids",8413,6
XVI,841370,"Pumps; centrifugal, n.e.c. in heading no. 8413, for liquids",8413,6
XVI,841381,Pumps and liquid elevators; n.e.c. in heading no. 8413,8413,6
XVI,841382,Liquid elevators,8413,6
XVI,841391,Pumps; parts thereof,8413,6
XVI,841392,Liquid elevators; parts thereof,8413,6
XVI,8414,"Air or vacuum pumps, air or other gas compressors and fans; ventilating or recycling hoods incorporating a fan; gas-tight biological safety cabinets whether or not fitted with filters",84,4
XVI,841410,Pumps; vacuum,8414,6
XVI,841420,Pumps; hand or foot-operated air pumps,8414,6
XVI,841430,Compressors; of a kind used in refrigerating equipment,8414,6
XVI,841440,Compressors; air compressors mounted on a wheeled chassis for towing,8414,6
XVI,841451,"Fans; table, floor, wall, window, ceiling or roof fans, with a self-contained electric motor of an output not exceeding 125W",8414,6
XVI,841459,Fans; n.e.c. in item no. 8414.51,8414,6
XVI,841460,"Hoods; ventilating or recycling hoods incorporating a fan, whether or not fitted with filters, having a maximum horizontal side not exceeding 120cm",8414,6
XVI,841470,"Gas-tight biological safety cabinets; whether or not fitted with filters, having a maximum horizontal side not exceeding 120cm",8414,6
XVI,841480,"Pumps and compressors; for air, vacuum or gas, n.e.c. in heading no. 8414",8414,6
XVI,841490,"Pumps and compressors; parts, of air or vacuum pumps, air or other gas compressors and fans, ventilating or recycling hoods incorporating a fan",8414,6
XVI,8415,"Air conditioning machines; comprising a motor driven fan and elements for changing the temperature and humidity, including those machines in which the humidity cannot be separately regulated",84,4
XVI,841510,"Air conditioning machines; comprising a motor-driven fan and elements for changing the temperature and humidity, of a kind designed to be fixed to a window, wall, ceiling or floor, self-contained or split-system",8415,6
XVI,841520,"Air conditioning machines; comprising a motor driven fan and elements for changing the temperature and humidity, of a kind used for persons, in motor vehicles",8415,6
XVI,841581,"Air conditioning machines; containing a motor driven fan, other than window or wall types, incorporating a refrigerating unit and a valve for reversal of the cooling/heat cycle (reversible heat pumps)",8415,6
XVI,841582,"Air conditioning machines; containing a motor driven fan, other than window or wall types, incorporating a refrigerating unit",8415,6
XVI,841583,"Air conditioning machines; containing a motor driven fan, other than window or wall types, not incorporating a refrigerating unit",8415,6
XVI,841590,"Air conditioning machines; with motor driven fan and elements for temperature control, parts thereof",8415,6
XVI,8416,"Furnace burners for liquid fuel, for pulverised solid fuel or for gas; mechanical grates, mechanical ash dischargers and similar appliances",84,4
XVI,841610,"Furnaces; furnace burners, for liquid fuel",8416,6
XVI,841620,"Furnaces; furnace burners, for pulverized solid fuel or gas, including combination burners",8416,6
XVI,841630,"Furnace accessories; mechanical stokers, mechanical grates, mechanical ash dischargers and similar appliances",8416,6
XVI,841690,"Furnaces; parts of furnace burners, for liquid fuel, pulverized solid fuel or gas, mechanical stokers, grates, ash dischargers and the like",8416,6
XVI,8417,"Furnaces and ovens; industrial or laboratory, including incinerators, non-electric",84,4
XVI,841710,"Furnaces and ovens; non-electric, for the roasting, melting or other heat-treatment of ores, pyrites or of metals, for industrial or laboratory use",8417,6
XVI,841720,"Ovens; non-electric, bakery ovens, including biscuit ovens",8417,6
XVI,841780,"Furnaces and ovens; including incinerators, non-electric, for industrial or laboratory use, n.e.c. in heading no. 8417",8417,6
XVI,841790,"Furnaces and ovens; parts of non-electric furnaces and ovens (including incinerators), of industrial or laboratory use",8417,6
XVI,8418,"Refrigerators, freezers and other refrigerating or freezing equipment, electric or other; heat pumps other than air conditioning machines of heading no. 8415",84,4
XVI,841810,"Refrigerators and freezers; combined refrigerator-freezers, fitted with separate external doors, electric or other",8418,6
XVI,841821,"Refrigerators; for household use, compression-type, electric or other",8418,6
XVI,841829,"Refrigerators; household, electric or not, other than compression-type",8418,6
XVI,841830,"Freezers; of the chest type, not exceeding 800l capacity",8418,6
XVI,841840,"Freezers; of the upright type, not exceeding 900l capacity",8418,6
XVI,841850,"Furniture incorporating refrigerating or freezing equipment; for storage and display, n.e.c. in item no. 8418.1, 8418.2, 8418.3 or 8418.4 (chests, cabinets, display counters, show-cases and the like)",8418,6
XVI,841861,Heat pumps; other than air conditioning machines of heading no. 8415,8418,6
XVI,841869,Refrigerating or freezing equipment; n.e.c. in heading no. 8418,8418,6
XVI,841891,"Refrigerating or freezing equipment; parts, furniture designed to receive refrigerating or freezing equipment",8418,6
XVI,841899,"Refrigerating or freezing equipment; parts thereof, other than furniture",8418,6
XVI,8419,"Machinery, plant (not domestic), or laboratory equipment; electrically heated or not, (excluding items in 85.14) for the treatment of materials by a process involving change of temperature; including instantaneous or non electric storage water heaters",84,4
XVI,841911,"Heaters; instantaneous gas water heaters, for domestic or other purposes",8419,6
XVI,841912,"Heaters; solar water heaters, non-electric",8419,6
XVI,841919,"Heaters; instantaneous or storage water heaters, non-electric, (other than instantaneous gas or solar water heaters)",8419,6
XVI,841920,"Sterilizers; for medical, surgical or laboratory use, not used for domestic purposes",8419,6
XVI,841933,"Dryers; lyophilisation apparatus, freeze drying units and spray dryers, not used for domestic purposes",8419,6
XVI,841934,"Dryers; for agricultural products, not used for domestic purposes",8419,6
XVI,841935,"Dryers; for wood, paper pulp, paper or paperboard, not used for domestic purposes",8419,6
XVI,841939,"Dryers; for products n.e.c. in heading no. 8419, not used for domestic purposes",8419,6
XVI,841940,Distilling or rectifying plant; not used for domestic purposes,8419,6
XVI,841950,Heat exchange units; not used for domestic purposes,8419,6
XVI,841960,"Machinery; for liquefying air or gas, not used for domestic purposes",8419,6
XVI,841981,"Machinery, plant and equipment; for making hot drinks, for cooking or heating food",8419,6
XVI,841989,"Machinery, plant and laboratory equipment; for treating materials by change of temperature, other than for making hot drinks or cooking or heating food",8419,6
XVI,841990,"Machinery, plant and laboratory equipment; parts of equipment for treating materials by a process involving a change of temperature",8419,6
XVI,8420,"Machines; calendering or other rolling machines, for other than metal or glass and cylinders therefor",84,4
XVI,842010,"Machines; calendering or other rolling machines, for other than metal or glass",8420,6
XVI,842091,"Machines; parts, cylinders for calendering or other rolling machines, for other than metal or glass",8420,6
XVI,842099,"Machines; parts, (other than cylinders), for calendering or other rolling machines, for other than metal or glass",8420,6
XVI,8421,"Centrifuges, including centrifugal dryers; filtering or purifying machinery and apparatus for liquids or gases",84,4
XVI,842111,Centrifuges; cream separators,8421,6
XVI,842112,Centrifuges; clothes-dryers,8421,6
XVI,842119,"Centrifuges; n.e.c. in heading no. 8421, including centrifugal dryers (but not clothes-dryers)",8421,6
XVI,842121,Machinery; for filtering or purifying water,8421,6
XVI,842122,Machinery; for filtering or purifying beverages other than water,8421,6
XVI,842123,"Machinery; filtering or purifying machinery, oil or petrol filters for internal combustion engines",8421,6
XVI,842129,"Machinery; for filtering or purifying liquids, n.e.c. in item no. 8421.2",8421,6
XVI,842131,Machinery; intake air filters for internal combustion engines,8421,6
XVI,842132,"Machinery; catalytic converters or particulate filters, whether or not combined, for purifying or filtering exhaust gases from internal combustion engines",8421,6
XVI,842139,"Machinery; for filtering or purifying gases, other than intake air filters, catalytic converters or particulate filters for internal combustion engines",8421,6
XVI,842191,"Centrifuges; parts thereof, including parts for centrifugal dryers",8421,6
XVI,842199,Machinery; parts for filtering or purifying liquids or gases,8421,6
XVI,8422,"Dish washing machines; machinery for cleaning, drying, filling, closing, sealing, capsuling or labelling bottles, cans, boxes, bags, etc, machinery for aerating beverages",84,4
XVI,842211,Dish washing machines; of the household type,8422,6
XVI,842219,Dish washing machines; of other than household type,8422,6
XVI,842220,Machinery; for cleaning or drying bottles or other containers,8422,6
XVI,842230,"Machinery; for filling, closing, sealing, capsuling or labelling bottles, cans, bags or other containers, machinery for aerating beverages",8422,6
XVI,842240,Machinery; for packing or wrapping,8422,6
XVI,842290,Machinery; parts of machinery of heading no. 8422,8422,6
XVI,8423,"Weighing machines; excluding balances of a sensitivity of 5cg or better, including weight operated counting or checking machines and weights of all kinds",84,4
XVI,842310,Weighing machines; personal (including baby scales) and household scales,8423,6
XVI,842320,Weighing machines; scales for continuous weighing of goods on conveyors,8423,6
XVI,842330,"Weighing machines; constant weight scales and scales for discharging a predetermined weight of material into a bag or container, including hopper scales",8423,6
XVI,842381,"Weighing machines; other than personal, conveyor or constant weight scales, having a maximum weighing capacity not exceeding 30kg (excluding balances of a sensitivity of 5cg or better)",8423,6
XVI,842382,"Weighing machines; other than personal, conveyor or constant weight scales, having a maximum weighing capacity exceeding 30kg but not exceeding 5000kg",8423,6
XVI,842389,"Weighing machines; other than personal, conveyor or constant weight scales, having a maximum weighing capacity exceeding 5000kg",8423,6
XVI,842390,"Weighing machines; weights of all kinds, parts of weighing machinery",8423,6
XVI,8424,"Mechanical appliances for projecting, dispersing or spraying liquids or powders; fire extinguishers, spray guns, steam, sand blasting machines",84,4
XVI,842410,Fire extinguishers; whether or not charged,8424,6
XVI,842420,Spray guns and similar appliances,8424,6
XVI,842430,Mechanical appliances; steam or sand blasting machines and similar jet projecting machines,8424,6
XVI,842441,Mechanical appliances; agricultural or horticultural sprayers; portable sprayers,8424,6
XVI,842449,Mechanical appliances; agricultural or horticultural sprayers; other than portable sprayers,8424,6
XVI,842482,"Mechanical appliances; agricultural or horticultural, n.e.c. in heading 8424",8424,6
XVI,842489,"Mechanical appliances; for projecting, dispersing or spraying liquids or powders, for other than agricultural or horticultural use, whether or not hand-operated",8424,6
XVI,842490,"Mechanical appliances; parts of machines projecting, dispersing or spraying liquids or powders, whether or not hand-operated",8424,6
XVI,8425,Pulley tackle and hoists other than skip hoists; winches and capstans; jacks,84,4
XVI,842511,Pulley tackle and hoists; powered by an electric motor (excluding skip hoists or hoists of a kind used for raising vehicles),8425,6
XVI,842519,Pulley tackle and hoists; not powered by an electric motor (excluding skip hoists or hoists of a kind used for raising vehicles),8425,6
XVI,842531,Winches; capstans; powered by an electric motor,8425,6
XVI,842539,Winches; capstans; not powered by an electric motor,8425,6
XVI,842541,"Jacks; built-in jacking systems of a type used in garages, for raising vehicles",8425,6
XVI,842542,"Jacks and hoists; hydraulic, of a kind used for raising vehicles",8425,6
XVI,842549,"Jacks and hoists; (other than hydraulic), of a kind used for raising vehicles",8425,6
XVI,8426,"Derricks, cranes, including cable cranes, mobile lifting frames, straddle carriers and works trucks fitted with a crane",84,4
XVI,842611,Cranes; overhead travelling cranes on fixed support,8426,6
XVI,842612,Cranes; mobile lifting frames on tyres and straddle carriers,8426,6
XVI,842619,"Cranes; transporter, gantry and bridge cranes",8426,6
XVI,842620,Cranes; tower cranes,8426,6
XVI,842630,Cranes; portal or pedestal jib cranes,8426,6
XVI,842641,"Cranes; self-propelled derricks and cranes, on tyres, n.e.c. in heading no. 8426",8426,6
XVI,842649,"Cranes; self-propelled derricks and cranes, not on tyres, n.e.c. in heading no. 8426",8426,6
XVI,842691,Cranes and derricks; designed for mounting on road vehicles,8426,6
XVI,842699,"Cranes and derricks; for other than mounting on road vehicles, n.e.c. in heading no. 8426",8426,6
XVI,8427,Fork-lift and other works trucks; fitted with lifting or handling equipment,84,4
XVI,842710,"Fork-lift and other works trucks; fitted with lifting or handling equipment, self-propelled by electric motor",8427,6
XVI,842720,"Fork-lift and other works trucks; fitted with lifting or handling equipment, self-propelled by other than electric motor",8427,6
XVI,842790,"Fork-lift and other works trucks; fitted with lifting or handling equipment, not self-propelled",8427,6
XVI,8428,"Lifting, handling, loading or unloading machinery; n.e.c. in heading no. 8425, 8426 or 8427 (e.g. lifts, escalators, conveyors, teleferics)",84,4
XVI,842810,Lifts and skip hoists,8428,6
XVI,842820,Elevators and conveyors; pneumatic,8428,6
XVI,842831,"Elevators and conveyors; continuous-action, for goods and materials, specially designed for underground use, n.e.c. in item no. 8428.20",8428,6
XVI,842832,"Elevators and conveyors; continuous-action, for goods or materials, bucket type, n.e.c. in item no. 8428.20 or 8428.31",8428,6
XVI,842833,"Elevators and conveyors; continuous-action, for goods or materials, belt type, n.e.c. in item no. 8428.20 or 8428.31",8428,6
XVI,842839,"Elevators and conveyors; continuous-action, for goods or materials, n.e.c. in item no. 8428.20, 8428.31, 8428.32 or 8428.33",8428,6
XVI,842840,Escalators and moving walkways,8428,6
XVI,842860,"Teleferics, chair-lifts, ski-draglines, traction mechanisms for funiculars",8428,6
XVI,842870,Industrial robots,8428,6
XVI,842890,"Lifting, handling, loading or unloading machinery; n.e.c. in heading no. 8425, 8426, 8427 or 8428",8428,6
XVI,8429,"Bulldozers, graders, levellers, scrapers, angledozers, mechanical shovels, excavators, shovel loaders, tamping machines and road rollers, self-propelled",84,4
XVI,842911,"Bulldozers and angledozers; self-propelled, track laying",8429,6
XVI,842919,"Bulldozers and angledozers; self-propelled, other than track laying",8429,6
XVI,842920,Graders and levellers,8429,6
XVI,842930,Scrapers; self-propelled,8429,6
XVI,842940,Tamping machines and road rollers; self-propelled,8429,6
XVI,842951,Front-end shovel loaders,8429,6
XVI,842952,"Mechanical shovels, excavators and shovel loaders; with a 360 degree revolving super structure",8429,6
XVI,842959,"Mechanical shovels, excavators and shovel loaders; n.e.c. in item no. 8429.50",8429,6
XVI,8430,"Moving, grading, levelling, scraping, excavating, tamping, compacting, extracting or boring machinery, for earth, minerals, or ores; pile drivers and extractors; snow ploughs and snow blowers",84,4
XVI,843010,Pile-drivers and pile-extractors,8430,6
XVI,843020,Snow-ploughs and snow-blowers,8430,6
XVI,843031,Coal or rock cutters and tunnelling machinery; self-propelled,8430,6
XVI,843039,Coal or rock cutters and tunnelling machinery; not self-propelled,8430,6
XVI,843041,"Boring or sinking machinery; self-propelled, n.e.c. in heading no. 8430",8430,6
XVI,843049,Boring and sinking machinery; not self-propelled,8430,6
XVI,843050,"Machinery; for handling earth, minerals or ores, self-propelled, n.e.c. in heading no. 8430",8430,6
XVI,843061,"Machinery; for tamping or compacting, not self-propelled",8430,6
XVI,843069,"Machinery; for moving, levelling, scraping, grading, excavating earth minerals or ores; not self propelled n.e.c in 84.30",8430,6
XVI,8431,Machinery parts; used solely or principally with the machinery of heading no. 8425 to 8430,84,4
XVI,843110,Machinery; parts of the machinery of heading no. 8425,8431,6
XVI,843120,Machinery; parts of the machinery of heading no. 8427,8431,6
XVI,843131,"Lifts, skip hoists or escalators; parts thereof",8431,6
XVI,843139,"Machinery; parts of the machinery of heading no. 8428, (other than lifts, skip hoists or escalators)",8431,6
XVI,843141,"Machinery parts; buckets, shovels, grabs and grips, for the machinery of heading no. 8426 and 8430",8431,6
XVI,843142,Machinery parts; bulldozer or angledozer blades,8431,6
XVI,843143,Boring or sinking machinery; parts for boring or sinking machinery of subheading 8430.41 or 8430.49,8431,6
XVI,843149,"Machinery; parts of machines handling earth, minerals or ores and n.e.c. in heading no. 8431",8431,6
XVI,8432,"Agricultural, horticultural or forestry machinery for soil preparation or cultivation; lawn or sports-ground rollers",84,4
XVI,843210,Ploughs; for soil preparation,8432,6
XVI,843221,Harrows; disc harrows,8432,6
XVI,843229,"Harrows; (excluding disc), scarifiers, cultivators, weeders and hoes",8432,6
XVI,843231,"Seeders, planters and transplanters; no-till direct seeders, planters and transplanters",8432,6
XVI,843239,"Seeders, planters and transplanters; other than no-till direct seeders, planters and transplanters",8432,6
XVI,843241,"Spreaders and distributors; for manure and fertilizers, for agricultural, horticultural or forestry use; manure spreaders",8432,6
XVI,843242,"Spreaders and distributors; for manure and fertilizers, for agricultural, horticultural or forestry use; fertiliser distributors",8432,6
XVI,843280,Rollers; for lawns or sports-grounds,8432,6
XVI,843290,Machinery; parts of machinery for soil preparation or cultivation or for rollers for lawns or sports-grounds,8432,6
XVI,8433,"Harvesting and threshing machinery, straw and fodder balers, grass or hay mowers; machines for cleaning, sorting or grading eggs, fruit or other agricultural produce, other than machinery of heading no 8437",84,4
XVI,843311,"Mowers; lawn, parks or sports-grounds, powered, with the cutting device rotating in a horizontal plane",8433,6
XVI,843319,"Mowers; for lawns, parks or sports-grounds, other than with the cutting device rotating in a horizontal plane",8433,6
XVI,843320,Mowers; n.e.c. in item no. 8433.1 (including cutter bars for tractor mounting),8433,6
XVI,843330,Haymaking machinery,8433,6
XVI,843340,"Balers; straw or fodder balers, including pick-up balers",8433,6
XVI,843351,Combine harvester-threshers,8433,6
XVI,843352,Threshing machinery; other than combine harvester-threshers,8433,6
XVI,843353,Harvesting machinery; for roots or tubers,8433,6
XVI,843359,Harvesting machinery; n.e.c. in heading no. 8433,8433,6
XVI,843360,"Machines; for cleaning, sorting or grading eggs, fruit or other agricultural produce",8433,6
XVI,843390,"Harvesting machinery; parts, including parts of threshing machinery, straw or fodder balers and grass or hay mowers",8433,6
XVI,8434,Milking machines and dairy machinery,84,4
XVI,843410,Milking machines,8434,6
XVI,843420,Dairy machinery,8434,6
XVI,843490,Milking machines and dairy machinery; parts thereof,8434,6
XVI,8435,"Presses, crushers and similar machinery; used in the manufacture of wine, cider, fruit juices or similar beverages",84,4
XVI,843510,"Presses, crushers and similar machinery; used in the manufacture of wine, cider, fruit juices or similar beverages",8435,6
XVI,843590,"Presses, crushers and similar machinery; parts, used in the manufacture of wine, cider, fruit juices or similar beverages",8435,6
XVI,8436,"Agricultural, horticultural, forestry, poultry-keeping, bee-keeping machinery; including germination plant fitted with mechanical or thermal equipment; poultry incubators and brooders",84,4
XVI,843610,Machinery; for preparing animal feeding stuffs,8436,6
XVI,843621,Poultry incubators and brooders,8436,6
XVI,843629,Poultry-keeping machinery; other than incubators and brooders,8436,6
XVI,843680,"Machinery; for agricultural, horticultural or forestry use and n.e.c. in heading no. 8436",8436,6
XVI,843691,Machinery; parts of poultry-keeping machinery or poultry incubators and brooders,8436,6
XVI,843699,"Machinery; parts of that machinery for agricultural, horticultural or forestry use n.e.c. in heading no. 8436",8436,6
XVI,8437,"Machines for cleaning, sorting, grading seed, grain, dried leguminous vegetables; machinery used in the milling industry for the working of cereals or dried leguminous vegetables, not farm type machinery",84,4
XVI,843710,"Machines; for cleaning, sorting or grading seed, grain or dried leguminous vegetables",8437,6
XVI,843780,"Machinery; for use in the milling industry or for the working of cereals or dried leguminous vegetables, other than farm-type machinery",8437,6
XVI,843790,"Machines; parts of those for cleaning, sorting or grading seed, grain or dried leguminous vegetables or for milling or working cereals or dried leguminous vegetables (not farm-type machinery)",8437,6
XVI,8438,"Machinery n.e.c. in this chapter, for the industrial preparation or manufacture of food or drink; other than machinery for extraction or preparation of animal or fixed vegetable or microbial fats or oils",84,4
XVI,843810,"Machinery; industrial, for bakery and for the manufacture of macaroni, spaghetti or similar products",8438,6
XVI,843820,"Machinery; industrial, for the manufacture of confectionery, cocoa or chocolate",8438,6
XVI,843830,"Machinery; industrial, for sugar manufacture",8438,6
XVI,843840,"Machinery; industrial, brewery machinery",8438,6
XVI,843850,"Machinery; industrial, for the preparation of meat or poultry",8438,6
XVI,843860,"Machinery; industrial, for the preparation of fruits, nuts or vegetables",8438,6
XVI,843880,"Machinery; used in the industrial preparation or manufacture of food or drink, n.e.c. in heading no. 8438",8438,6
XVI,843890,Machinery; parts of those machines used in the industrial preparation or manufacture of food or drink,8438,6
XVI,8439,"Machinery; for making pulp of fibrous cellulosic material, or for making or finishing paper or paperboard",84,4
XVI,843910,Machinery; for making pulp of fibrous cellulosic material,8439,6
XVI,843920,Machinery; for making paper or paperboard,8439,6
XVI,843930,Machinery; for finishing paper or paperboard,8439,6
XVI,843991,Machinery; parts of machinery for making pulp of fibrous cellulosic material,8439,6
XVI,843999,Machinery; parts of machinery for making or finishing paper or paperboard,8439,6
XVI,8440,Book-binding machinery; including book-sewing machines,84,4
XVI,844010,Book-binding machinery; including book-sewing machines,8440,6
XVI,844090,"Book-binding machinery; including book-sewing machines, parts thereof",8440,6
XVI,8441,"Machines; for making up paper pulp, paper or paperboard, including cutting machines of all kinds",84,4
XVI,844110,"Machines; cutting, of all kinds, for making up paper pulp, paper or paperboard",8441,6
XVI,844120,"Machines; for making bags, sacks or envelopes of paper pulp, paper or paperboard",8441,6
XVI,844130,"Machines; for making cartons, boxes, cases, tubes, drums or similar containers (other than by moulding), of paper pulp, paper or paperboard",8441,6
XVI,844140,"Machines; for moulding articles, in paper pulp, paper or paperboard",8441,6
XVI,844180,"Machinery; n.e.c. in heading no. 8441, for making up paper pulp, paper or paperboard",8441,6
XVI,844190,"Machinery; parts of machinery for making up paper pulp, paper or paperboard, including cutting machines of all kinds",8441,6
XVI,8442,"Machinery, apparatus and equipment (excluding machines of headings 8456 to 8465) for preparing or making printing components; plates, cylinders and other printing components; lithographic stones prepared for printing purposes",84,4
XVI,844230,"Machinery, apparatus and equipment (excluding machines of heading no. 8456 to 8465) for preparing or making printing components",8442,6
XVI,844240,"Machinery, apparatus and equipment (excluding machines of heading no. 8456 to 8465) for preparing or making printing components; parts thereof",8442,6
XVI,844250,"Plates, cylinders and other printing components; lithographic stones prepared for printing purposes (for example, planed, grained or polished)",8442,6
XVI,8443,"Printing machinery; used for printing by means of plates, cylinders and other printing components of heading 84.42; other printers, copying machines and facsimile machines, whether or not combined; parts and accessories thereof",84,4
XVI,844311,"Printing machinery; offset, reel-fed",8443,6
XVI,844312,"Printing machinery; offset, sheet-fed, office type (sheet size not exceeding 22 x 36cm in the unfolded state)",8443,6
XVI,844313,"Printing machinery; offset, n.e.c. in item no. 8443.1",8443,6
XVI,844314,"Printing machinery; letterpress, reel-fed, excluding flexographic printing",8443,6
XVI,844315,"Printing machinery; letterpress, other than reel-fed, excluding flexographic printing",8443,6
XVI,844316,Printing machinery; flexographic,8443,6
XVI,844317,Printing machinery; gravure,8443,6
XVI,844319,"Printing machinery; used for printing by means of plates, cylinders and other printing components of heading 84.42, n.e.c. in item no. 8443.1",8443,6
XVI,844331,"Printing, copying, and facsimile machines; machines which perform two or more of the functions of printing, copying or facsimile transmission, capable of connecting to an automatic data processing machine or to a network",8443,6
XVI,844332,"Printing, copying, and facsimile machines; single-function printing, copying or facsimile machines, capable of connecting to an automatic data processing machine or to a network",8443,6
XVI,844339,"Printing, copying, and facsimile machines; single-function printing, copying or facsimile machines, not capable of connecting to an automatic data processing machine or to a network",8443,6
XVI,844391,"Printing machinery used for printing by means of plates, cylinders and other printing components of heading 8442; parts and accessories",8443,6
XVI,844399,"Printing machinery; parts and accessories, n.e.c. in item no. 8443.91",8443,6
XVI,8444,"Textile machinery; for extruding, drawing, texturing or cutting man-made textile materials",84,4
XVI,844400,"Textile machinery; for extruding, drawing, texturing or cutting man-made textile materials",8444,6
XVI,8445,"Textile machinery; spinning, doubling, twisting machines, textile reeling or winding machines and machines for preparing textile yarns for use on machines of heading no. 8446 and 8447",84,4
XVI,844511,Textile machinery; carding machines for preparing textile fibres,8445,6
XVI,844512,Textile machinery; combing machines for preparing textile fibres,8445,6
XVI,844513,Textile machinery; drawing or roving machines for preparing textile fibres,8445,6
XVI,844519,"Textile machinery; n.e.c. in heading no. 8445, for preparing textile fibres",8445,6
XVI,844520,Textile machinery; spinning machines,8445,6
XVI,844530,Textile machinery; doubling or twisting machines,8445,6
XVI,844540,Textile machinery; winding (including weft-winding) or reeling machines,8445,6
XVI,844590,Textile machinery; involved in textile fibre or textile yarn preparation and n.e.c. in heading no. 8445,8445,6
XVI,8446,Weaving machines (looms),84,4
XVI,844610,Weaving machines (looms); for weaving fabrics of a width 30cm or less,8446,6
XVI,844621,"Weaving machines (looms); for weaving fabrics of a width exceeding 30cm, shuttle type, power looms",8446,6
XVI,844629,"Weaving machines (looms); for weaving fabrics of a width exceeding 30cm, shuttle type, other than power looms",8446,6
XVI,844630,"Weaving machines (looms); for weaving fabrics of a width exceeding 30cm, shuttleless type",8446,6
XVI,8447,"Knitting machines, stitch-bonding machines and machines for making gimped yarn, tulle, lace, embroidery, trimmings, braid or net and machines for tufting",84,4
XVI,844711,"Knitting machines; circular, with cylinder diameter not exceeding 165mm",8447,6
XVI,844712,"Knitting machines; circular, with cylinder diameter exceeding 165mm",8447,6
XVI,844720,"Knitting machines; flat, stitch-bonding machines",8447,6
XVI,844790,"Machines; for making gimped yarn, tulle, lace, embroidery, trimmings, braid or net and machines for tufting",8447,6
XVI,8448,"Machinery, auxiliary; for use with machines of heading no. 8444 to 8447 (e.g. dobbies, jacquards, automatic stop motions, shuttle changing mechanisms) parts, accessories for machines of heading no. 8444, 8447",84,4
XVI,844811,"Machinery, auxiliary; dobbies and jacquards, card reducing, copying, punching or assembling machines for use therewith",8448,6
XVI,844819,"Machinery, auxiliary; for machines of heading no. 8444, 8445, 8446 or 8447, n.e.c. in item no. 8448.11",8448,6
XVI,844820,Machines; parts and accessories of machines or auxiliary machinery of heading no. 8444,8448,6
XVI,844831,"Machines, card clothing; parts and accessories",8448,6
XVI,844832,"Machines; parts and accessories of machines or auxiliary machinery for preparing textile fibres, other than card clothing",8448,6
XVI,844833,"Machines; parts and accessories of machines or auxiliary machinery, spindles, spindle flyers, spinning rings and ring travellers",8448,6
XVI,844839,"Machines; parts and accessories of machines or auxiliary machinery of heading no. 8445, n.e.c. in item no. 8448.3",8448,6
XVI,844842,"Weaving machines (looms); parts including their auxiliary machinery, and accessories thereof, reeds for looms, healds and heald-frames",8448,6
XVI,844849,"Weaving machines (looms); parts including their auxiliary machinery, and accessories thereof n.e.c. in item no. 8448.4",8448,6
XVI,844851,"Machines; parts and accessories of machines of heading no. 8447 or auxiliary machinery, sinkers, needles and other articles used in forming stitches",8448,6
XVI,844859,"Machines; parts and accessories of machines or auxiliary machinery of heading no. 8447, other than sinkers, needles and other articles used in forming stitches",8448,6
XVI,8449,"Machinery; for manufacture or finishing felt or non-wovens in the piece or in shapes, including machinery for making felt hats, blocks for making hats",84,4
XVI,844900,"Machinery; for manufacture or finishing felt or non-wovens in the piece or in shapes, including machinery for making felt hats, blocks for making hats",8449,6
XVI,8450,Household or laundry-type washing machines; including machines which both wash and dry,84,4
XVI,845011,"Washing machines; household or laundry-type, fully-automatic, (of a dry linen capacity not exceeding 10kg)",8450,6
XVI,845012,"Washing machines; household or laundry-type, with built-in centrifugal drier, (not fully-automatic), of a dry linen capacity not exceeding 10kg",8450,6
XVI,845019,"Washing machines; household or laundry-type, not fully-automatic, without built-in centrifugal drier, of a dry linen capacity not exceeding 10kg",8450,6
XVI,845020,"Washing machines; household or laundry-type, of a dry linen capacity exceeding 10kg",8450,6
XVI,845090,Washing machines; parts for household or laundry-type,8450,6
XVI,8451,"Machinery (not of heading no. 8450) for washing, cleaning, wringing, drying, ironing, pressing, bleaching, dyeing, dressing, finishing, coating or impregnating textile yarn, fabrics or made up articles",84,4
XVI,845110,Dry-cleaning machines,8451,6
XVI,845121,Drying machines; of a dry linen capacity not exceeding 10kg,8451,6
XVI,845129,Drying machines; of a dry linen capacity exceeding 10kg,8451,6
XVI,845130,Ironing machines and presses (including fusing presses),8451,6
XVI,845140,"Machines; for washing, bleaching or dyeing",8451,6
XVI,845150,"Machines; for reeling, unreeling, folding, cutting or pinking textile fabrics",8451,6
XVI,845180,"Machinery; for wringing, dressing, finishing, coating or impregnating textile yarns, fabrics or made up textile articles; for applying paste to base fabric used in manufacture of floor coverings",8451,6
XVI,845190,"Machinery; parts, of the machinery of heading no. 8451",8451,6
XVI,8452,"Sewing machines; other than book-sewing machines of heading no. 8440; furniture, bases and covers specially designed for sewing machines; sewing machine needles",84,4
XVI,845210,Sewing machines; of the household type,8452,6
XVI,845221,"Sewing machines; (not household type), automatic units",8452,6
XVI,845229,Sewing machines; not household or automatic unit type,8452,6
XVI,845230,Sewing machine needles,8452,6
XVI,845290,"Sewing machines; furniture, bases and covers for sewing machines and parts thereof, and other parts of sewing machines",8452,6
XVI,8453,"Machinery for preparing, tanning or working hides, skins or leather or for making or repairing footwear or other articles of hides, skins or leather, other than sewing machines",84,4
XVI,845310,"Machinery; for preparing, tanning or working hides, skins or leather, other than sewing machines",8453,6
XVI,845320,"Machinery; for making or repairing footwear, other than sewing machines",8453,6
XVI,845380,"Machinery; for making or repairing articles of hides, skins or leather, other than sewing machines",8453,6
XVI,845390,"Machinery; parts of those for preparing, tanning or working hides, skins or leather, for making or repairing footwear or other articles of hides, skin or leather, other than sewing machines",8453,6
XVI,8454,"Converters, ladles, ingot moulds and casting machines; of a kind used metallurgy or in metal foundries",84,4
XVI,845410,Converters; of a type used in metallurgy or in metal foundries,8454,6
XVI,845420,Ingot moulds and ladles; of a kind used in metallurgy or in metal foundries,8454,6
XVI,845430,Casting machines; of a kind used in metallurgy or in metal foundries,8454,6
XVI,845490,"Machines; parts of converters, ladles, ingot moulds and casting machines, of a kind used in metallurgy or in metal foundries",8454,6
XVI,8455,Metal-rolling mills and rolls therefor,84,4
XVI,845510,Metal-rolling mills; tube mills,8455,6
XVI,845521,Metal-rolling mills; hot or combination hot and cold rolling mills,8455,6
XVI,845522,Metal-rolling mills; cold,8455,6
XVI,845530,Metal-rolling mills; rolls thereof,8455,6
XVI,845590,Metal-rolling mills; parts thereof,8455,6
XVI,8456,"Machine-tools; for working any material by removal of material, by laser or other light or photon beam, ultrasonic, electro-discharge, electro-chemical, electron beam, ionic-beam, or plasma arc processes; water-jet cutting machines",84,4
XVI,845611,Machine-tools; for working any material by removal of material; operated by laser,8456,6
XVI,845612,Machine-tools; for working any material by removal of material; operated by other light or photon beam processes (not laser),8456,6
XVI,845620,"Machine-tools; for working any material by removal of material, operated by ultrasonic processes",8456,6
XVI,845630,"Machine-tools; for working any material by removal of material, operated by electro-discharge processes",8456,6
XVI,845640,Machine tools; for working any material by removal of material; operated by plasma arc processes;,8456,6
XVI,845650,Machine tools; for working any material by removal of material; operated by water-jet cutting machines,8456,6
XVI,845690,Machine tools; for working any material by removal of material; operated by other processes n.e.c. in heading 8456,8456,6
XVI,8457,"Machining centres, unit construction machines (single station) and multi-station transfer machines for working metal",84,4
XVI,845710,Machining centres; for working metal,8457,6
XVI,845720,"Machines; unit construction machines (single station), for working metal",8457,6
XVI,845730,"Metal machines; multi-station transfer machines, for working metal",8457,6
XVI,8458,Lathes for removing metal,84,4
XVI,845811,"Lathes; for removing metal, horizontal, numerically controlled",8458,6
XVI,845819,"Lathes; for removing metal, horizontal, other than numerically controlled",8458,6
XVI,845891,"Lathes; for removing metal, numerically controlled, other than horizontal lathes",8458,6
XVI,845899,"Lathes; for removing metal, other than horizontal or numerically controlled lathes",8458,6
XVI,8459,"Machine-tools; (including way-type unit head machines) for drilling, boring, milling, threading or tapping by removing metal, other than lathes of heading no. 8458",84,4
XVI,845910,"Machine-tools; way-type unit head machines, for drilling, boring, milling, threading or tapping by removing metal, other than lathes of heading no. 8458",8459,6
XVI,845921,"Machine-tools; for drilling by removing metal, numerically controlled",8459,6
XVI,845929,"Machine-tools; for drilling by removing metal, other than numerically controlled",8459,6
XVI,845931,"Machine-tools; for boring-milling by removing metal, numerically controlled",8459,6
XVI,845939,"Machine-tools; for boring-milling by removing metal, other than numerically controlled",8459,6
XVI,845941,"Machine-tools; for boring by removing metal, numerically controlled boring machines, n.e.c. in heading 8459",8459,6
XVI,845949,"Machine-tools; for boring by removing metal, not numerically controlled boring machines, n.e.c. in heading 8459",8459,6
XVI,845951,"Machine-tools; for milling by removing metal, knee-type, numerically controlled",8459,6
XVI,845959,"Machine-tools; for milling by removing metal, knee-type, other than numerically controlled",8459,6
XVI,845961,"Machine-tools; for milling by removing metal, (not knee-type), numerically controlled",8459,6
XVI,845969,"Machine-tools; for milling by removing metal, not knee-type, other than numerically controlled",8459,6
XVI,845970,Machine-tools; for threading or tapping by removing metal,8459,6
XVI,8460,"Machine-tools; for deburring, sharpening, grinding, honing, lapping, polishing or otherwise finishing metal, sintered metal carbides or cermets by means of grinding stones, abrasives or polishing products",84,4
XVI,846012,"Machine-tools; flat-surface grinding machines, numerically controlled",8460,6
XVI,846019,"Machine-tools; flat-surface grinding machines, other than numerically controlled",8460,6
XVI,846022,"Machine-tools; grinding machines (excluding flat-surface), centreless, numerically controlled",8460,6
XVI,846023,"Machine-tools; cylindrical grinding machines (excluding flat-surface and centreless), numerically controlled",8460,6
XVI,846024,"Machine-tools; grinding machines (excluding flat-surface, cylindrical and centreless), numerically controlled",8460,6
XVI,846029,"Machine-tools; grinding machines (excluding flat-surface), other than numerically controlled",8460,6
XVI,846031,"Machine-tools; sharpening (tool or cutter grinding) machines, numerically controlled",8460,6
XVI,846039,"Machine-tools; sharpening (tool or cutter grinding) machines, other than numerically controlled",8460,6
XVI,846040,Machine-tools; for honing or lapping,8460,6
XVI,846090,"Machine-tools; for deburring, grinding, polishing or otherwise finishing metal, sintered metal carbides or cermets by means of grinding stones, abrasives or polishing products, n.e.c. in heading no. 8460",8460,6
XVI,8461,"Machine-tools; for planing, shaping, slotting, broaching, gear cutting and grinding, finishing, sawing, cutting off and other tools working by removing metal, sintered metal carbides or cermets n.e.c.",84,4
XVI,846120,"Machine-tools; shaping or slotting machines, working by removing metal, sintered metal carbides or cermets",8461,6
XVI,846130,"Machine-tools; broaching machines, working by removing metal, sintered metal carbides or cermets",8461,6
XVI,846140,"Machine-tools; gear cutting, gear grinding or gear finishing machines, working by removing metal, sintered metal carbides or cermets",8461,6
XVI,846150,"Machine-tools; sawing or cutting-off machines, working by removing metal, sintered metal carbides or cermets",8461,6
XVI,846190,"Machine-tools; planing machines, and other machine-tools n.e.c. in heading no. 8461; working by removing metal, sinistered metal carbides or cerments.",8461,6
XVI,8462,"Machine-tools (including presses) for working metal by forging, hammering or die forging (excluding rolling mills); machine-tools (including presses, slitting lines and cut-to-length lines) for working metal by bending, folding, straightening, flattening,",84,4
XVI,846211,"Machine-tools; forging and die-forging machines (including presses), closed die forging machines, for working metal",8462,6
XVI,846219,"Machine-tools; hot forming machines, hot hammers, for working metal",8462,6
XVI,846222,"Machine-tools; bending, folding, straightening or flattening machines (including press brakes) for flat products, for working metal, numerically controlled",8462,6
XVI,846223,"Machine-tools; bending, folding, straightening or flattening machines (including presses), for working metal, numerically controlled press brakes",8462,6
XVI,846224,"Machine-tools; bending, folding, straightening or flattening machines (including presses), for working metal, numerically controlled panel benders",8462,6
XVI,846225,"Machine-tools; bending, folding, straightening or flattening machines (including presses), for working metal, numerically controlled roll forming machines",8462,6
XVI,846226,"Machine-tools; bending, folding, straightening or flattening machines (including presses), for working metal, numerically controlled bending, folding, straightening or fattening machines (not press brakes, panel benders or roll forming machines)",8462,6
XVI,846229,"Machine-tools; bending, folding, straightening or flattening machines (including press brakes), for working metal, numerically controlled n.e.c. in item 84.62.2",8462,6
XVI,846232,"Machine-tools; slitting lines and cut-to-length lines, for working metal",8462,6
XVI,846233,"Machine-tools; shearing machines (excluding presses) for flat products, numerically controlled, other than combined punching and shearing machines, for working metal",8462,6
XVI,846239,"Machine-tools; shearing machines (excluding presses) for flat products, other than numerically controlled, other than combined punching and shearing machines, for working metal",8462,6
XVI,846242,"Machine-tools; punching, notching or nibbling machines (excluding presses) for flat products including combined punching and shearing machines, numerically controlled, for working metal",8462,6
XVI,846249,"Machine-tools; punching, notching or nibbling machines (excluding presses) for flat products including combined punching and shearing machines, other than numerically controlled, for working metal",8462,6
XVI,846251,"Machine-tools; for working tube, pipe, hollow section and bar (excluding presses), for working metal, numerically controlled",8462,6
XVI,846259,"Machine-tools; for working tube, pipe, hollow section and bar (excluding presses), for working metal, not numerically controlled",8462,6
XVI,846261,"Machine-tools; cold metal working presses, hydraulic presses",8462,6
XVI,846262,"Machine-tools; cold metal working presses, mechanical presses",8462,6
XVI,846263,"Machine-tools; cold metal working presses, servo-presses",8462,6
XVI,846269,"Machine-tools; cold metal working presses, other than hydraulic, mechanical or servo-presses",8462,6
XVI,846290,"Machine-tools; (including presses) for working metal by forging, hammering or die-forging, for bending, folding, straightening, flattening, shearing, punching, notching or nibbling metal, n.e.c. in heading 8462",8462,6
XVI,8463,"Machine-tools; n.e.c. for working metal, sintered metal carbides or cermets without removing material",84,4
XVI,846310,"Machine-tools; for working metal, sintered metal carbides or cermets, without removing material, draw-benches for bars, tubes, profiles, wire or the like",8463,6
XVI,846320,"Machine-tools; for working metal, sintered metal carbides or cermets, without removing material, thread rolling machines",8463,6
XVI,846330,"Machine-tools; machines for working wire, without removing material",8463,6
XVI,846390,"Machine-tools; for working metal, sintered metal carbides or cermets, without removing material, n.e.c. in heading no. 8463",8463,6
XVI,8464,"Machine-tools; for working stone, ceramics, concrete, asbestos-cement or like mineral materials or for cold working glass",84,4
XVI,846410,"Machine-tools; sawing machines, for working stone, ceramics, concrete, asbestos-cement or like mineral materials or for cold working glass",8464,6
XVI,846420,"Machine-tools; grinding or polishing machines, for working stone, ceramics, concrete, asbestos-cement or like mineral materials or for cold working glass",8464,6
XVI,846490,"Machine-tools; for working stone, ceramics, concrete, asbestos-cement or like mineral materials or for cold working glass, (other than sawing, grinding or polishing machines)",8464,6
XVI,8465,"Machine-tools; (including machines for nailing, stapling, glueing or otherwise assembling) for working wood, cork, bone, hard plastics or rubber or similar hard materials",84,4
XVI,846510,"Machine-tools; which can carry out different types of machining operations without tool change between such operations, for working wood, cork, bone, hard rubber, hard plastics or similar",8465,6
XVI,846520,"Machine-tools; for working wood, cork, bone, hard rubber, hard plastics or similar hard materials; machining centres",8465,6
XVI,846591,"Machine-tools; for working wood, cork, bone, hard rubber, hard plastics or similar hard materials; sawing machines",8465,6
XVI,846592,"Machine-tools; for working wood, cork, bone, hard rubber, hard plastics or similar hard materials; planing, milling or moulding (by cutting) machines",8465,6
XVI,846593,"Machine-tools; for working wood, cork, bone, hard rubber, hard plastics or similar hard materials; grinding, sanding or polishing machines",8465,6
XVI,846594,"Machine-tools; for working wood, cork, bone, hard rubber, hard plastics or similar hard materials; bending or assembling machines",8465,6
XVI,846595,"Machine-tools; for working wood, cork, bone, hard rubber, hard plastics or similar hard materials; drilling or morticing machines",8465,6
XVI,846596,"Machine-tools; for working wood, cork, bone, hard rubber, hard plastics or similar hard materials; splitting, slicing or paring machines",8465,6
XVI,846599,"Machine-tools; for working wood, cork, bone, hard rubber, hard plastics or similar hard materials; n.e.c. in heading no. 8465",8465,6
XVI,8466,"Parts & accessories suited for use only/mainly with machines of headings 8456-8465, including work/tool holders, self-opening dieheads, dividing heads & other special attachments for the machines; tool holders for any type of tool for working in the hand",84,4
XVI,846610,Parts & accessories suited for use solely/principally with machines of headings 8456-8465; tool holders and self-opening dieheads,8466,6
XVI,846620,Parts & accessories suited for use solely/principally with machines of headings 8456-8465; work holders,8466,6
XVI,846630,Parts & accessories suited for use solely/principally with machines of headings 8456-8465; dividing heads and other special attachments for machines,8466,6
XVI,846691,"Parts & accessories suited for use solely/principally; for the machines of heading no. 8464, n.e.c. in heading no. 8466",8466,6
XVI,846692,"Parts & accessories suited for use solely/principally for the machines of heading no. 8465, n.e.c. in heading no. 8466",8466,6
XVI,846693,Parts & accessories suited for use solely/principally with machines of headings 8456-8465; n.e.c. in heading no. 8466,8466,6
XVI,846694,"Machine-tools; parts and accessories, for the machines of heading no. 8462 or 8463, n.e.c. in heading no. 8466",8466,6
XVI,8467,"Tools; for working in the hand, pneumatic, hydraulic or with self-contained electric or non-electric motor",84,4
XVI,846711,"Tools; for working in the hand, pneumatic, rotary type (including combined rotary-percussion)",8467,6
XVI,846719,"Tools; for working in the hand, pneumatic, other than rotary type",8467,6
XVI,846721,"Tools; for working in the hand, with self-contained electric motor; drills of all kinds",8467,6
XVI,846722,"Tools; for working in the hand, with self-contained electric motor; saws",8467,6
XVI,846729,"Tools; for working in the hand, with self-contained electric motor; other than saws and drills",8467,6
XVI,846781,"Tools; for working in the hand, chain saws with self-contained non-electric motor",8467,6
XVI,846789,"Tools; for working in the hand, (other than chain saws), hydraulic or with self-contained non-electric motor, (not pneumatic)",8467,6
XVI,846791,"Tools; for working in the hand, parts of chain saws, with self-contained non-electric motor",8467,6
XVI,846792,"Tools; for working in the hand, parts of pneumatic tools",8467,6
XVI,846799,"Tools; for working in the hand, parts thereof for other than chain saws and pneumatic tools",8467,6
XVI,8468,"Machinery and apparatus for soldering, brazing, welding, whether or not capable of cutting, other than those of heading no. 8515; gas-operated surface tempering machines and appliances",84,4
XVI,846810,"Machinery and apparatus; hand-held blow pipes for soldering, brazing or welding, whether or not capable of cutting",8468,6
XVI,846820,"Machinery and apparatus; gas operated machinery and apparatus n.e.c. in item no. 8468.10, for soldering, brazing or welding, whether or not capable of cutting",8468,6
XVI,846880,"Machinery and apparatus; for soldering, brazing or welding, whether or not capable of cutting, n.e.c. in heading no. 8468",8468,6
XVI,846890,"Machinery and apparatus; parts, soldering, brazing or welding, whether or not capable of cutting, parts thereof",8468,6
XVI,8470,"Calculating machines and pocket-size data recording, reproducing and displaying machines with calculating functions; accounting machines, postage-franking machines, ticket-issuing machines and similar, incorporating a calculating device; cash registers",84,4
XVI,847010,"Calculating machines; electronic calculators capable of operation without an external source of electric power and pocket-size data recording, reproducing and displaying machines with calculating functions",8470,6
XVI,847021,"Calculating machines; electronic, incorporating a printing device, needing an external source of power",8470,6
XVI,847029,"Calculating machines; electronic, (not incorporating a printing device), needing an external power source",8470,6
XVI,847030,Calculating machines; non-electronic,8470,6
XVI,847050,Cash registers,8470,6
XVI,847090,Machines incorporating a calculating device; n.e.c. in heading no. 8470,8470,6
XVI,8471,"Automatic data processing machines and units thereof, magnetic or optical readers, machines for transcribing data onto data media in coded form and machines for processing such data, not elsewhere specified or included",84,4
XVI,847130,"Automatic data processing machines; portable, weighing not more than 10kg, consisting of at least a central processing unit, a keyboard and a display",8471,6
XVI,847141,"Automatic data processing machines; comprising in the same housing at least a central processing unit and an input and output unit, whether or not combined, n.e.c. in item no. 8471.30",8471,6
XVI,847149,"Automatic data processing machines; presented in the form of systems, n.e.c. in item no. 8471.30 or 8471.41",8471,6
XVI,847150,"Units of automatic data processing machines; processing units other than those of item no. 8471.41 or 8471.49, whether or not containing in the same housing one or two of the following types of unit: storage units, input units or output units",8471,6
XVI,847160,"Units of automatic data processing machines; input or output units, whether or not containing storage units in the same housing",8471,6
XVI,847170,Units of automatic data processing machines; storage units,8471,6
XVI,847180,"Units of automatic data processing machines; n.e.c. in item no. 8471.50, 8471.60 or 8471.70",8471,6
XVI,847190,"Magnetic or optical readers, machines for transcribing data onto data media in coded form and machines for processing such data, not elsewhere specified or included",8471,6
XVI,8472,Office machines; not elsewhere classified,84,4
XVI,847210,Office machines; duplicating machines,8472,6
XVI,847230,"Office machines; for sorting or folding mail or for inserting mail in envelopes or bands, machines for opening, closing or sealing mail and machines for affixing or cancelling postage stamps",8472,6
XVI,847290,Office machines; not elsewhere classified,8472,6
XVI,8473,"Machinery; parts and accessories (other than covers, carrying cases and the like) suitable for use solely or principally with machines of headings 84.70 to 84.72",84,4
XVI,847321,"Calculating machines; parts and accessories of the electronic calculating machines of item no. 8470.10, 8470.21 or 8470.29 (other than covers, carrying cases and the like)",8473,6
XVI,847329,"Machinery; parts and accessories of the machines of item no. 8470.30. 8470.50 or 8470.90 (other than covers, carrying cases and the like)",8473,6
XVI,847330,"Machinery; parts and accessories (other than covers, carrying cases and the like) of the machines of heading no. 8471",8473,6
XVI,847340,"Machinery; parts and accessories (other than covers, carrying cases and the like) of the machines of heading no. 8472",8473,6
XVI,847350,"Machines; parts and accessories (other than covers, carrying cases and the like) equally suitable for use with machines of two or more of the headings 8470 to 8472",8473,6
XVI,8474,"Machinery for sorting, screening, separating, washing, crushing, grinding, mixing or kneading earth, stone, ores in solid form, shaping, moulding machinery for solid mineral fuels",84,4
XVI,847410,"Machines; for sorting, screening, separating or washing earth, stone, ores or other mineral substances",8474,6
XVI,847420,"Machines; for crushing or grinding earth, stone, ores or other mineral substances",8474,6
XVI,847431,Machines; concrete or mortar mixers,8474,6
XVI,847432,Machines; for mixing mineral substances with bitumen,8474,6
XVI,847439,"Machines; for mixing or kneading mineral substances, excluding concrete mixers and machines for mixing mineral substances with bitumen",8474,6
XVI,847480,"Machines; for agglomerating, shaping or moulding solid mineral fuels, ceramic paste, unhardened cements, plastering materials in powder or paste form, machines for forming foundry moulds of sand",8474,6
XVI,847490,"Machines, for sorting, screening, separating, washing, crushing etc mineral substances, for agglomerating, shaping or moulding solid fuels, ceramic pastes etc, for forming foundry moulds of sand; parts",8474,6
XVI,8475,"Machines; for assembling electric or electronic lamps, tubes, valves, flashbulbs, in glass envelopes, machines for manufacturing or hot working glass or glassware",84,4
XVI,847510,"Machines; for assembling electric or electronic lamps, tubes, valves or flashbulbs, in glass envelopes",8475,6
XVI,847521,"Machines; for manufacturing or hot working glass or glassware, for making optical fibres and preforms thereof",8475,6
XVI,847529,"Machines; for manufacturing or hot working glass or glassware, not for making optical fibres and preforms thereof",8475,6
XVI,847590,"Machines; parts, of those for assembling electric or electronic lamps, tubes, valves or flash-bulbs, in glass envelopes and manufacturing or hot working glass or glassware",8475,6
XVI,8476,"Automatic goods-vending machines (e.g. postage stamp, cigarette, food or beverage machines), including money-changing machines",84,4
XVI,847621,"Machines; automatic beverage-vending machines, incorporating heating or refrigerating devices",8476,6
XVI,847629,"Machines; automatic beverage-vending machines, not incorporating heating or refrigerating devices",8476,6
XVI,847681,"Machines; automatic goods-vending machines, (e.g. postage stamp, cigarette, food or money-changing machines, excluding beverage-vending machines), incorporating heating or refrigerating devices",8476,6
XVI,847689,"Machines; automatic goods-vending machines, (e.g. postage stamp, cigarette, food or money-changing machines, excluding beverage-vending machines), not incorporating heating or refrigerating devices",8476,6
XVI,847690,Machines; parts of automatic goods-vending machines,8476,6
XVI,8477,"Machinery; for working rubber or plastics or for the manufacture of products from these materials, n.e.c. in this chapter",84,4
XVI,847710,"Machinery; injection-moulding machines, for working rubber or plastics or for the manufacture of products from these materials",8477,6
XVI,847720,"Machinery; extruders, for working rubber or plastics or for the manufacture of products from these materials",8477,6
XVI,847730,"Machinery; blow moulding machines, for working rubber or plastics or for the manufacture of products from these materials",8477,6
XVI,847740,"Machinery; vacuum moulding machines and other thermoforming machines, for working rubber or plastics or for the manufacture of products from these materials",8477,6
XVI,847751,Machinery; for moulding or retreading pneumatic tyres or for moulding or otherwise forming inner tubes,8477,6
XVI,847759,"Machinery; for moulding or forming, for working rubber or plastics or for the manufacture of products from these materials, n.e.c. in this chapter",8477,6
XVI,847780,"Machinery; for working rubber or plastics or for the manufacture of products from these materials, n.e.c. in this chapter",8477,6
XVI,847790,"Machinery; parts of the machines of heading no. 8477, n.e.c. in item no. 8477.90",8477,6
XVI,8478,"Machinery; for preparing or making up tobacco, n.e.c. in this chapter",84,4
XVI,847810,"Machinery; for preparing or making up tobacco, n.e.c. in this chapter",8478,6
XVI,847890,"Machinery; parts of those for preparing or making up tobacco, n.e.c. in this chapter",8478,6
XVI,8479,"Machinery and mechanical appliances; having individual functions, n.e.c. in this chapter",84,4
XVI,847910,"Machinery and mechanical appliances; for public works, building or the like",8479,6
XVI,847920,Machinery; for the extraction or preparation of animal or fixed vegetable or microbial fats or oils,8479,6
XVI,847930,Machinery and mechanical appliances; presses for the manufacture of particle or fibre building board of wood or other ligneous materials and other machinery for treating wood or cork,8479,6
XVI,847940,Machines; for making rope or cable,8479,6
XVI,847950,"Machinery and mechanical appliances; industrial robots, n.e.c. or included",8479,6
XVI,847960,Machinery and mechanical appliances; evaporative air coolers,8479,6
XVI,847971,"Machinery and mechanical appliances; passenger boarding bridges, of a kind used in airports",8479,6
XVI,847979,"Machinery and mechanical appliances; passenger boarding bridges, other than of a kind used in airports",8479,6
XVI,847981,"Machines and mechanical appliances; for treating metal, including electric wire coil-winders",8479,6
XVI,847982,"Machines; for mixing, kneading, crushing, grinding, screening, sifting, homogenising, emulsifying or stirring",8479,6
XVI,847983,Machines and mechanical appliances; cold isostatic presses,8479,6
XVI,847989,"Machines and mechanical appliances; having individual functions, n.e.c. or included in this chapter",8479,6
XVI,847990,"Machines and mechanical appliances; parts, of those having individual functions",8479,6
XVI,8480,"Moulding boxes for metal foundry, moulding patterns, moulds for metals (excluding ingot moulds), metal carbides, glass, mineral materials, rubber or plastics",84,4
XVI,848010,Moulding boxes; for metal foundry,8480,6
XVI,848020,"Mould bases; for metal, metal carbides, glass, mineral materials, rubber or plastics",8480,6
XVI,848030,"Moulding patterns; of metal, metal carbides, glass, mineral materials, rubber or plastics",8480,6
XVI,848041,"Moulds; for metal or metal carbides, injection or compression types",8480,6
XVI,848049,"Moulds; for metal or metal carbides, other than injection or compression types",8480,6
XVI,848050,Moulds; for glass,8480,6
XVI,848060,Moulds; for mineral materials,8480,6
XVI,848071,"Moulds; for rubber or plastics, injection or compression types",8480,6
XVI,848079,"Moulds; for rubber or plastics, other than injection or compression types",8480,6
XVI,8481,"Taps, cocks, valves and similar appliances for pipes, boiler shells, tanks, vats or the like, including pressure-reducing valves and thermostatically controlled valves",84,4
XVI,848110,"Valves; pressure reducing, for pipes, boiler shells, tanks, vats or the like",8481,6
XVI,848120,Valves; for oleohydraulic or pneumatic transmissions,8481,6
XVI,848130,"Valves; check (nonreturn) valves, for pipes, boiler shells, tanks, vats or the like",8481,6
XVI,848140,"Valves; safety or relief valves, for pipes, boiler shells, tanks, vats or the like",8481,6
XVI,848180,"Taps, cocks, valves and similar appliances; for pipes, boiler shells, tanks, vats or the like, including thermostatically controlled valves",8481,6
XVI,848190,"Taps, cocks, valves and similar appliances; parts thereof",8481,6
XVI,8482,Ball or roller bearings,84,4
XVI,848210,Ball bearings,8482,6
XVI,848220,"Bearings; tapered roller bearings, including cone and tapered roller assemblies",8482,6
XVI,848230,Bearings; spherical roller bearings,8482,6
XVI,848240,"Bearings; needle roller bearings, including cage and needle roller assemblies",8482,6
XVI,848250,"Bearings; cylindrical roller bearings, including cage and roller assemblies n.e.c. in heading no. 8482",8482,6
XVI,848280,"Bearings; n.e.c. in heading no. 8482, including combined ball/roller",8482,6
XVI,848291,"Bearings; parts, balls, needles and rollers",8482,6
XVI,848299,"Bearings; parts, (other than balls, needles and rollers)",8482,6
XVI,8483,Transmission shafts (including cam and crank) and cranks; bearing housings and plain shaft bearings; gears and gearing; ball or roller screws; gear boxes and other speed changers; flywheels and pulleys; clutches and shaft couplings,84,4
XVI,848310,Transmission shafts (including cam shafts and crank shafts) and cranks,8483,6
XVI,848320,"Bearing housings, incorporating ball or roller bearings",8483,6
XVI,848330,"Bearing housings, not incorporating ball or roller bearings and plain shaft bearings",8483,6
XVI,848340,"Gears and gearing; (not toothed wheels, chain sprockets and other transmission elements presented separately); ball or roller screws; gear boxes and other speed changers, including torque converters",8483,6
XVI,848350,"Pulleys and flywheels, including pulley blocks",8483,6
XVI,848360,Clutches and shaft couplings (including universal joints),8483,6
XVI,848390,"Transmission components; toothed wheels, chain sprockets and other transmission elements presented separately; parts",8483,6
XVI,8484,"Gaskets and similar joints of metal sheeting combined with other material or of two or more layers of metal; sets or assortments of gaskets and similar joints, dissimilar in composition, put up in pouches, envelopes or similar packings; mechanical seals",84,4
XVI,848410,Gaskets and similar joints; of metal sheeting combined with other material or two or more layers of metal,8484,6
XVI,848420,Seals; mechanical,8484,6
XVI,848490,"Gasket sets or assortments of gaskets and similar joints; dissimilar in composition, put up in pouches, envelopes or similar packings",8484,6
XVI,8485,Machines for additive manufacturing,84,4
XVI,848510,Machines for additive manufacturing; by metal deposit,8485,6
XVI,848520,Machines for additive manufacturing; by plastic or rubber deposit,8485,6
XVI,848530,"Machines for additive manufacturing; by plaster, cement, ceramics or glass deposit",8485,6
XVI,848580,"Machines for additive manufacturing; by other than metal, plastic, rubber, plaster, cement, ceramics or glass deposits",8485,6
XVI,848590,Machines for additive manufacturing; parts,8485,6
XVI,8486,"Machines and apparatus of a kind used solely or principally for the manufacture of semiconductor boules or wafers, semiconductor devices, electronic integrated circuits or flat panel displays; machines & apparatus specified in note 11 (C) to this Chapter",84,4
XVI,848610,Machines and apparatus of a kind used solely or principally for the manufacture of semiconductor boules or wafers,8486,6
XVI,848620,Machines and apparatus of a kind used solely or principally for the manufacture of semiconductor devices or of electronic integrated circuits,8486,6
XVI,848630,Machines and apparatus of a kind used solely or principally for the manufacture of flat panel displays,8486,6
XVI,848640,"Machines and apparatus of a kind used solely or principally for the manufacture or repair of masks and reticles, assembling semiconductor devices or electronic integrated circuits, or for lifting, handling, loading or unloading items of heading 8486",8486,6
XVI,848690,Machines and apparatus of heading 8486; parts and accessories,8486,6
XVI,8487,"Machinery parts; not containing electrical connectors, insulators, coils, contacts or other electrical features, n.e.c. in this chapter",84,4
XVI,848710,Ships' or boats' propellers and blades therefor,8487,6
XVI,848790,"Machinery parts; not containing electrical connectors, insulators, coils, contacts or other electrical features, n.e.c. in chapter 84, other than ships' or boats' propellers and blades therefor",8487,6
XVI,85,"Electrical machinery and equipment and parts thereof; sound recorders and reproducers; television image and sound recorders and reproducers, parts and accessories of such articles",TOTAL,2
XVI,8501,Electric motors and generators (excluding generating sets),85,4
XVI,850110,Electric motors; of an output not exceeding 37.5W,8501,6
XVI,850120,Electric motors; universal AC/DC of an output exceeding 37.5W,8501,6
XVI,850131,"Electric motors and generators; DC, of an output not exceeding 750W",8501,6
XVI,850132,"Electric motors and generators; DC, of an output exceeding 750W but not exceeding 75kW",8501,6
XVI,850133,"Electric motors and generators; DC, of an output exceeding 75kW but not exceeding 375kW",8501,6
XVI,850134,"Electric motors and generators; DC, of an output exceeding 375kW",8501,6
XVI,850140,"Electric motors; AC motors, single-phase",8501,6
XVI,850151,"Electric motors; AC motors, multi-phase, of an output not exceeding 750W",8501,6
XVI,850152,"Electric motors; AC motors, multi-phase, of an output exceeding 750W but not exceeding 75kW",8501,6
XVI,850153,"Electric motors; AC motors, multi-phase, of an output exceeding 75kW",8501,6
XVI,850161,"Generators; AC generators, (alternators), other than photovoltaic generators, of an output not exceeding 75kVA",8501,6
XVI,850162,"Electric generators; AC generators, (alternators), other than photovoltaic generators, of an output exceeding 75kVA but not exceeding 375kVA",8501,6
XVI,850163,"Electric generators; AC generators, (alternators), other than photovoltaic generators, of an output exceeding 375kVA but not exceeding 750kVA",8501,6
XVI,850164,"Electric generators; AC generators, (alternators), other than photovoltaic generators, of an output exceeding 750kVA",8501,6
XVI,850171,"Electric generators; photovoltaic DC generators, of an output not exceeding 50W",8501,6
XVI,850172,"Electric generators; photovoltaic DC generators, of an output exceeding 50W",8501,6
XVI,850180,"Electric generators; (excluding generating sets), photovoltaic AC generators (alternators)",8501,6
XVI,8502,Electric generating sets and rotary converters,85,4
XVI,850211,"Electric generating sets; with compression-ignition internal combustion piston engines (diesel or semi-diesel engines), of an output not exceeding 75kVA",8502,6
XVI,850212,"Electric generating sets; with compression-ignition internal combustion piston engines (diesel or semi-diesel engines), of an output exceeding 75kVA but not exceeding 375kVA",8502,6
XVI,850213,"Electric generating sets; with compression-ignition internal combustion piston engines (diesel or semi-diesel engines), of an output exceeding 375kVA",8502,6
XVI,850220,Electric generating sets; with spark-ignition internal combustion piston engines,8502,6
XVI,850231,"Electric generating sets; wind-powered, (excluding those with spark-ignition or compression-ignition internal combustion piston engines)",8502,6
XVI,850239,"Electric generating sets; (excluding those with spark-ignition or compression-ignition internal combustion piston engines), other than wind powered",8502,6
XVI,850240,Electric rotary converters,8502,6
XVI,8503,Electric motors and generators; parts suitable for use solely or principally with the machines of heading no. 8501 or 8502,85,4
XVI,850300,Electric motors and generators; parts suitable for use solely or principally with the machines of heading no. 8501 or 8502,8503,6
XVI,8504,"Electric transformers, static converters (e.g. rectifiers) and inductors",85,4
XVI,850410,Discharge lamps or tubes; ballasts therefor,8504,6
XVI,850421,"Electrical transformers; liquid dielectric, having a power handling capacity not exceeding 650kVA",8504,6
XVI,850422,"Electrical transformers; liquid dielectric, having a power handling capacity exceeding 650kVA but not exceeding 10,000kVA",8504,6
XVI,850423,"Electrical transformers; liquid dielectric, having a power handling capacity exceeding 10,000kVA",8504,6
XVI,850431,"Electrical transformers; n.e.c. in item no. 8504.2, having a power handling capacity not exceeding 1kVA",8504,6
XVI,850432,"Transformers; n.e.c. in item no. 8504.2, having a power handling capacity exceeding 1kVA but not exceeding 16kVA",8504,6
XVI,850433,"Transformers; n.e.c. in item no. 8504.2, having a power handling capacity exceeding 16kVA but not exceeding 500kVA",8504,6
XVI,850434,"Transformers; n.e.c. in item no. 8504.2, having a power handling capacity exceeding 500kVA",8504,6
XVI,850440,Electrical static converters,8504,6
XVI,850450,Electrical inductors; n.e.c. in heading no. 8504,8504,6
XVI,850490,"Electrical transformers, static converters and inductors; parts thereof",8504,6
XVI,8505,"Electro-magnets; permanent magnets, intended permanent magnets; electro-magnetic, permanent magnet chucks, clamps, similar; electromagnetic couplings, clutches, brakes; electro-magnetic lifting heads",85,4
XVI,850511,"Magnets; permanent magnets and articles intended to become permanent magnets after magnetisation, of metal",8505,6
XVI,850519,"Magnets; permanent magnets and articles intended to become permanent magnets after magnetisation, other than of metal",8505,6
XVI,850520,"Magnets; electro-magnetic couplings, clutches and brakes",8505,6
XVI,850590,"Magnets; electro-magnets, holding devices and parts n.e.c. in heading no. 8505",8505,6
XVI,8506,Cells and batteries; primary,85,4
XVI,850610,"Cells and batteries; primary, manganese dioxide",8506,6
XVI,850630,"Cells and batteries; primary, mercuric oxide",8506,6
XVI,850640,"Cells and batteries; primary, silver oxide",8506,6
XVI,850650,"Cells and batteries; primary, lithium",8506,6
XVI,850660,"Cells and batteries; primary, air-zinc",8506,6
XVI,850680,"Cells and batteries; primary, (other than manganese dioxide, mercuric oxide, silver oxide, lithium or air-zinc)",8506,6
XVI,850690,"Cells and batteries; primary, parts thereof",8506,6
XVI,8507,"Electric accumulators, including separators therefor; whether or not rectangular (including square)",85,4
XVI,850710,"Electric accumulators; lead-acid, of a kind used for starting piston engines, including separators, whether or not rectangular (including square)",8507,6
XVI,850720,"Electric accumulators; lead-acid, (other than for starting piston engines), including separators, whether or not rectangular (including square)",8507,6
XVI,850730,"Electric accumulators; nickel-cadmium, including separators, whether or not rectangular (including square)",8507,6
XVI,850750,"Electric accumulators; nickel-metal hydride, including separators, whether or not rectangular (including square)",8507,6
XVI,850760,"Electric accumulators; lithium-ion, including separators, whether or not rectangular (including square)",8507,6
XVI,850780,"Electric accumulators; other than lead-acid, nickel-cadmium, nickel-metal hydride and lithium-ion, including separators, whether or not rectangular (including square)",8507,6
XVI,850790,Electric accumulators; parts n.e.c. in heading no. 8507,8507,6
XVI,8508,Vacuum cleaners,85,4
XVI,850811,"Vacuum cleaners, with self-contained electric motor, of a power not exceeding 1,500 W and having a dust bag or other receptacle capacity not exceeding 20L",8508,6
XVI,850819,"Vacuum cleaners, with self-contained electric motor, n.e.c. in item no. 8508.1",8508,6
XVI,850860,"Vacuum cleaners, other than with a self-contained electric motor",8508,6
XVI,850870,Parts of vacuum cleaners,8508,6
XVI,8509,"Electro-mechanical domestic appliances; with self-contained electric motor, other than vacuum cleaners of heading 85.08.",85,4
XVI,850940,"Electro-mechanical domestic appliances; food grinders and mixers, fruit or vegetable juice extractors, with self-contained electric motor",8509,6
XVI,850980,"Electro-mechanical domestic appliances; with self-contained electric motor, other than vacuum cleaners of heading 85.08, n.e.c. in heading no. 8509",8509,6
XVI,850990,Electro-mechanical domestic appliances; parts for the appliances of heading no. 8509,8509,6
XVI,8510,"Shavers, hair clippers and hair removing appliances, with self-contained electric motor",85,4
XVI,851010,Shavers; with self-contained electric motor,8510,6
XVI,851020,Hair clippers; with a self-contained electric motor,8510,6
XVI,851030,Hair-removing appliances; with self-contained electric motor,8510,6
XVI,851090,Shavers and hair clippers; parts of those with self-contained electric motor,8510,6
XVI,8511,Ignition or starting equipment; used for spark-ignition or compression-ignition internal combustion engines; generators and cut outs used in conjunction with such engines,85,4
XVI,851110,"Ignition or starting equipment; spark plugs, of a kind used for spark or compression-ignition internal combustion engines",8511,6
XVI,851120,"Ignition or starting equipment; ignition magnetos, magneto-dynamos and magnetic flywheels, of a kind used for spark or compression-ignition internal combustion engines",8511,6
XVI,851130,Ignition or starting equipment; distributors and ignition coils of a kind used for spark-ignition or compression-ignition internal combustion engines,8511,6
XVI,851140,"Ignition or starting equipment; starter motors and dual purpose starter-generators, of a kind used for spark or compression-ignition internal combustion engines",8511,6
XVI,851150,"Ignition or starting equipment; generators n.e.c. in heading no. 8511, of a kind used for spark or compression-ignition internal combustion engines",8511,6
XVI,851180,"Ignition or starting equipment; n.e.c. in heading no. 8511, of a kind used for spark or compression-ignition internal combustion engines",8511,6
XVI,851190,"Ignition or starting equipment; parts of the equipment of heading no. 8511, for use in spark-ignition or compression-ignition internal combustion engines",8511,6
XVI,8512,"Lighting or visual signalling equipment (excluding articles of heading no. 8539), windscreen wipers, defrosters and demisters; electrical, of a kind used for cycles or motor vehicles",85,4
XVI,851210,"Lighting or visual signalling equipment; electrical, of a kind used on bicycles, excluding articles of heading no. 8539",8512,6
XVI,851220,"Lighting or visual signalling equipment; electrical, of a kind used on motor vehicles (excluding articles of heading no. 8539)",8512,6
XVI,851230,"Sound signalling equipment; electrical, used on cycles or motor vehicles (excluding articles of heading no. 8539)",8512,6
XVI,851240,"Windscreen wipers, defrosters and demisters; electrical, of kinds used for cycles or motor vehicles",8512,6
XVI,851290,"Lighting or signalling equipment; electrical, (excluding articles of heading no. 8539), windscreen wipers, defrosters and demisters; parts, of those kinds used for cycles or motor vehicles",8512,6
XVI,8513,"Lamps; portable, electric, designed to function by their own source of energy (e.g. dry batteries, accumulators, magnetos), excluding lighting equipment of heading no. 8512",85,4
XVI,851310,"Lamps; portable, electric, designed to function by their own source of energy (excluding lighting equipment of heading no. 8512)",8513,6
XVI,851390,"Lamps; parts of portable, electric lamps of heading no. 8513, designed to function by their own source of energy",8513,6
XVI,8514,Industrial or laboratory electric furnaces and ovens (including those functioning by induction or dielectric loss); other industrial or laboratory equipment for the heat treatment of materials by induction or dielectric loss,85,4
XVI,851411,"Furnaces and ovens; electric, for industrial or laboratory use, resistance heated; hot isostatic presses",8514,6
XVI,851419,"Furnaces and ovens; electric, for industrial or laboratory use, resistance heated; other than hot isostatic presses, for the manufacture of semiconductor devices on semiconductor wafers",8514,6
XVI,851420,"Furnaces and ovens; electric, for industrial or laboratory use, functioning by induction or dielectric loss",8514,6
XVI,851431,"Furnaces and ovens; electric, for industrial or laboratory use, other than those functioning by induction, dielectric loss or resistance heated, electron beam furnaces",8514,6
XVI,851432,"Furnaces and ovens; electric, for industrial or laboratory use, other than those functioning by induction, dielectric loss or resistance heated, plasma and vacuum arc furnaces",8514,6
XVI,851439,"Furnaces and ovens; electric, for industrial or laboratory use, other than those functioning by induction, dielectric loss or resistance heated, other than electron beam, plasma or vacuum arc furnaces",8514,6
XVI,851440,"Heating equipment; for the heat treatment of materials by induction or dielectric loss, industrial or laboratory, other than furnaces and ovens",8514,6
XVI,851490,"Furnaces, ovens and heating equipment; parts of the industrial or laboratory equipment of heading no. 8514",8514,6
XVI,8515,"Electric (electrically heated gas) soldering, brazing, welding machines and apparatus, capable or not of cutting, electric machines and apparatus for hot spraying of metals or sintered carbides",85,4
XVI,851511,"Brazing or soldering machines and apparatus; soldering irons and guns, whether or not capable of cutting",8515,6
XVI,851519,"Brazing or soldering machines and apparatus; other than soldering irons and guns, whether or not capable of cutting",8515,6
XVI,851521,"Welding machines and apparatus; for resistance welding of metal, fully or partly automatic, whether or not capable of cutting",8515,6
XVI,851529,"Welding machines and apparatus; for resistance welding of metal, other than fully or partly automatic, whether or not capable of cutting",8515,6
XVI,851531,"Welding machines and apparatus; for arc (including plasma arc) welding of metals, fully or partly automatic, whether or not capable of cutting",8515,6
XVI,851539,"Welding machines and apparatus; for arc (including plasma arc) welding of metals, other than fully or partly automatic, whether or not capable of cutting",8515,6
XVI,851580,"Welding machines and apparatus; n.e.c. in heading no. 8515, whether or not capable of cutting",8515,6
XVI,851590,"Welding, brazing or soldering machines; parts of the machines of heading no. 8515",8515,6
XVI,8516,"Electric water, space, soil heaters; electro-thermic hair-dressing apparatus; hand dryers, irons; electro-thermic appliances for domestic purposes; electro heating resistors, not of heading no. 8545",85,4
XVI,851610,"Heaters; electric, instantaneous or storage water and immersion heaters",8516,6
XVI,851621,Heating apparatus; electric storage heating radiators,8516,6
XVI,851629,Heating apparatus; electric soil heating apparatus and space heating apparatus (excluding storage heating radiators),8516,6
XVI,851631,Hair-dressing apparatus; electro-thermic hair dryers,8516,6
XVI,851632,"Hair-dressing apparatus; electro-thermic, other than hair dryers",8516,6
XVI,851633,Hand-drying apparatus; electro-thermic,8516,6
XVI,851640,Smoothing irons; electric,8516,6
XVI,851650,"Ovens; microwave, of a kind used for domestic purposes",8516,6
XVI,851660,"Ovens, cookers, cooking plates, boiling rings, grillers and roasters; of a kind used for domestic purposes (excluding microwaves)",8516,6
XVI,851671,"Electro-thermic appliances; coffee or tea makers, of a kind used for domestic purposes",8516,6
XVI,851672,"Electro-thermic appliances; toasters, of a kind used for domestic purposes",8516,6
XVI,851679,"Electro-thermic appliances; n.e.c. in heading no. 8516, used for domestic purposes",8516,6
XVI,851680,"Resistors; electric heating, other than those of heading no. 8545",8516,6
XVI,851690,"Electro-thermic appliances; parts, of heating resistors, of water, space and soil heaters, hair-dressing apparatus, hand dryers, smoothing irons and other domestic appliances of heading no. 8516",8516,6
XVI,8517,"Telephone sets, including smartphones and other telephones for cellular/wireless networks; other apparatus for the transmission or reception of voice, images or other data (including wired/wireless networks), excluding items of 8443, 8525, 8527, or 8528",85,4
XVI,851711,Line telephone sets with cordless handsets,8517,6
XVI,851713,Telephone sets; smartphones for cellular or other wireless networks,8517,6
XVI,851714,"Telephone sets; other than smartphones, for cellular or other wireless networks",8517,6
XVI,851718,Telephone sets n.e.c. in item no. 8517.1,8517,6
XVI,851761,Base stations,8517,6
XVI,851762,"Communication apparatus (excluding telephone sets or base stations); machines for the reception, conversion and transmission or regeneration of voice, images or other data, including switching and routing apparatus",8517,6
XVI,851769,"Communication apparatus (excluding telephone sets or base stations); machines for the transmission or reception of voice, images or other data (including wired/wireless networks), n.e.c. in item no. 8517.6",8517,6
XVI,851771,"Communication apparatus; parts, aerials and aerial reflectors of all kinds, part suitable for use therewith",8517,6
XVI,851779,"Communication apparatus; parts, other than aerials and aerial reflectors of all kinds",8517,6
XVI,8518,"Microphones and their stands; loudspeakers, mounted or not in their enclosures; headphones and earphones, combined or not with a microphone, and sets of a microphone and one or more loudspeakers; audio-frequency and electric sound amplifiers and sets",85,4
XVI,851810,Microphones and stands therefor,8518,6
XVI,851821,"Loudspeakers; single, mounted in their enclosures",8518,6
XVI,851822,"Loudspeakers; multiple, mounted in the same enclosure",8518,6
XVI,851829,Loudspeakers; not mounted in their enclosures,8518,6
XVI,851830,"Headphones and earphones, whether or not combined with a microphone, and sets consisting of a microphone and one or more loudspeakers",8518,6
XVI,851840,Amplifiers; audio-frequency electric,8518,6
XVI,851850,Amplifier sets; electric sound,8518,6
XVI,851890,"Microphones, headphones, earphones, amplifier equipment; parts of the equipment of heading no. 8518",8518,6
XVI,8519,Sound recording or reproducing apparatus,85,4
XVI,851920,"Sound recording or reproducing apparatus; operated by coins, banknotes, bank cards, tokens or by other means of payment",8519,6
XVI,851930,Sound recording or reproducing apparatus; turntables (record-decks),8519,6
XVI,851981,"Sound recording or reproducing apparatus; using magnetic, optical or semiconductor media, n.e.c. in item no 8519.20, 8519.30 or 8519.50",8519,6
XVI,851989,Sound recording or reproducing apparatus; n.e.c. in heading no 8519,8519,6
XVI,8521,Video recording or reproducing apparatus,85,4
XVI,852110,Video recording or reproducing apparatus; magnetic tape-type,8521,6
XVI,852190,Video recording or reproducing apparatus; other than magnetic tape-type,8521,6
XVI,8522,Sound or video recording apparatus; parts and accessories suitable for use solely or principally with the apparatus of heading 8519 or 8521,85,4
XVI,852210,"Sound recording or reproducing apparatus; parts and accessories thereof, pick-up cartridges",8522,6
XVI,852290,"Sound or video recording or reproducing apparatus; parts and accessories thereof, other than pick-up cartridges",8522,6
XVI,8523,"Discs, tapes, solid-state non-volatile storage devices, smart cards and other media for the recording of sound or of other phenomena, whether or not recorded, including matrices and masters for the production of discs, excluding products of Chapter 37",85,4
XVI,852321,"Magnetic media; cards incorporating a magnetic stripe, whether or not recorded, excluding products of Chapter 37",8523,6
XVI,852329,"Magnetic media; other than cards incorporating a magnetic stripe, whether or not recorded, excluding products of Chapter 37",8523,6
XVI,852341,"Optical media; unrecorded, excluding products of Chapter 37",8523,6
XVI,852349,"Optical media; recorded, excluding products of Chapter 37",8523,6
XVI,852351,"Semiconductor media; solid-state non-volatile storage devices, whether or not recorded, excluding products of Chapter 37",8523,6
XVI,852352,"Semiconductor media; smart cards, whether or not recorded, excluding products of Chapter 37",8523,6
XVI,852359,"Semiconductor media; other than smart cards, whether or not recorded, excluding products of Chapter 37",8523,6
XVI,852380,"Media n.e.c. in heading 8523, whether or not recorded, excluding products of Chapter 37",8523,6
XVI,8524,"Flat panel display modules, whether or not incorporating touch-sensitive screens",85,4
XVI,852411,"Flat panel display modules, whether or not incorporating touch-sensitive screens; of liquid crystals, without drivers or control circuits",8524,6
XVI,852412,"Flat panel display modules, whether or not incorporating touch-sensitive screens; of organic light-emitting diodes (OLED), without drivers or control circuits",8524,6
XVI,852419,"Flat panel display modules, whether or not incorporating touch-sensitive screens; of other than liquid crystals or organic light-emitting diodes (OLED), without drivers or control circuits",8524,6
XVI,852491,"Flat panel display modules, whether or not incorporating touch-sensitive screens; of liquid crystals, with drivers or control circuits",8524,6
XVI,852492,"Flat panel display modules, whether or not incorporating touch-sensitive screens; of organic light-emitting diodes (OLED), with drivers or control circuits",8524,6
XVI,852499,"Flat panel display modules, whether or not incorporating touch-sensitive screens; of other than liquid crystals or organic light-emitting diodes (OLED), with drivers or control circuits",8524,6
XVI,8525,"Transmission apparatus for radio-broadcasting or television, whether or not incorporating reception apparatus or sound recording or reproducing apparatus; television cameras, digital cameras and video camera recorders",85,4
XVI,852550,"Transmission apparatus for radio-broadcasting or television, whether or not incorporating sound recording or reproducing apparatus, not incorporating reception apparatus",8525,6
XVI,852560,"Transmission apparatus for radio-broadcasting or television, whether or not incorporating sound recording or reproducing apparatus, incorporating reception apparatus",8525,6
XVI,852581,"Television cameras, digital cameras and video camera recorders; high-speed goods as specified in subheading note 1 to this chapter",8525,6
XVI,852582,"Television cameras, digital cameras and video camera recorders; radiation-hardened or radiation-tolerant goods as specified in subheading note 2 to this chapter",8525,6
XVI,852583,"Television cameras, digital cameras and video camera recorders; night vision goods as specified in subheading note 3 to this chapter",8525,6
XVI,852589,Television cameras; n.e.c. in item no 8525.8,8525,6
XVI,8526,"Radar apparatus, radio navigational aid apparatus and radio remote control apparatus",85,4
XVI,852610,Radar apparatus,8526,6
XVI,852691,Radio navigational aid apparatus,8526,6
XVI,852692,Radio remote control apparatus,8526,6
XVI,8527,"Reception apparatus for radio-broadcasting, whether or not combined, in the same housing, with sound recording or reproducing apparatus or a clock.",85,4
XVI,852712,Radio broadcast receivers capable of operating without an external power source; pocket-size radio cassette-players,8527,6
XVI,852713,"Radio broadcast receivers capable of operating without an external power source; apparatus (other than pocket-size radio cassette-players), combined with sound recording or reproducing apparatus",8527,6
XVI,852719,Radio broadcast receivers capable of operating without an external power source; n.e.c. in item no. 8527.1,8527,6
XVI,852721,"Radio-broadcast receivers not capable of operating without an external source of power, of a kind used in motor vehicles; combined with sound recording or reproducing apparatus",8527,6
XVI,852729,"Radio-broadcast receivers not capable of operating without an external source of power, of a kind used in motor vehicles; not combined with sound recording or reproducing apparatus",8527,6
XVI,852791,Radio-broadcast receivers n.e.c. in heading no. 8527; combined with sound recording or reproducing apparatus,8527,6
XVI,852792,Radio-broadcast receivers n.e.c. in heading no. 8527; not combined with sound recording or reproducing apparatus but combined with a clock,8527,6
XVI,852799,Radio-broadcast receivers n.e.c. in heading no. 8527; not combined with sound recording or reproducing apparatus and not combined with a clock,8527,6
XVI,8528,"Monitors and projectors, not incorporating television reception apparatus; reception apparatus for television, whether or not incorporating radio-broadcast receivers or sound or video recording or reproducing apparatus",85,4
XVI,852842,"Monitors; cathode-ray tube, capable of directly connecting to and designed for use with an automatic data processing machine of heading 84.71",8528,6
XVI,852849,"Monitors; cathode-ray tube, n.e.c. in subheading 8528.42, whether or not colour",8528,6
XVI,852852,Monitors; other than cathode-ray tube; capable of directly connecting to and designed for use with an automatic data processing machine of heading 84.71,8528,6
XVI,852859,"Monitors other than cathode-ray tube; n.e.c. in subheading 8528.52, whether or not colour",8528,6
XVI,852862,Projectors; capable of directly connecting to and designed for use with an automatic data processing machine of heading 84.71,8528,6
XVI,852869,"Projectors; n.e.c. in subheading 8528.62, whether or not colour",8528,6
XVI,852871,"Reception apparatus for television, whether or not incorporating radio-broadcast receivers or sound or video recording or reproducing apparatus; not designed to incorporate a video display or screen",8528,6
XVI,852872,"Reception apparatus for television, whether or not incorporating radio-broadcast receivers or sound or video recording or reproducing apparatus; incorporating a colour video display or screen",8528,6
XVI,852873,"Reception apparatus for television, whether or not incorporating radio-broadcast receivers or sound or video recording or reproducing apparatus; incorporating a monochrome video display or screen",8528,6
XVI,8529,Transmission apparatus; parts suitable for use solely or principally with the apparatus of heading no. 8524 to 8528,85,4
XVI,852910,Reception and transmission apparatus; aerials and aerial reflectors of all kinds and parts suitable for use therewith,8529,6
XVI,852990,"Reception and transmission apparatus; for use with the apparatus of heading no. 8524 to 8528, excluding aerials and aerial reflectors",8529,6
XVI,8530,"Signalling, safety or traffic control equipment; for railways, tramways, roads, inland waterways, parking facilities, port installations, airfields, excluding those of heading no. 8608",85,4
XVI,853010,"Signalling, safety or traffic control equipment; for railways or tramways (excluding those of heading no. 8608)",8530,6
XVI,853080,"Signalling, safety or traffic control equipment; for roads, inland waterways, parking facilities, port installations or airfields (excluding those of heading no. 8608)",8530,6
XVI,853090,"Signalling apparatus; parts of safety, traffic control equipment for railways, tramways, roads, inland waterways, airfields, parking facilities, port instalments (excluding those of heading no. 8608)",8530,6
XVI,8531,"Signalling apparatus; electric sound or visual (e.g. bells, sirens, indicator panels, burglar or fire alarms), excluding those of heading no. 8512 or 8530",85,4
XVI,853110,"Signalling apparatus; electric, sound or visual, burglar or fire alarms and similar, other than those of heading no. 8512 or 8530",8531,6
XVI,853120,"Signalling apparatus; electric, sound or visual, indicator panels incorporating liquid crystal devices (LCD) or light-emitting diodes (LED), excluding those of heading no. 8512 or 8530",8531,6
XVI,853180,"Signalling apparatus; electric, sound or visual, apparatus n.e.c. in heading no. 8531, excluding those of heading no. 8512 or 8530",8531,6
XVI,853190,"Signalling apparatus; parts of the electric, sound or visual apparatus of heading no. 8531",8531,6
XVI,8532,"Electrical capacitors; fixed, variable or adjustable (pre-set)",85,4
XVI,853210,"Electrical capacitors; fixed, designed for use in 50/60 Hz circuits and having a reactive power handling capacity of not less than 0.5 kvar (power capacitors)",8532,6
XVI,853221,"Electrical capacitors; fixed, tantalum",8532,6
XVI,853222,"Electrical capacitors; fixed, aluminium electrolytic",8532,6
XVI,853223,"Electrical capacitors; fixed, ceramic dielectric, single layer",8532,6
XVI,853224,"Electrical capacitors; fixed, ceramic dielectric, multilayer",8532,6
XVI,853225,"Electrical capacitors; fixed, dielectric of paper or plastics",8532,6
XVI,853229,"Electrical capacitors; fixed, n.e.c. in heading no. 8532",8532,6
XVI,853230,Electrical capacitors; variable or adjustable (pre-set) capacitors,8532,6
XVI,853290,Electrical capacitors; parts of the capacitors of heading no. 8532,8532,6
XVI,8533,"Electrical resistors (including rheostats and potentiometers), excluding heating resistors",85,4
XVI,853310,"Electrical resistors; fixed carbon resistors, composition or film types (including rheostats and potentiometers but excluding heating resistors)",8533,6
XVI,853321,"Electrical resistors; fixed, for a power handling capacity not exceeding 20W (including rheostats and potentiometers but excluding heating resistors and carbon resistors)",8533,6
XVI,853329,"Electrical resistors; fixed, for a power handling capacity exceeding 20W (including rheostats and potentiometers but excluding heating resistors and carbon resistors)",8533,6
XVI,853331,"Electrical resistors; wirewound variable, including rheostats and potentiometers, for a power handling capacity not exceeding 20W (excluding heating)",8533,6
XVI,853339,"Electrical resistors; wirewound variable, including rheostats and potentiometers, for a power handling capacity exceeding 20W (excluding heating)",8533,6
XVI,853340,"Electrical resistors; variable, including rheostats and potentiometers (excluding heating)",8533,6
XVI,853390,Resistors; parts of the resistors of heading no. 8533,8533,6
XVI,8534,Circuits; printed,85,4
XVI,853400,Circuits; printed,8534,6
XVI,8535,"Electrical apparatus for switching, protecting electrical circuits, for making connections to or in electrical circuits; for a voltage exceeding 1000 volts",85,4
XVI,853510,"Electrical apparatus; fuses, for a voltage exceeding 1000 volts",8535,6
XVI,853521,"Electrical apparatus; automatic circuit breakers, for a voltage exceeding 1000 volts but less than 72.5kV",8535,6
XVI,853529,"Electrical apparatus; automatic circuit breakers, for a voltage of 72.5kV or more",8535,6
XVI,853530,"Electrical apparatus; isolating and make-and-break switches, for a voltage exceeding 1000 volts",8535,6
XVI,853540,"Electrical apparatus; lightning arresters, voltage limiters and surge suppressors (for a voltage exceeding 1000 volts)",8535,6
XVI,853590,"Electrical apparatus; n.e.c. in heading no. 8535, for switching or protecting electrical circuits, for a voltage exceeding 1000 volts",8535,6
XVI,8536,"Electrical apparatus for switching, protecting electrical circuits, for making connections to or in electrical circuits, for a voltage not exceeding 1000 volts; connectors for optical fibres, optical fibre bundles or cables",85,4
XVI,853610,"Electrical apparatus; fuses, for a voltage not exceeding 1000 volts",8536,6
XVI,853620,"Electrical apparatus; automatic circuit breakers, for a voltage not exceeding 1000 volts",8536,6
XVI,853630,"Electrical apparatus; for protecting electrical circuits, n.e.c. in heading no. 8536, for a voltage not exceeding 1000 volts",8536,6
XVI,853641,"Electrical apparatus; relays, (for a voltage not exceeding 60 volts)",8536,6
XVI,853649,"Electrical apparatus; relays, for a voltage exceeding 60 volts",8536,6
XVI,853650,"Electrical apparatus; switches n.e.c. in heading no. 8536, for a voltage not exceeding 1000 volts",8536,6
XVI,853661,"Electrical apparatus; lamp-holders, for a voltage not exceeding 1000 volts",8536,6
XVI,853669,"Electrical apparatus; plugs and sockets, for a voltage not exceeding 1000 volts",8536,6
XVI,853670,"Connectors for optical fibres, optical fibre bundles or cables",8536,6
XVI,853690,"Electrical apparatus; n.e.c. in heading no. 8536, for switching or protecting electrical circuits, for a voltage not exceeding 1000 volts",8536,6
XVI,8537,"Boards, panels, consoles, desks, cabinets, bases with apparatus of heading no. 8535, 8536 for electricity control and distribution, (other than switching apparatus of heading no. 8517)",85,4
XVI,853710,"Boards, panels, consoles, desks and other bases; for electric control or the distribution of electricity, (other than switching apparatus of heading no. 8517), for a voltage not exceeding 1000 volts",8537,6
XVI,853720,"Boards, panels, consoles, desks and other bases; for electric control or the distribution of electricity, (other than switching apparatus of heading no. 8517), for a voltage exceeding 1000 volts",8537,6
XVI,8538,"Electrical apparatus; parts suitable for use solely or principally with the apparatus of heading no. 8535, 8536 and 8537",85,4
XVI,853810,"Electrical apparatus; parts (e.g. boards, panels, consoles, desks, cabinets, other bases), for goods of heading no. 8537, not equipped with their apparatus",8538,6
XVI,853890,"Electrical apparatus; parts suitable for use solely or principally with the apparatus of heading no. 8535, 8536 or 8537",8538,6
XVI,8539,"Lamps; electric filament or discharge lamps, including sealed beam lamp units and ultra-violet or infra-red lamps, arc lamps, light-emitting diode (LED) light sources",85,4
XVI,853910,Lamps; sealed beam units,8539,6
XVI,853921,"Lamps; filament, (excluding ultra-violet or infra-red), tungsten halogen",8539,6
XVI,853922,"Lamps; filament, (excluding ultra-violet or infra-red), of a power not exceeding 200W and for a voltage exceeding 100 volts, other than tungsten halogen",8539,6
XVI,853929,"Lamps; filament, (excluding ultra-violet or infra-red), n.e.c. in item no. 8539.2",8539,6
XVI,853931,"Lamps; discharge, (excluding ultra-violet), fluorescent, hot cathode",8539,6
XVI,853932,"Lamps; discharge, (excluding ultra-violet), mercury or sodium vapour lamps, metal halide lamps",8539,6
XVI,853939,"Lamps; discharge, (excluding ultra-violet, excluding fluorescent, hot cathode)",8539,6
XVI,853941,Lamps; arc-lamps,8539,6
XVI,853949,"Lamps; ultra-violet or infra-red lamps, (excluding arc-lamps)",8539,6
XVI,853951,"Lamps; light-emitting diode (LED) light sources, light-emitting diode (LED) modules",8539,6
XVI,853952,"Lamps; light-emitting diode (LED) light sources, light-emitting diode (LED) lamps",8539,6
XVI,853990,Lamps; parts of the lamps of heading no. 8539,8539,6
XVI,8540,"Thermionic, cold cathode or photo-cathode valves and tubes (e.g. vacuum, vapour, gas filled valves and tubes, mercury arc rectifying valves and tubes, cathode-ray and television camera tubes)",85,4
XVI,854011,"Tubes; cathode-ray television picture tubes, including video monitor cathode-ray tubes, colour",8540,6
XVI,854012,"Tubes; cathode-ray television picture tubes, including video monitor cathode-ray tubes, monochrome",8540,6
XVI,854020,"Tubes; television camera tubes, image converters and intensifiers, other photo-cathode tubes",8540,6
XVI,854040,"Tubes; data/graphic display tubes, monochrome; data/graphic display tubes, colour, with a phosphor dot screen pitch smaller than 0.4mm",8540,6
XVI,854060,"Tubes; cathode ray, n.e.c. in heading no. 8540",8540,6
XVI,854071,"Tubes; microwave, magnetrons, excluding grid-controlled tubes",8540,6
XVI,854079,"Tubes; microwave (for example klystrons, travelling wave tubes, carlinotrons), excluding magnetrons and grid-controlled tubes",8540,6
XVI,854081,Valves and tubes; receiver or amplifier,8540,6
XVI,854089,Valves and tubes; n.e.c. in heading no. 8540,8540,6
XVI,854091,Tubes; parts of cathode-ray tubes,8540,6
XVI,854099,"Valves and tubes; parts of the valves and tubes of heading no. 8540, excluding parts of cathode-ray tubes",8540,6
XVI,8541,"Semiconductor devices (e.g. diodes, transistors, semiconductor based transducers); including photovoltaic cells assembled or not in modules or panels, light-emitting diodes (LED) assembled with other LEDs or not, mounted piezo-electric crystals",85,4
XVI,854110,"Electrical apparatus; diodes, other than photosensitive or light-emitting diodes (LED)",8541,6
XVI,854121,"Electrical apparatus; transistors, (other than photosensitive), with a dissipation rate of less than 1W",8541,6
XVI,854129,"Electrical apparatus; transistors, (other than photosensitive), with a dissipation rate of 1W or more",8541,6
XVI,854130,"Electrical apparatus; thyristors, diacs and triacs, other than photosensitive devices",8541,6
XVI,854141,"Electrical apparatus; photosensitive semiconductor devices, light emitting diodes (LED)",8541,6
XVI,854142,"Electrical apparatus; photosensitive semiconductor devices, photovoltaic cells not assembled in modules or made up into panels",8541,6
XVI,854143,"Electrical apparatus; photosensitive semiconductor devices, photovoltaic cells assembled in modules or made up into panels",8541,6
XVI,854149,"Electrical apparatus; photosensitive semiconductor devices, diodes other than light emitting diodes and photovoltaic cells whether or not assembled in modules or made up into panels",8541,6
XVI,854151,"Electrical apparatus; photosensitive semiconductor devices, semiconductor-based transducers",8541,6
XVI,854159,Electrical apparatus; photosensitive semiconductor devices n.e.c. in heading no. 8541,8541,6
XVI,854160,Crystals; mounted piezo-electric,8541,6
XVI,854190,"Electrical apparatus; parts for diodes, transistors and similar semiconductor devices and photosensitive semiconductor devices",8541,6
XVI,8542,Electronic integrated circuits,85,4
XVI,854231,"Electronic integrated circuits; processors and controllers, whether or not combined with memories, converters, logic circuits, amplifiers, clock and timing circuits, or other circuits",8542,6
XVI,854232,Electronic integrated circuits; memories,8542,6
XVI,854233,Electronic integrated circuits; amplifiers,8542,6
XVI,854239,Electronic integrated circuits; n.e.c. in heading no. 8542,8542,6
XVI,854290,Parts of electronic integrated circuits,8542,6
XVI,8543,"Electrical machines and apparatus; having individual functions, not specified or included elsewhere in this chapter",85,4
XVI,854310,Electrical machines and apparatus; particle accelerators,8543,6
XVI,854320,Electrical machines and apparatus; signal generators,8543,6
XVI,854330,"Electrical machines and apparatus; for electroplating, electrolysis or electrophoresis",8543,6
XVI,854340,Electrical machines and apparatus; electronic cigarettes and similar personal electric vaporising devices,8543,6
XVI,854370,"Electrical machines and apparatus; having individual functions, not specified or included elsewhere in this chapter, n.e.c. in heading no. 8543",8543,6
XVI,854390,Electrical machines and apparatus; parts of the electrical goods of heading no. 8543,8543,6
XVI,8544,"Insulated wire, cable and other electric conductors, connector fitted or not; optical fibre cables of individually sheathed fibres, whether or not assembled with electric conductors or fitted with connectors",85,4
XVI,854411,"Insulated electric conductors; winding wire, of copper",8544,6
XVI,854419,"Insulated electric conductors; winding wire, (of other than copper)",8544,6
XVI,854420,Insulated electric conductors; co-axial cable and other co-axial electric conductors,8544,6
XVI,854430,"Insulated electric conductors; ignition wiring sets and other wiring sets of a kind used in vehicles, aircraft or ships",8544,6
XVI,854442,"Insulated electric conductors; for a voltage not exceeding 1000 volts, fitted with connectors",8544,6
XVI,854449,"Insulated electric conductors; for a voltage not exceeding 1000 volts, not fitted with connectors",8544,6
XVI,854460,Insulated electric conductors; for a voltage exceeding 1000 volts,8544,6
XVI,854470,Insulated electric conductors; optical fibre cables,8544,6
XVI,8545,"Carbon electrodes, carbon brushes, lamp carbons, battery carbons and other articles of graphite or other carbon; with or without metal, of a kind used for electrical purposes",85,4
XVI,854511,"Carbon electrodes; with or without metal, of a kind used for furnaces",8545,6
XVI,854519,"Carbon electrodes; with or without metal, of a kind used for other than furnaces",8545,6
XVI,854520,"Carbon brushes; with or without metal, used for electrical purposes",8545,6
XVI,854590,"Carbon; lamp carbons, battery carbons and other articles of graphite or other carbon, with or without metal, of a kind used for electrical purposes",8545,6
XVI,8546,Electrical insulators of any material,85,4
XVI,854610,Electrical insulators; of glass,8546,6
XVI,854620,Electrical insulators; of ceramics,8546,6
XVI,854690,Electrical insulators; other than of glass and ceramics,8546,6
XVI,8547,"Insulating fittings; for electrical machines, appliances, equipment, excluding insulators of heading no. 8546, electrical conduit tubing and joints therefore",85,4
XVI,854710,"Insulating fittings; of ceramics, for electrical machines, of insulating material only (except minor assembly parts), excluding those of heading no. 8546",8547,6
XVI,854720,"Insulating fittings; of plastics, for electrical machines, of insulating material only (except minor assembly parts), excluding those of heading no. 8546",8547,6
XVI,854790,"Insulating fittings; (other than of ceramics or plastics), for electrical machines, appliances and equipment, excluding insulators of heading no. 8546",8547,6
XVI,8548,Electrical parts of machinery or apparatus; not specified or elsewhere included in this chapter,85,4
XVI,854800,Electrical parts of machinery or apparatus; not specified or elsewhere included in this chapter,8548,6
XVI,8549,Electrical and electronic waste and scrap,85,4
XVI,854911,Waste and scrap of lead-acid accumulators; spent lead-acid accumulators,8549,6
XVI,854912,"Waste and scrap; of primary cells, primary batteries and electric accumulators, spent or not, containing lead, cadmium or mercury, other than lead-acid accumulators",8549,6
XVI,854913,"Waste and scrap; of primary cells, primary batteries and electric accumulators, spent or not, sorted by chemical type and not containing lead, cadmium or mercury",8549,6
XVI,854914,"Waste and scrap; of primary cells, primary batteries and electric accumulators, spent or not, unsorted and not containing lead, cadmium or mercury",8549,6
XVI,854919,"Waste and scrap; of primary cells, primary batteries and electric accumulators, n.e.c. in item no 8549.1",8549,6
XVI,854921,"Electrical and electronic waste and scrap; of a kind used principally for the recovery of precious metal, containing primary cells and batteries, electric accumulators, mercury-switches, glass from cathode ray tubes or other activated glass, or electrical",8549,6
XVI,854929,Waste and scrap; of a kind used principally for the recovery of precious metal n.e.c. in item no 8549.21,8549,6
XVI,854931,"Electrical and electronic waste and scrap; electrical and electronic assemblies and printed circuit boards, other than those used principally for the recovery of precious metal, containing primary cells and batteries, electric accumulators, mercury-switch",8549,6
XVI,854939,"Waste and scrap; electrical and electronic assemblies and printed circuit boards, other than those used principally for the recovery of precious metal n.e.c. in item no 8549.31",8549,6
XVI,854991,Waste and scrap; n.e.c. in heading no 8549,8549,6
XVI,854999,Waste and scrap; n.e.c. in item no 8549.91,8549,6
XVII,86,"Railway, tramway locomotives, rolling-stock and parts thereof; railway or tramway track fixtures and fittings and parts thereof; mechanical (including electro-mechanical) traffic signalling equipment of all kinds",TOTAL,2
XVII,8601,Rail locomotives; powered from an external source of electricity or by electric accumulators,86,4
XVII,860110,Rail locomotives; powered from an external source of electricity,8601,6
XVII,860120,Rail locomotives; powered by electric accumulators,8601,6
XVII,8602,"Rail locomotives; (other than those of heading no. 8601), locomotive tenders",86,4
XVII,860210,Rail locomotives; diesel-electric powered,8602,6
XVII,860290,Rail locomotives and locomotive tenders; other than diesel-electric powered,8602,6
XVII,8603,"Railway or tramway coaches, vans and trucks; self-propelled tenders, other than those of heading no. 8604",86,4
XVII,860310,"Railway or tramway coaches, vans and trucks; self-propelled, powered from an external source of electricity (excluding those of heading no. 8604)",8603,6
XVII,860390,"Railway or tramway coaches, vans and trucks; self-propelled, powered other than from an external source of electricity (excluding those of heading no. 8604)",8603,6
XVII,8604,"Railway or tramway maintenance or service vehicles; whether or not self-propelled (e.g. workshops, cranes, ballast tampers, trackliners, testing coaches and track inspection vehicles)",86,4
XVII,860400,"Railway or tramway maintenance or service vehicles; whether or not self-propelled (e.g. workshops, cranes, ballast tampers, trackliners, testing coaches and track inspection vehicles)",8604,6
XVII,8605,"Railway or tramway coaches; passenger coaches, luggage vans, post office coaches and other special purpose railway or tramway coaches, not self-propelled (excluding those of heading no. 8604)",86,4
XVII,860500,"Railway or tramway coaches; passenger coaches, luggage vans, post office coaches and other special purpose railway or tramway coaches, not self-propelled (excluding those of heading no. 8604)",8605,6
XVII,8606,Railway or tramway goods vans and wagons; not self-propelled,86,4
XVII,860610,"Railway or tramway goods vans and wagons; tank wagons and the like, not self-propelled",8606,6
XVII,860630,"Railway or tramway goods vans and wagons; self-discharging, not self-propelled, excluding those of item no. 8606.10",8606,6
XVII,860691,"Railway or tramway goods vans and wagons; covered and closed, not self-propelled",8606,6
XVII,860692,"Railway or tramway goods vans and wagons; open, with non-removable sides of a height exceeding 60cm, not self-propelled",8606,6
XVII,860699,"Railway or tramway goods vans and wagons; n.e.c. in heading no. 8606, not self-propelled",8606,6
XVII,8607,Railway or tramway locomotives or rolling stock; parts thereof,86,4
XVII,860711,"Railway or tramway locomotives or rolling stock; parts, driving bogies and bissel-bogies",8607,6
XVII,860712,"Railway or tramway locomotives or rolling stock; parts, bogies and bissel-bogies (excluding driving bogies and bissel-bogies)",8607,6
XVII,860719,"Railway or tramway locomotives or rolling stock; parts, axles and wheels, and parts thereof",8607,6
XVII,860721,"Railway or tramway locomotives or rolling stock; parts, air brakes and parts thereof",8607,6
XVII,860729,"Railway or tramway locomotives or rolling stock; parts, brakes (other than air brakes) and parts thereof",8607,6
XVII,860730,"Railway or tramway locomotives or rolling stock; parts, hooks and other coupling devices, buffers and parts thereof",8607,6
XVII,860791,Railway or tramway locomotives; parts n.e.c. in heading no. 8607,8607,6
XVII,860799,Railway or tramway rolling stock; parts n.e.c. in heading no. 8607,8607,6
XVII,8608,"Railway or tramway track fixtures and fittings; mechanical (including electro-mechanical) signalling, safety or traffic control equipment for railways, tramways, roads, inland waterways, parking facilities, port installations or airfields; parts thereof",86,4
XVII,860800,"Railway or tramway track fixtures and fittings; mechanical (including electro-mechanical) signalling, safety or traffic control equipment for railways, tramways, roads, inland waterways, parking facilities, port installations or airfields; parts thereof",8608,6
XVII,8609,Containers; (including containers for transport of fluids) specially designed and equipped for carriage by one or more modes of transport,86,4
XVII,860900,Containers; (including containers for transport of fluids) specially designed and equipped for carriage by one or more modes of transport,8609,6
XVII,87,"Vehicles; other than railway or tramway rolling stock, and parts and accessories thereof",TOTAL,2
XVII,8701,Tractors; (other than tractors of heading no 8709),87,4
XVII,870110,Tractors; single axle,8701,6
XVII,870121,"Tractors; road tractors for semi-trailers, with only compression-ignition internal combustion piston engine (diesel or semi-diesel)",8701,6
XVII,870122,"Tractors; road tractors for semi-trailers, with both compression-ignition internal combustion piston engine (diesel or semi-diesel) and electric motors for propulsion",8701,6
XVII,870123,"Tractors; road tractors for semi-trailers, with both spark-ignition internal combustion piston engine and electric motors for propulsion",8701,6
XVII,870124,"Tractors; road tractors for semi-trailers, with only electric motors for propulsion",8701,6
XVII,870129,"Tractors; road tractors for semi-trailers, with other propulsion methods n.e.c. in item no 8701.2",8701,6
XVII,870130,Tractors; track-laying,8701,6
XVII,870191,Tractors; n.e.c. in heading no 8701 (other than tractors of heading no 8709); of an engine power not exceeding 18kW,8701,6
XVII,870192,Tractors; n.e.c. in heading no 8701 (other than tractors of heading no 8709); of an engine power exceeding 18kW but not exceeding 37kW,8701,6
XVII,870193,Tractors; n.e.c. in heading no 8701 (other than tractors of heading no 8709); of an engine power exceeding 37kW but not exceeding 75kW,8701,6
XVII,870194,Tractors; n.e.c. in heading no 8701 (other than tractors of heading no 8709); of an engine power exceeding 75kW but not exceeding 130kW,8701,6
XVII,870195,Tractors; n.e.c. in heading no 8701 (other than tractors of heading no 8709); of an engine power exceeding 130kW,8701,6
XVII,8702,Vehicles; public transport passenger type,87,4
XVII,870210,"Vehicles; public transport type (carries 10 or more persons, including driver), with only compression-ignition internal combustion piston engine (diesel or semi-diesel), new or used",8702,6
XVII,870220,"Vehicles; public transport type (carries 10 or more persons, including driver), with both compression-ignition internal combustion piston engine (diesel or semi-diesel) and electric motor for propulsion, new or used",8702,6
XVII,870230,"Vehicles; public transport type (carries 10 or more persons, including driver), with both compression-ignition internal combustion piston engine (diesel or semi-diesel) and electric motor for propulsion, new or used",8702,6
XVII,870240,"Vehicles; public transport type (carries 10 or more persons, including driver), with only electric motor for propulsion, new or used",8702,6
XVII,870290,"Vehicles; public transport type (carries 10 or more persons, including driver), n.e.c. in heading 8702, new or used",8702,6
XVII,8703,"Motor cars and other motor vehicles; principally designed for the transport of persons (other than those of heading no. 8702), including station wagons and racing cars",87,4
XVII,870310,"Vehicles; specially designed for travelling on snow, golf cars and similar vehicles",8703,6
XVII,870321,"Vehicles; with only spark-ignition internal combustion piston engine, cylinder capacity not over 1000cc",8703,6
XVII,870322,"Vehicles; with only spark-ignition internal combustion piston engine, cylinder capacity over 1000 but not over 1500cc",8703,6
XVII,870323,"Vehicles; with only spark-ignition internal combustion reciprocating piston engine, cylinder capacity over 1500 but not over 3000cc",8703,6
XVII,870324,"Vehicles; with only spark-ignition internal combustion reciprocating piston engine, cylinder capacity over 3000cc",8703,6
XVII,870331,"Vehicles; with only compression-ignition internal combustion piston engine (diesel or semi-diesel), cylinder capacity not over 1500cc",8703,6
XVII,870332,"Vehicles; with only compression-ignition internal combustion piston engine (diesel or semi-diesel), cylinder capacity over 1500 but not over 2500cc",8703,6
XVII,870333,"Vehicles; with only compression-ignition internal combustion piston engine (diesel or semi-diesel), cylinder capacity over 2500cc",8703,6
XVII,870340,"Vehicles; with both spark-ignition internal combustion piston engine and electric motor for propulsion, incapable of being charged by plugging to external source of electric power",8703,6
XVII,870350,"Vehicles; with both compression-ignition internal combustion piston engine (diesel or semi-diesel) and electric motor for propulsion, incapable of being charged by plugging to external source of electric power",8703,6
XVII,870360,"Vehicles; with both spark-ignition internal combustion piston engine and electric motor for propulsion, capable of being charged by plugging to external source of electric power",8703,6
XVII,870370,"Vehicles; with both compression-ignition internal combustion piston engine (diesel or semi-diesel) and electric motor for propulsion, capable of being charged by plugging to external source of electric power",8703,6
XVII,870380,Vehicles; with only electric motor for propulsion,8703,6
XVII,870390,Vehicles; for transport of persons (other than those of heading no. 8702) n.e.c. in heading no. 8703,8703,6
XVII,8704,Vehicles; for the transport of goods,87,4
XVII,870410,"Vehicles; dumpers, designed for off-highway use, for transport of goods",8704,6
XVII,870421,"Vehicles; with only compression-ignition internal combustion piston engine (diesel or semi-diesel), for transport of goods, (of a gvw not exceeding 5 tonnes), n.e.c. in item no 8704.1",8704,6
XVII,870422,"Vehicles; with only compression-ignition internal combustion piston engine (diesel or semi-diesel), for transport of goods, (of a g.v.w. exceeding 5 tonnes but not exceeding 20 tonnes), n.e.c. in item no 8704.1",8704,6
XVII,870423,"Vehicles; with only compression-ignition internal combustion piston engine (diesel or semi-diesel), for transport of goods, (of a g.v.w. exceeding 20 tonnes), n.e.c. in item no 8704.1",8704,6
XVII,870431,"Vehicles; with only spark-ignition internal combustion piston engine, for transport of goods, (of a g.v.w. not exceeding 5 tonnes), n.e.c. in item no 8704.1",8704,6
XVII,870432,"Vehicles; with only spark-ignition internal combustion piston engine, for transport of goods, (of a g.v.w. exceeding 5 tonnes), n.e.c. in item no 8704.1",8704,6
XVII,870441,"Vehicles; with both compression-ignition internal combustion piston engine (diesel/semi-diesel) and electric motor as motor for propulsion, unassembled as in section 14, (gvw not exceeding 5000kg), for the transport of goods, vans",8704,6
XVII,870442,"Vehicles; with both compression-ignition internal combustion piston engine (diesel/semi-diesel) and electric motors for propulsion, of a g.v.w. exceeding 5,000kg but not exceeding 20,000kg",8704,6
XVII,870443,"Vehicles; with both compression-ignition internal combustion piston engine (diesel/semi-diesel) and electric motors for propulsion, of a g.v.w. exceeding 20,000kg",8704,6
XVII,870451,"Vehicles; with both spark-ignition internal combustion piston engine and electric motors for propulsion, of a g.v.w. not exceeding 5,000kg",8704,6
XVII,870452,"Vehicles; with both spark-ignition internal combustion piston engine and electric motors for propulsion, of a g.v.w. exceeding 5,000kg",8704,6
XVII,870460,Vehicles; with only electric motor for propulsion,8704,6
XVII,870490,"Vehicles; for transport of goods, n.e.c. in heading no. 8704",8704,6
XVII,8705,"Special purpose motor vehicles; not those for the transport of persons or goods (e.g. breakdown lorries, road sweeper lorries, spraying lorries, mobile workshops, mobile radiological units etc)",87,4
XVII,870510,Vehicles; crane lorries,8705,6
XVII,870520,Vehicles; mobile drilling derricks,8705,6
XVII,870530,Vehicles; fire fighting vehicles,8705,6
XVII,870540,Vehicles; concrete-mixer lorries,8705,6
XVII,870590,"Vehicles; break-down lorries, road-sweepers, spraying lorries, mobile workshops, mobile radiological units, and other special purpose vehicles n.e.c. in heading no. 8705",8705,6
XVII,8706,"Chassis; fitted with engines, for the motor vehicles of heading no. 8701 to 8705",87,4
XVII,870600,"Chassis; fitted with engines, for the motor vehicles of heading no. 8701 to 8705",8706,6
XVII,8707,Bodies; (including cabs) for the motor vehicles of heading no. 8701 to 8705,87,4
XVII,870710,Vehicles; bodies (including cabs) for the motor vehicles of heading no. 8703,8707,6
XVII,870790,"Vehicles; bodies (including cabs) for the motor vehicles of heading no. 8701, 8702, 8704 or 8705",8707,6
XVII,8708,"Motor vehicles; parts and accessories, of heading no. 8701 to 8705",87,4
XVII,870810,"Vehicles; bumpers and parts thereof, for the vehicles of heading no. 8701 to 8705",8708,6
XVII,870821,"Vehicles; parts of bodies, safety seat belts",8708,6
XVII,870822,"Vehicles; parts and accessories, front windscreens (windshields), rear windows and other windows specified in subheading note 1 to this chapter",8708,6
XVII,870829,"Vehicles; parts and accessories, of bodies, other than safety seat belts",8708,6
XVII,870830,"Vehicle parts; brakes, servo-brakes and parts thereof",8708,6
XVII,870840,Vehicle parts; gear boxes and parts thereof,8708,6
XVII,870850,"Vehicle parts; drive-axles with differential, whether or not provided with other transmission components, and non-driving axles; parts thereof",8708,6
XVII,870870,Vehicle parts; road wheels and parts and accessories thereof,8708,6
XVII,870880,Vehicle parts; suspension systems and parts thereof (including shock-absorbers),8708,6
XVII,870891,Vehicle parts; radiators and parts thereof,8708,6
XVII,870892,Vehicle parts; silencers (mufflers) and exhaust pipes; parts thereof,8708,6
XVII,870893,Vehicle parts; clutches and parts thereof,8708,6
XVII,870894,"Vehicle parts; steering wheels, steering columns and steering boxes; parts thereof",8708,6
XVII,870895,Vehicle parts; safety airbags with inflater system; parts thereof,8708,6
XVII,870899,Vehicle parts and accessories; n.e.c. in heading no. 8708,8708,6
XVII,8709,"Works trucks, self-propelled, (not fitted with lifting or handling equipment), for factories, warehouses etc, for short distance transport of goods, tractors used on railway station platforms; parts thereof",87,4
XVII,870911,"Vehicles; electrical, self-propelled, (not fitted with lifting or handling equipment), of the type used for short distance transport of goods in factories, warehouses, dock areas or airports",8709,6
XVII,870919,"Vehicles; (not electrical), self-propelled, without handling equipment, used for short distance transport of goods in factories, airports and such, and tractors of the type used on railway station platforms",8709,6
XVII,870990,Vehicles; parts of the vehicles of heading no. 8709,8709,6
XVII,8710,"Tanks and other armoured fighting vehicles; motorised, whether or not fitted with weapons, and parts of such vehicles",87,4
XVII,871000,"Tanks and other armoured fighting vehicles; motorised, whether or not fitted with weapons, and parts of such vehicles",8710,6
XVII,8711,"Motorcycles (including mopeds) and cycles; fitted with an auxiliary motor, with or without side-cars; side-cars",87,4
XVII,871110,"Motorcycles (including mopeds) and cycles; fitted with an auxiliary motor, with internal combustion piston engine of a cylinder capacity not exceeding 50cc, with or without side-cars; side-cars",8711,6
XVII,871120,"Motorcycles (including mopeds) and cycles; fitted with an auxiliary motor, internal combustion piston engine, of cylinder capacity exceeding 50cc but not exceeding 250cc, with or without side-cars; side-cars",8711,6
XVII,871130,"Motorcycles (including mopeds) and cycles; fitted with an auxiliary motor, internal combustion piston engine, of cylinder capacity exceeding 250cc but not exceeding 500cc, with or without side-cars; side-cars",8711,6
XVII,871140,"Motorcycles (including mopeds) and cycles; fitted with auxiliary motor, internal combustion piston engine of cylinder capacity exceeding 500cc but not exceeding 800cc, with or without sidecars; side-cars",8711,6
XVII,871150,"Motorcycles (including mopeds) and cycles; fitted with auxiliary motor, with internal combustion piston engine of a cylinder capacity exceeding 800cc, with or without side-cars; side-cars",8711,6
XVII,871160,"Motorcycles (including mopeds) and cycles; fitted with auxiliary motor, with electric motor for propulsion, with or without side-cars; side-cars",8711,6
XVII,871190,"Motorcycles (including mopeds) and cycles; n.e.c. in heading no. 8711, fitted with auxiliary motor, with or without side-cars; side-cars",8711,6
XVII,8712,"Bicycles and other cycles; including delivery tricycles, not motorised",87,4
XVII,871200,"Bicycles and other cycles; including delivery tricycles, not motorised",8712,6
XVII,8713,Carriages for disabled persons; whether or not motorised or otherwise mechanically propelled,87,4
XVII,871310,Carriages for disabled persons; not mechanically propelled,8713,6
XVII,871390,Carriages for disabled persons; mechanically propelled,8713,6
XVII,8714,Vehicles; parts and accessories of heading no. 8711 to 8713,87,4
XVII,871410,Motorcycles (including mopeds); parts and accessories,8714,6
XVII,871420,Carriages for disabled persons; parts and accessories thereof,8714,6
XVII,871491,"Cycles; frames and forks, and parts thereof",8714,6
XVII,871492,"Cycles; parts thereof, wheel rims and spokes",8714,6
XVII,871493,"Cycles; parts thereof, hubs (other than coaster braking hubs and hub brakes) and free-wheel sprocket-wheels",8714,6
XVII,871494,"Cycles; parts thereof, brakes, including coaster braking hubs and hub-brakes, and parts thereof",8714,6
XVII,871495,"Cycles; parts thereof, saddles",8714,6
XVII,871496,"Cycles; parts, pedals and crank-gear, and parts thereof",8714,6
XVII,871499,"Cycles; parts thereof, n.e.c. in item no. 8714.9",8714,6
XVII,8715,Baby carriages and parts thereof,87,4
XVII,871500,Baby carriages and parts thereof,8715,6
XVII,8716,"Trailers and semi-trailers; other vehicles, not mechanically propelled; parts thereof",87,4
XVII,871610,"Trailers and semi-trailers; of the caravan type, for housing or camping",8716,6
XVII,871620,"Trailers and semi-trailers; self-loading or self-unloading, for agricultural purposes",8716,6
XVII,871631,Tanker trailers and tanker semi-trailers,8716,6
XVII,871639,Trailers and semi-trailers; (other than tanker type),8716,6
XVII,871640,Trailers and semi-trailers; n.e.c. in item no. 8716.3,8716,6
XVII,871680,Vehicles; n.e.c. in heading no. 8716,8716,6
XVII,871690,"Trailers, semi-trailers and other vehicles not mechanically propelled; parts thereof for heading no. 8716",8716,6
XVII,88,"Aircraft, spacecraft, and parts thereof",TOTAL,2
XVII,8801,"Balloons and dirigibles; gliders, hang gliders and other non-powered aircraft.",88,4
XVII,880100,"Balloons and dirigibles; gliders, hang gliders and other non-powered aircraft.",8801,6
XVII,8802,"Aircraft n.e.c. in heading no. 8801, except unmanned aircraft of heading 8806, (e.g. helicopters, aeroplanes); spacecraft (including satellites) and suborbital and spacecraft launch vehicles",88,4
XVII,880211,"Helicopters, except unmanned; of an unladen weight not exceeding 2000kg",8802,6
XVII,880212,"Helicopters, except unmanned; of an unladen weight exceeding 2000kg",8802,6
XVII,880220,"Aeroplanes and other aircraft, except unmanned; of an unladen weight not exceeding 2000kg",8802,6
XVII,880230,"Aeroplanes and other aircraft, except unmanned; of an unladen weight exceeding 2000kg but not exceeding 15,000kg",8802,6
XVII,880240,"Aeroplanes and other aircraft, except unmanned; of an unladen weight exceeding 15,000kg",8802,6
XVII,880260,Spacecraft; (including satellites) and suborbital and spacecraft launch vehicles,8802,6
XVII,8804,Parachutes (including dirigible parachutes and paragliders) and rotochutes; parts thereof and accessories thereto,88,4
XVII,880400,Parachutes (including dirigible parachutes and paragliders) and rotochutes; parts thereof and accessories thereto,8804,6
XVII,8805,"Aircraft launching gear, deck-arrestor or similar gear, ground flying trainers; parts of the foregoing articles",88,4
XVII,880510,"Aircraft launching gear, deck-arrestor or similar gear and parts thereof",8805,6
XVII,880521,Ground flying trainers and parts thereof; air combat simulators and parts thereof,8805,6
XVII,880529,Ground flying trainers and parts thereof; other than air combat simulators and parts thereof,8805,6
XVII,8806,Unmanned aircraft,88,4
XVII,880610,Unmanned aircraft; for carriage of passengers,8806,6
XVII,880621,"Unmanned aircraft; for remote-controlled flight only, for other than for carriage of passengers, with the maximum take-off weight of not more than 250g",8806,6
XVII,880622,"Unmanned aircraft; for remote-controlled flight only, for other than for carriage of passengers, with the maximum take-off weight of more than 250g but not more than 7kg",8806,6
XVII,880623,"Unmanned aircraft; for remote-controlled flight only, for other than for carriage of passengers, with the maximum take-off weight of more than 7kg but not more than 25kg",8806,6
XVII,880624,"Unmanned aircraft; for remote-controlled flight only, for other than for carriage of passengers, with the maximum take-off weight of more than 25kg but not more than 150kg",8806,6
XVII,880629,"Unmanned aircraft; for remote-controlled flight only, for other than for carriage of passengers, with the maximum take-off weight of more than 150kg",8806,6
XVII,880691,Unmanned aircraft; for other than remote-controlled flight and other than for carriage of passengers with a maximum take-off weight not more than 250g,8806,6
XVII,880692,Unmanned aircraft; for other than remote-controlled flight and other than for carriage of passengers with a maximum take-off weight more than 250g but not more than 7kg,8806,6
XVII,880693,Unmanned aircraft; for other than remote-controlled flight and other than for carriage of passengers with a maximum take-off weight more than 7kg but not more than 25kg,8806,6
XVII,880694,Unmanned aircraft; for other than remote-controlled flight and other than for carriage of passengers with a maximum take-off weight more than 25kg but not more than 150kg,8806,6
XVII,880699,Unmanned aircraft; for other than remote-controlled flight and other than for carriage of passengers with a maximum take-off weight more than 150kg,8806,6
XVII,8807,"Aircraft; parts of goods of heading 8801, 8802 or 8806",88,4
XVII,880710,Aircraft and spacecraft; propellers and rotors and parts thereof,8807,6
XVII,880720,Aircraft and spacecraft; under-carriages and parts thereof,8807,6
XVII,880730,"Aircraft and spacecraft; parts of aeroplanes, helicopters or unmanned aircraft n.e.c. in heading no. 8807",8807,6
XVII,880790,Aircraft and spacecraft; parts thereof n.e.c. in chapter 88,8807,6
XVII,89,"Ships, boats and floating structures",TOTAL,2
XVII,8901,"Cruise ships, excursion boats, ferry-boats, cargo ships, barges and similar vessels for the transport of persons or goods",89,4
XVII,890110,"Cruise ships, excursion boats and similar vessels, principally designed for the transport of persons, ferry boats of all kinds",8901,6
XVII,890120,Tankers,8901,6
XVII,890130,"Vessels, refrigerated; other than tankers",8901,6
XVII,890190,"Vessels; n.e.c. in heading no. 8901, for the transport of goods and other vessels for the transport of both persons and goods",8901,6
XVII,8902,"Fishing vessels, factory ships and other vessels; for processing or preserving fishery products",89,4
XVII,890200,"Fishing vessels, factory ships and other vessels; for processing or preserving fishery products",8902,6
XVII,8903,"Yachts and other vessels; for pleasure or sports, rowing boats and canoes",89,4
XVII,890311,"Yachts and other vessels; for pleasure or sports, inflatable (including rigid hull inflatable), fitted or designed to be fitted with a motor, unladen (net) weight (excluding the motor) not exceeding 100kg",8903,6
XVII,890312,"Yachts and other vessels; for pleasure or sports, inflatable (including rigid hull inflatable), not designed to be used with a motor and unladen (net) weight not exceeding 100kg",8903,6
XVII,890319,"Yachts and other vessels; for pleasure or sports, inflatable (including rigid hull inflatable), unladen (net) weight exceeding 100kg",8903,6
XVII,890321,"Sailboats; (other than inflatable) with or without auxiliary motor, for pleasure or sports, of a length not exceeding 7.5m",8903,6
XVII,890322,"Sailboats; (other than inflatable) with or without auxiliary motor, for pleasure or sports, of a length exceeding 7.5m but not exceeding 24m",8903,6
XVII,890323,"Sailboats; (other than inflatable) with or without auxiliary motor, for pleasure or sports, of a length exceeding 24m",8903,6
XVII,890331,"Motorboats; (other than outboard motorboats), for pleasure or sports, other than inflatable, of a length not exceeding 7.5m",8903,6
XVII,890332,"Motorboats; (other than outboard motorboats), for pleasure or sports, other than inflatable, of a length exceeding 7.5m but not exceeding 24m",8903,6
XVII,890333,"Motorboats; (other than outboard motorboats), for pleasure or sports, other than inflatable, of a length exceeding 24m",8903,6
XVII,890393,"Vessels; (other than sailboats and motorboats), for pleasure or sports, other than inflatable, of a length not exceeding 7.5m",8903,6
XVII,890399,"Vessels; (other than sailboats and motorboats), for pleasure or sports, other than inflatable, of a length exceeding 7.5m",8903,6
XVII,8904,Tugs and pusher craft,89,4
XVII,890400,Tugs and pusher craft,8904,6
XVII,8905,"Light-vessels, fire-floats, dredgers, floating cranes, other vessels; the navigability of which is subsidiary to main function; floating docks, floating, submersible drilling, production platforms",89,4
XVII,890510,Dredgers,8905,6
XVII,890520,Floating or submersible drilling or production platforms,8905,6
XVII,890590,"Vessels; light, fire-floats, floating cranes and other vessels, the navigability of which is subsidiary to their main function, floating docks",8905,6
XVII,8906,"Vessels; other, including warships and lifeboats, other than rowing boats",89,4
XVII,890610,Vessels; warships,8906,6
XVII,890690,"Vessels; other, including lifeboats other than rowing boats, other than warships",8906,6
XVII,8907,"Boats, floating structures, other (for e.g. rafts, tanks, coffer-dams, landing stages, buoys and beacons)",89,4
XVII,890710,Rafts; inflatable,8907,6
XVII,890790,"Floating structures; tanks, coffer-dams, landing stages, buoys and beacons",8907,6
XVII,8908,Vessels and other floating structures; for breaking up,89,4
XVII,890800,Vessels and other floating structures; for breaking up,8908,6
XVIII,90,"Optical, photographic, cinematographic, measuring, checking, medical or surgical instruments and apparatus; parts and accessories",TOTAL,2
XVIII,9001,"Optical fibres and optical fibre bundles; optical fibre cables not of heading no. 8544; sheets, plates of polarising material; lenses, prisms, mirrors, of any material; unmounted; not non optical glass",90,4
XVIII,900110,"Optical fibres, optical fibre bundles and cables; excluding those of heading no. 8544",9001,6
XVIII,900120,"Optical elements; polarising material, sheets and plates thereof",9001,6
XVIII,900130,"Lenses, contact; unmounted, of any material, excluding elements of glass not optically worked",9001,6
XVIII,900140,"Lenses, spectacle; unmounted, of glass, excluding elements of glass not optically worked",9001,6
XVIII,900150,"Lenses, spectacle; unmounted, of materials other than glass",9001,6
XVIII,900190,"Optical elements; lenses n.e.c. in heading no. 9001, prisms, mirrors and other optical elements, unmounted, of any material (excluding elements of glass not optically worked)",9001,6
XVIII,9002,"Lenses, prisms, mirrors and other optical elements, of any material, mounted, being parts or fittings for instruments or apparatus, other than such elements of glass not optically worked",90,4
XVIII,900211,"Lenses; objective, for cameras, projectors or photographic enlargers or reducers, mounted, being parts or fittings for instruments or apparatus, of any material (excluding glass not optically worked)",9002,6
XVIII,900219,"Lenses; objective, (other than for cameras, projectors or photographic enlargers or reducers), mounted, of any material (excluding elements of glass not optically worked)",9002,6
XVIII,900220,"Filters; mounted as parts or fittings for instruments or apparatus, of any material (excluding elements of glass not optically worked)",9002,6
XVIII,900290,"Optical elements; n.e.c. in heading no. 9002 (e.g. prisms and mirrors), mounted, being parts or fittings for instruments or apparatus, of any material (excluding elements of glass not optically worked)",9002,6
XVIII,9003,"Frames and mountings; for spectacles, goggles or the like, and parts",90,4
XVIII,900311,"Frames and mountings; for spectacles, goggles or the like, of plastics",9003,6
XVIII,900319,"Frames and mountings; for spectacles, goggles or the like, of materials other than plastics",9003,6
XVIII,900390,"Frames and mountings; parts for spectacles, goggles or the like",9003,6
XVIII,9004,"Spectacles, goggles and the like; corrective, protective or other",90,4
XVIII,900410,"Sunglasses; corrective, protective or other",9004,6
XVIII,900490,"Spectacles, goggles and the like; (other than sunglasses) corrective, protective or other",9004,6
XVIII,9005,"Binoculars, monoculars, other optical telescopes, mountings therefore; other astronomical instruments, mountings therefore, but not including instruments for radio-astronomy",90,4
XVIII,900510,Binoculars,9005,6
XVIII,900580,"Monoculars; other optical telescopes and astronomical instruments, excluding instruments for radio-astronomy",9005,6
XVIII,900590,"Binoculars, monoculars, other optical telescopes, astronomical instruments (excluding those of radio-astronomy); parts and accessories (including mountings)",9005,6
XVIII,9006,"Cameras, photographic (excluding cinematographic); photographic flashlight apparatus and flashbulbs other than discharge lamps of heading no. 8539",90,4
XVIII,900630,"Cameras, photographic (excluding cinematographic); specially designed for underwater use, aerial survey, medical or surgical examination of internal organs; comparison cameras for forensic or criminological use",9006,6
XVIII,900640,"Cameras, photographic (excluding cinematographic); instant print cameras",9006,6
XVIII,900653,"Cameras, photographic (excluding cinematographic), for roll film of a width of 35mm",9006,6
XVIII,900659,"Cameras, photographic (excluding cinematographic); n.e.c. in heading no 9006",9006,6
XVIII,900661,Photographic flashlight apparatus; discharge lamp (electronic),9006,6
XVIII,900669,Photographic flashlight apparatus; n.e.c. in heading no. 9006,9006,6
XVIII,900691,"Cameras, photographic (excluding cinematographic); parts and accessories",9006,6
XVIII,900699,"Photographic flashlight apparatus; parts and accessories, for other than cameras",9006,6
XVIII,9007,"Cinematographic cameras and projectors, whether or not incorporating sound recording or reproducing apparatus",90,4
XVIII,900710,"Cameras, cinematographic; whether or not incorporating sound recording apparatus",9007,6
XVIII,900720,"Projectors, cinematographic; whether or not incorporating sound recording or reproducing apparatus",9007,6
XVIII,900791,"Cameras, cinematographic; parts and accessories, whether or not incorporating sound recording apparatus",9007,6
XVIII,900792,"Projectors, cinematographic; parts and accessories, whether or not incorporating sound reproducing apparatus",9007,6
XVIII,9008,"Image projectors, other than cinematographic; photographic (other than cinematographic) enlargers and reducers",90,4
XVIII,900850,"Image projectors, photographic enlargers and reducers, excluding cinematographic",9008,6
XVIII,900890,"Photographic (other than cinematographic) image projectors, enlargers, and reducers; parts and accessories",9008,6
XVIII,9010,"Photographic (including cinematographic) laboratory apparatus and equipment, n.e.c. in chapter 90; negatoscopes; projection screens",90,4
XVIII,901010,Photographic laboratory apparatus and equipment; for automatically developing photographic (including cinematographic) film or paper in rolls or for automatically exposing developed film to rolls of paper,9010,6
XVIII,901050,"Photographic laboratory apparatus and equipment; n.e.c. in item no. 9010.10, for photographic (including cinematographic) laboratories; negatoscopes",9010,6
XVIII,901060,Photographic laboratory apparatus and equipment (including cinematographic); projection screens,9010,6
XVIII,901090,Photographic laboratory apparatus and equipment (including cinematographic); parts and accessories,9010,6
XVIII,9011,"Microscopes, compound optical; including those for photomicrography, cinephotomicrography or microprojection",90,4
XVIII,901110,"Microscopes, compound optical; stereoscopic microscopes",9011,6
XVIII,901120,"Microscopes, compound optical; for photomicrography, cinephotomicrography or microprojection",9011,6
XVIII,901180,"Microscopes, compound optical; (other than stereoscopic and microscopes for photomicrography, cinephotomicrography or microprojection)",9011,6
XVIII,901190,"Microscopes, compound optical; parts and accessories (including those for photomicrography, cinephotomicrography or microprojection)",9011,6
XVIII,9012,Microscopes (excluding optical microscopes); diffraction apparatus,90,4
XVIII,901210,Microscopes (excluding optical microscopes); diffraction apparatus,9012,6
XVIII,901290,Microscopes (excluding optical microscopes); diffraction apparatus; parts and accessories,9012,6
XVIII,9013,"Lasers, other than laser diodes; other optical appliances and instruments n.e.c. in this chapter",90,4
XVIII,901310,"Optical appliances and instruments; telescopic sights for fitting to arms; periscopes; telescopes designed to form parts of machines, appliances, instruments or apparatus of this chapter",9013,6
XVIII,901320,Lasers; other than laser diodes,9013,6
XVIII,901380,"Optical devices, appliances and instruments; n.e.c. in heading no. 9013",9013,6
XVIII,901390,Optical appliances and instruments; parts and accessories for articles of heading no. 9013,9013,6
XVIII,9014,Navigational instruments and appliances; direction finding compasses,90,4
XVIII,901410,Navigational instruments and appliances; direction finding compasses,9014,6
XVIII,901420,Navigational instruments and appliances; for aeronautical or space navigation (excluding compasses),9014,6
XVIII,901480,Navigational instruments and appliances; for navigation other than aeronautical or space navigation (excluding direction finding compasses),9014,6
XVIII,901490,Navigational instruments and appliances; parts and accessories,9014,6
XVIII,9015,"Surveying (including photogrammetrical surveying), hydrographic, oceanographic, hydrological, meteorological or geophysical instruments and appliances, excluding compasses, rangefinders",90,4
XVIII,901510,Rangefinders,9015,6
XVIII,901520,Surveying equipment; theodolites and tachymeters (tacheometers),9015,6
XVIII,901530,Surveying equipment; levels,9015,6
XVIII,901540,Surveying equipment; photogrammetrical surveying instruments and appliances,9015,6
XVIII,901580,"Surveying equipment; articles n.e.c. in heading no. 9015, including hydrographic, oceanographic, hydrological, meteorological or geophysical instruments and appliances (excluding compasses)",9015,6
XVIII,901590,Surveying equipment; parts and accessories for articles of heading no. 9015,9015,6
XVIII,9016,"Balances; of a sensitivity of 5cg or better, with or without weights",90,4
XVIII,901600,"Balances; of a sensitivity of 5cg or better, with or without weights",9016,6
XVIII,9017,"Drawing, marking-out, mathematical calculating instruments (drafting machines, protractors, drawing sets etc); instruments for measuring length (e.g. measuring rods, tapes, micrometers, callipers) n.e.c.",90,4
XVIII,901710,Drafting tables and machines; whether or not automatic,9017,6
XVIII,901720,"Drawing, marking-out or mathematical calculating instruments",9017,6
XVIII,901730,"Mathematical equipment; micrometers, callipers and gauges",9017,6
XVIII,901780,Mathematical instruments and equipment; n.e.c. in heading no. 9017,9017,6
XVIII,901790,"Drawing, marking-out equipment and mathematical instruments; parts and accessories",9017,6
XVIII,9018,"Instruments and appliances used in medical, surgical, dental or veterinary sciences, including scintigraphic apparatus, other electro-medical apparatus and sight testing instruments",90,4
XVIII,901811,"Medical, surgical instruments and appliances; electro-cardiographs",9018,6
XVIII,901812,"Medical, surgical instruments and appliances; ultrasonic scanning apparatus",9018,6
XVIII,901813,"Medical, surgical instruments and appliances; magnetic resonance imaging apparatus",9018,6
XVIII,901814,"Medical, surgical instruments and appliances; scintigraphic apparatus",9018,6
XVIII,901819,"Medical, surgical instruments and appliances; electro-diagnostic apparatus (including apparatus for functional exploratory examination or for checking physiological parameters), n.e.c. in item no. 9018.1",9018,6
XVIII,901820,"Medical, surgical instruments and appliances; ultra-violet or infra-red ray apparatus",9018,6
XVIII,901831,"Medical, surgical instruments and appliances; syringes, with or without needles",9018,6
XVIII,901832,"Medical, surgical instruments and appliances; tubular metal needles and needles for sutures",9018,6
XVIII,901839,"Medical, surgical instruments and appliances; catheters, cannulae and the like",9018,6
XVIII,901841,"Dental instruments and appliances; dental drill engines, whether or not combined on a single base with other dental equipment",9018,6
XVIII,901849,Dental instruments and appliances; other than dental drill engines,9018,6
XVIII,901850,Ophthalmic instruments and appliances,9018,6
XVIII,901890,"Medical, surgical or dental instruments and appliances; n.e.c. in heading no. 9018",9018,6
XVIII,9019,"Mechano-therapy, massage appliances; psychological aptitude testing apparatus; ozone, oxygen, aerosol therapy, artificial respiration or other therapeutic respiration apparatus",90,4
XVIII,901910,Mechano-therapy appliances; massage apparatus and psychological aptitude-testing apparatus,9019,6
XVIII,901920,"Therapeutic respiration apparatus; ozone, oxygen, aerosol therapy apparatus; artificial respiration or other therapeutic respiration apparatus",9019,6
XVIII,9020,Breathing appliances and gas masks; excluding protective masks having neither mechanical parts nor replaceable filters and excluding apparatus of item no. 9019.20,90,4
XVIII,902000,Breathing appliances and gas masks; excluding protective masks having neither mechanical parts nor replaceable filters and excluding apparatus of item no. 9019.20,9020,6
XVIII,9021,"Orthopaedic appliances; including crutches, surgical belts and trusses; splints and other fracture appliances; artificial parts of the body; hearing aids and other which are worn, carried or implanted in the body to compensate for a defect or disability",90,4
XVIII,902110,Orthopaedic or fracture appliances,9021,6
XVIII,902121,Dental fittings; artificial teeth,9021,6
XVIII,902129,Dental fittings; other than artificial teeth,9021,6
XVIII,902131,Artificial parts of the body,9021,6
XVIII,902139,Artificial parts of the body; excluding artificial joints,9021,6
XVIII,902140,Hearing aids (excluding parts and accessories),9021,6
XVIII,902150,Pacemakers; for stimulating heart muscles (excluding parts and accessories),9021,6
XVIII,902190,"Appliances; worn, carried or implanted in the body, to compensate for a defect or disability",9021,6
XVIII,9022,"Apparatus based on the use of x-rays or of alpha, beta, gamma or other ionising radiations, whether or not for medical, surgical, dental or veterinary uses, including radiography or radiotherapy apparatus, x-ray tubes and other x-ray generators, high tens",90,4
XVIII,902212,"Apparatus based on the use of x-rays; including radiography or radiotherapy apparatus, whether or not for medical, surgical, dental or veterinary uses, computed tomography apparatus",9022,6
XVIII,902213,"Apparatus based on the use of x-rays; including radiography or radiotherapy apparatus, for dental uses, excluding computed tomography apparatus",9022,6
XVIII,902214,"Apparatus based on the use of x-rays; including radiography or radiotherapy apparatus, for medical, surgical or veterinary uses, not dental uses, excluding computed tomography apparatus",9022,6
XVIII,902219,"Apparatus based on the use of x-rays, including radiography or radiotherapy apparatus; for other than medical, surgical, dental or veterinary uses",9022,6
XVIII,902221,"Apparatus based on the use of alpha, beta, gamma or other ionising radiations, including radiography or radiotherapy apparatus; for medical, surgical, dental or veterinary uses",9022,6
XVIII,902229,"Apparatus based on the use of alpha, beta, gamma or other ionising radiations, including radiography or radiotherapy apparatus; (for other than medical, surgical, dental or veterinary uses)",9022,6
XVIII,902230,X-ray tubes,9022,6
XVIII,902290,"Apparatus based on use of x-rays and similar; parts and accessories (x-ray generators, tubes, high tension generators, control panels and desks, screens, examination or treatment tables, chairs and like",9022,6
XVIII,9023,"Instruments, apparatus and models, designed for demonstrational purposes (in education or exhibitions), unsuitable for other uses",90,4
XVIII,902300,"Instruments, apparatus and models; designed for demonstrational purposes (in education or exhibitions), unsuitable for other uses",9023,6
XVIII,9024,"Machines and appliances for testing the hardness, strength, compressibility, elasticity of other mechanical properties of materials (e.g. metals, wood, textiles, paper, plastics)",90,4
XVIII,902410,"Machines and appliances; for testing the hardness, strength, compressibility, elasticity or other mechanical properties of metals",9024,6
XVIII,902480,"Machines and appliances; for testing the hardness, strength, compressibility, elasticity or other mechanical properties of materials other than metals",9024,6
XVIII,902490,"Machines and appliances; parts and accessories for those testing hardness, strength, compressibility, elasticity or other mechanical properties of materials (e.g. metal, wood, textiles, paper, plastics)",9024,6
XVIII,9025,"Hydrometers and similar floating instruments, thermometers, pyrometers, barometers, hygrometers and psychrometers, recording or not",90,4
XVIII,902511,"Thermometers and pyrometers; liquid filled, for direct reading, not combined with other instruments",9025,6
XVIII,902519,"Thermometers and pyrometers; (other than liquid filled, for direct reading), not combined with other instruments",9025,6
XVIII,902580,"Hydrometers and similar floating instruments, barometers, hygrometers, psychrometers, thermometers, pyrometers; recording or not, any combination of these instruments (excluding thermometers and barometers not combined with other instruments)",9025,6
XVIII,902590,"Hydrometers and similar floating instruments, barometers, hygrometers, psychrometers, thermometers, pyrometers; recording or not, any combination of these instruments, parts and accessories",9025,6
XVIII,9026,"Instruments, apparatus for measuring or checking the flow, level, pressure of liquids, gases (e.g. flow meters, heat meters etc), not instruments and apparatus of heading no. 9014, 9015, 9028 or 9032",90,4
XVIII,902610,Instruments and apparatus; for measuring or checking the flow or level of liquids,9026,6
XVIII,902620,Instruments and apparatus; for measuring or checking pressure,9026,6
XVIII,902680,"Instruments and apparatus; for measuring or checking variables of liquids or gases (excluding pressure or the flow and level of liquids and those of heading no. 9014, 9015, 9028 and 9032)",9026,6
XVIII,902690,"Instruments and apparatus; parts and accessories for those measuring or checking the flow, level, pressure or other variables of liquids or gases (excluding those of heading no. 9014, 9015, 9028 or 9032)",9026,6
XVIII,9027,"Instruments and apparatus; for physical or chemical analysis (e.g. polarimeters, spectrometers), for measuring or checking viscosity, porosity, etc, for measuring quantities of heat, sound or light",90,4
XVIII,902710,"Instruments and apparatus; gas or smoke analysis apparatus, for physical or chemical analysis",9027,6
XVIII,902720,Chromatographs and electrophoresis instruments,9027,6
XVIII,902730,"Spectrometers, spectrophotometers and spectrographs; using optical radiations (UV, visible, IR)",9027,6
XVIII,902750,"Instruments and apparatus; using optical radiations (UV, visible, IR), (other than spectrometers, spectrophotometers and spectrographs)",9027,6
XVIII,902781,"Instruments and apparatus; for physical or chemical analysis, for measuring or checking viscosity, porosity, expansion, surface tension or quantities of heat, sound or light, mass spectrometers",9027,6
XVIII,902789,"Instruments and apparatus; for physical or chemical analysis, for measuring or checking viscosity, porosity, expansion, surface tension or quantities of heat, sound or light, exposure meters",9027,6
XVIII,902790,Microtomes and parts and accessories thereof,9027,6
XVIII,9028,"Gas, liquid or electricity supply or production meters, including calibrating meters therefor",90,4
XVIII,902810,"Meters; gas, supply or production meters, including calibrating meters thereof",9028,6
XVIII,902820,"Meters; liquid supply or production meters, including calibrating meters thereof",9028,6
XVIII,902830,"Meters; electricity supply or production meters, including calibrating meters thereof",9028,6
XVIII,902890,"Meters; parts and accessories of gas, liquid, electricity supply or production meters, including calibrating meters thereof",9028,6
XVIII,9029,"Revolution counter, production counters, taximeters, mileometers, pedometers and the like, speed indicators and tachometers, other than those of heading no. 9015, stroboscopes",90,4
XVIII,902910,"Meters and counters; revolution counters, production counters, taximeters, mileometers, pedometers and the like",9029,6
XVIII,902920,Meters; speed indicators and tachometers; stroboscopes,9029,6
XVIII,902990,"Meters and counters; parts and accessories for revolution and production counters, taximeters, mileometers, pedometers and the like; speed indicators, tachometers (excluding heading no. 9015), stroboscopes",9029,6
XVIII,9030,"Instruments, apparatus for measuring, checking electrical quantities not meters of heading no. 9028; instruments, apparatus for measuring or detecting alpha, beta, gamma, x-ray, cosmic and other radiations",90,4
XVIII,903010,Instruments and apparatus; for measuring or detecting ionising radiations,9030,6
XVIII,903020,Oscilloscopes and oscillographs,9030,6
XVIII,903031,"Multimeters; for measuring or checking voltage, current, resistance or power (other than those for measuring or checking semiconductor wafer or devices), without a recording device",9030,6
XVIII,903032,"Multimeters; for measuring or checking voltage, current, resistance or power, with a recording device",9030,6
XVIII,903033,"Instruments and apparatus; for measuring or checking voltage, current, resistance or power, without a recording device (excluding multimeters)",9030,6
XVIII,903039,"Instruments and apparatus; for measuring or checking voltage, current, resistance or power, with a recording device (excluding multimeters)",9030,6
XVIII,903040,"Instruments and apparatus; specially designed for telecommunications (e.g. cross-talk meters, gain measuring instruments, distortion factor meters, psophometers)",9030,6
XVIII,903082,Instruments and apparatus; for measuring or checking semiconductor wafers or devices (including integrated circuits),9030,6
XVIII,903084,"Instruments and apparatus; n.e.c. in heading no. 9030, with a recording device",9030,6
XVIII,903089,"Instruments and apparatus; n.e.c. in heading no. 9030, without a recording device",9030,6
XVIII,903090,"Instruments, apparatus for measuring, checking electrical quantities, not meters of heading no. 9028; parts and accessories, for measuring or detecting alpha, beta, gamma, x-ray, cosmic and other radiations",9030,6
XVIII,9031,"Measuring or checking instruments, appliances and machines, n.e.c. or included in this chapter; profile projectors",90,4
XVIII,903110,Machines; for balancing mechanical parts,9031,6
XVIII,903120,Test benches,9031,6
XVIII,903141,"Optical instruments and appliances; for inspecting semiconductor wafers or devices or for inspecting photomasks or reticles used in manufacturing semiconductor devices, n.e.c. in chapter 90",9031,6
XVIII,903149,"Optical instruments and appliances; for measuring or checking, n.e.c. in chapter 90",9031,6
XVIII,903180,"Instruments, appliances and machines; for measuring or checking n.e.c. in chapter 90",9031,6
XVIII,903190,"Instruments, appliances and machines; parts and accessories for those measuring or checking devices of heading no. 9031",9031,6
XVIII,9032,Regulating or controlling instruments and apparatus; automatic type,90,4
XVIII,903210,"Regulating or controlling instruments and apparatus; automatic type, thermostats",9032,6
XVIII,903220,"Regulating or controlling instruments and apparatus; automatic, manostats",9032,6
XVIII,903281,"Regulating or controlling instruments and apparatus; automatic, hydraulic or pneumatic",9032,6
XVIII,903289,"Regulating or controlling instruments and apparatus; automatic, other than hydraulic or pneumatic",9032,6
XVIII,903290,"Regulating or controlling instruments and apparatus; automatic, parts and accessories",9032,6
XVIII,9033,"Machines and appliances, instruments or apparatus of chapter 90; parts and accessories n.e.c. in chapter 90",90,4
XVIII,903300,"Machines and appliances, instruments or apparatus of chapter 90; parts and accessories n.e.c. in chapter 90",9033,6
XVIII,91,Clocks and watches and parts thereof,TOTAL,2
XVIII,9101,"Wrist-watches, pocket-watches, stop-watches and other watches; with case of precious metal or of metal clad with precious metal",91,4
XVIII,910111,"Wrist-watches; electrically operated, with or without a stop-watch, with case of precious metal or of metal clad with precious metal, with mechanical display only",9101,6
XVIII,910119,"Wrist-watches; electrically operated, with or without a stop-watch, with case of precious metal or metal clad with precious metal, without mechanical display",9101,6
XVIII,910121,"Wrist-watches; (not electrically operated), automatic winding, whether or not incorporating a stop-watch facility, case of precious metal or of metal clad with precious metal",9101,6
XVIII,910129,"Wrist-watches; (not electrically operated), (not automatic winding), whether or not incorporating a stop-watch facility, case of precious metal or of metal clad with precious metal",9101,6
XVIII,910191,"Pocket-watches and other watches, including stop-watches; (excluding wrist-watches), with case of precious metal or of metal clad with precious metal, electrically operated",9101,6
XVIII,910199,"Pocket-watches and other watches, including stop-watches; (excluding wrist-watches), with case of precious metal or of metal clad with precious metal, not electrically operated",9101,6
XVIII,9102,"Wrist-watches, pocket-watches, stop-watches and other watches, other than those of heading no. 9101",91,4
XVIII,910211,"Wrist-watches; electrically operated, with or without a stop-watch, (other than those of heading no. 9101) with mechanical display only",9102,6
XVIII,910212,"Wrist-watches; electrically operated, with or without a stop-watch, (other than those of heading no. 9101) with opto-electronic display only",9102,6
XVIII,910219,"Wrist-watches; electrically operated, with or without a stop-watch, (other than those of heading no. 9101) without mechanical or opto-electronic display",9102,6
XVIII,910221,"Wrist-watches; whether or not incorporating a stop-watch facility, with automatic winding",9102,6
XVIII,910229,"Wrist-watches; whether or not incorporating a stop-watch facility, with other than automatic winding",9102,6
XVIII,910291,"Pocket watches and other watches, including stop-watches; (excluding wrist-watches), other than those of heading no. 9101, electrically operated",9102,6
XVIII,910299,"Pocket watches and other watches, including stop-watches; (excluding wrist-watches), other than those of heading no. 9101, other than electrically operated",9102,6
XVIII,9103,"Clocks; with watch movements, excluding clocks of heading no. 9104",91,4
XVIII,910310,"Clocks; with watch movements, electrically operated, excluding clocks of heading no. 9104",9103,6
XVIII,910390,"Clocks; with watch movements, other than electrically operated, excluding clocks of heading no. 9104",9103,6
XVIII,9104,"Instrument panel clocks and clocks of a similar type for vehicles, aircraft, spacecraft or vessels",91,4
XVIII,910400,"Clocks; instrument panel clocks and clocks of a similar type for vehicles, aircraft, spacecraft or vessels",9104,6
XVIII,9105,"Clocks, other, n.e.c.",91,4
XVIII,910511,"Clocks; (excluding those with watch movements and instrument panel clocks), alarm clocks, electrically operated",9105,6
XVIII,910519,"Clocks; (excluding those with watch movements and instrument panel clocks), alarm clocks, other than electrically operated",9105,6
XVIII,910521,"Clocks; (excluding those with watch movements and instrument panel clocks), wall clocks, electrically operated",9105,6
XVIII,910529,"Clocks; (excluding those with watch movements and instrument panel clocks), wall clocks, other than electrically operated",9105,6
XVIII,910591,"Clocks; (excluding those with watch movements and instrument panel clocks), (other than alarm or wall clocks), electrically operated",9105,6
XVIII,910599,"Clocks; (excluding those with watch movements and instrument panel clocks), other than alarm or wall clocks, other than electrically operated",9105,6
XVIII,9106,"Time of day recording apparatus and apparatus for measuring, recording or otherwise indicating intervals of time, with clock, watch movement or synchronous motor",91,4
XVIII,910610,"Time recording apparatus; time-registers, time recorders, with clock, watch movement or synchronous motor",9106,6
XVIII,910690,"Time recording apparatus; with clock or watch movement or with synchronous motor, n.e.c. in heading no. 9106",9106,6
XVIII,9107,"Time switches; with clock, watch movement or synchronous motor",91,4
XVIII,910700,"Time switches; with clock, watch movement or synchronous motor",9107,6
XVIII,9108,Watch movements; complete and assembled,91,4
XVIII,910811,"Watch movements; complete and assembled, electrically operated, with mechanical display only or with a device to which a mechanical display can be incorporated",9108,6
XVIII,910812,"Watch movements; complete and assembled, electrically operated, by means of solar cells, with opto-electronic display",9108,6
XVIII,910819,"Watch movements; complete and assembled, electrically operated, by means of solar cells, without mechanical display or device including such or opto-electronic display",9108,6
XVIII,910820,"Watch movements; complete and assembled, with automatic winding",9108,6
XVIII,910890,"Watch movements; complete and assembled, not automatic winding or electrically operated",9108,6
XVIII,9109,Clock movements; complete and assembled,91,4
XVIII,910910,"Clock movements; complete and assembled, electrically operated",9109,6
XVIII,910990,"Clock movements; complete and assembled, other than electrically operated",9109,6
XVIII,9110,"Watch or clock movements, complete, unassembled or partly assembled (movement sets); incomplete watch or clock movements, assembled; rough watch or clock movements",91,4
XVIII,911011,"Watches; complete movements, unassembled or partly assembled (movement sets)",9110,6
XVIII,911012,"Watches; incomplete movements, assembled",9110,6
XVIII,911019,Watches; rough movements,9110,6
XVIII,911090,"Clocks; movements, whether or not complete, incomplete, assembled or unassembled",9110,6
XVIII,9111,Watch cases and parts thereof,91,4
XVIII,911110,Watch cases; of precious metal or of metal clad with precious metal,9111,6
XVIII,911120,"Watch cases; of base metal, whether or not gold-plated or silver-plated",9111,6
XVIII,911180,Watch cases; n.e.c. in heading no. 9111,9111,6
XVIII,911190,Watch cases and parts thereof,9111,6
XVIII,9112,Clock cases and cases of a similar type for other goods of this chapter and parts thereof,91,4
XVIII,911220,Clock cases and similar cases for other goods of chapter 91; other than watch cases,9112,6
XVIII,911290,"Clock cases and similar cases for other goods of chapter 91; other than watch cases, parts thereof",9112,6
XVIII,9113,"Watch straps, watch bands, watch bracelets and parts thereof",91,4
XVIII,911310,"Watch straps, watch bands, watch bracelets, and parts thereof; of precious metal or of metal clad with precious metal",9113,6
XVIII,911320,"Watch straps, watch bands, watch bracelets, and parts thereof; of base metal, whether or not gold- or silver-plated",9113,6
XVIII,911390,"Watch straps, watch bands, watch bracelets, and parts thereof; n.e.c. in heading no. 9113",9113,6
XVIII,9114,Clock or watch parts; n.e.c. in chapter 91,91,4
XVIII,911430,Clock or watch parts; dials,9114,6
XVIII,911440,Clock or watch parts; plates and bridges,9114,6
XVIII,911490,"Clock or watch parts; other than springs (including hair-springs), dials, plates, and bridges",9114,6
XVIII,92,Musical instruments; parts and accessories of such articles,TOTAL,2
XVIII,9201,"Pianos; including automatic pianos, harpsichords and other keyboard stringed instruments",92,4
XVIII,920110,"Musical instruments; pianos, upright, including automatic pianos",9201,6
XVIII,920120,"Musical instruments; pianos, grand",9201,6
XVIII,920190,Musical instruments; harpsichords and other keyboard stringed instruments n.e.c. in heading no. 9201,9201,6
XVIII,9202,"Musical instruments; string, n.e.c. in heading no. 9201, (e.g. guitars, violins, harps)",92,4
XVIII,920210,"Musical instruments; string, played with a bow (e.g. violins)",9202,6
XVIII,920290,"Musical instruments; string, played other than with a bow (e.g. guitars and harps)",9202,6
XVIII,9205,"Musical instruments; wind (e.g. keyboard pipe organs, accordions, clarinets, trumpets, bagpipes), other than fairground organs and mechanical street organs",92,4
XVIII,920510,"Musical instruments; brass-wind (e.g. trumpets), other than fairground organs and mechanical street organs",9205,6
XVIII,920590,"Musical instruments; wind, other than brass, (eg. clarinet, bagpipes, pipe organs), other than fairground organs and mechanical street organs",9205,6
XVIII,9206,"Musical instruments; percussion (e.g. drums, xylophones, cymbals, castanets, maracas)",92,4
XVIII,920600,"Musical instruments; percussion (e.g. drums, xylophones, cymbals, castanets, maracas)",9206,6
XVIII,9207,"Musical instruments; the sound of which is produced or must be amplified, electrically (e.g. organs, guitars, accordions)",92,4
XVIII,920710,"Musical instruments; keyboard, (other than accordions), the sound of which is produced or must be amplified electrically",9207,6
XVIII,920790,"Musical instruments; (other than keyboard), the sound of which is produced or must be amplified electrically",9207,6
XVIII,9208,"Musical boxes, fairground and mechanical street organs, mechanical singing birds, musical saws and musical instruments n.e.c. in chapter 92; decoy calls of all kinds; whistles; call horns and other mouth-blown sound signalling instruments",92,4
XVIII,920810,Musical boxes,9208,6
XVIII,920890,"Fairground and mechanical street organs, mechanical singing birds, musical saws and musical instruments n.e.c. in chapter 92; decoy calls of all kinds; whistles; call horns and other mouth-blown sound signalling instruments",9208,6
XVIII,9209,"Musical instrument parts (for example, mechanisms for musical boxes) and accessories (for example, cards, discs and rolls for mechanical instruments); metronomes, tuning forks and pitch pipes",92,4
XVIII,920930,Musical instrument strings,9209,6
XVIII,920991,Musical instruments; parts and accessories for pianos,9209,6
XVIII,920992,Musical instruments; parts and accessories for string musical instruments other than keyboard instruments,9209,6
XVIII,920994,"Musical instruments; parts and accessories for the musical instruments the sound of which is produced or must be amplified electrically (e.g. organs, guitars and accordions)",9209,6
XVIII,920999,"Musical instruments; parts and accessories for musical instruments n.e.c. in heading no. 9209; metronomes, tuning forks and pitch pipes",9209,6
XIX,93,Arms and ammunition; parts and accessories thereof,TOTAL,2
XIX,9301,"Military weapons; other than revolvers, pistols and arms of heading no. 9307",93,4
XIX,930110,"Military weapons; artillery weapons (e.g. guns, howitzers, and mortars)",9301,6
XIX,930120,"Military weapons; rocket launchers, flame-throwers, grenade launchers, torpedo tubes and similar projectors",9301,6
XIX,930190,"Military weapons; other than revolvers, pistols, and arms of heading 9307, n.e.c. in heading 9301",9301,6
XIX,9302,Revolvers and pistols; other than those of heading no. 9303 or 9304,93,4
XIX,930200,Revolvers and pistols; other than those of heading no. 9303 or 9304,9302,6
XIX,9303,"Firearms; other similar devices (e.g. sporting shotguns and rifles, muzzle-loading firearms, very pistols, devices for firing flares or blank ammunition, captive bolt humane killers, line throwing guns)",93,4
XIX,930310,Firearms; muzzle-loading,9303,6
XIX,930320,"Firearms; sporting, hunting or target-shooting shotguns, including combination shotgun-rifles",9303,6
XIX,930330,"Firearms; sporting, hunting or target-shooting rifles n.e.c. in heading no. 9303",9303,6
XIX,930390,Firearms; n.e.c. in heading no. 9303,9303,6
XIX,9304,"Firearms; (e.g. spring, air or gas guns and pistols, truncheons), excluding those of heading no. 9307",93,4
XIX,930400,"Firearms; (e.g. spring, air or gas guns and pistols, truncheons), excluding those of heading no. 9307",9304,6
XIX,9305,Firearms; parts and accessories of articles of heading no. 9301 to 9304,93,4
XIX,930510,"Firearms; parts and accessories, of revolvers or pistols",9305,6
XIX,930520,"Firearms; parts and accessories, of shotguns or rifles of heading 9303",9305,6
XIX,930591,"Firearms; parts and accessories, of military weapons of heading 9301",9305,6
XIX,930599,"Firearms; parts and accessories, of firearms other than the military weapons of heading 9301",9305,6
XIX,9306,"Bombs, grenades, torpedoes, mines, missiles and similar munitions of war and parts thereof; cartridges and other ammunition, projectiles and parts thereof, including shot and cartridge wads",93,4
XIX,930621,Ammunition; shotgun cartridges,9306,6
XIX,930629,Ammunition; parts of shotgun cartridges,9306,6
XIX,930630,Ammunition; cartridges and parts thereof n.e.c. in heading no. 9306,9306,6
XIX,930690,Ammunition; n.e.c. in chapter 93,9306,6
XIX,9307,"Arms; swords, cutlasses, bayonets, lances and the like, parts thereof and scabbards and sheaths therefor",93,4
XIX,930700,"Arms; swords, cutlasses, bayonets, lances and the like, parts thereof and scabbards and sheaths therefor",9307,6
XX,94,"Furniture; bedding, mattresses, mattress supports, cushions and similar stuffed furnishings; lamps and lighting fittings, n.e.c.; illuminated signs, illuminated name-plates and the like; prefabricated buildings",TOTAL,2
XX,9401,"Seats (not those of heading no. 9402), whether or not convertible into beds and parts thereof",94,4
XX,940110,Seats; of a kind used for aircraft,9401,6
XX,940120,Seats; of a kind used for motor vehicles,9401,6
XX,940131,"Seats; swivel with variable height adjustment of wood, excluding medical, surgical, dental, veterinary or barber furniture",9401,6
XX,940139,"Seats; swivel with variable height adjustment of other than wood, excluding medical, surgical, dental, veterinary or barber furniture",9401,6
XX,940141,"Seats; convertible into beds of wood, other than garden seats or camping equipment",9401,6
XX,940149,"Seats; convertible into beds of other than wood, other than garden seats or camping equipment",9401,6
XX,940152,Seats; of bamboo,9401,6
XX,940153,Seats; of rattan,9401,6
XX,940159,"Seats; of cane, osier or similar materials, other than bamboo or rattan",9401,6
XX,940161,"Seats; with wooden frames, upholstered, (excluding medical, surgical, dental, veterinary or barber furniture)",9401,6
XX,940169,"Seats; with wooden frames, not upholstered, (excluding medical, surgical, dental, veterinary or barber furniture)",9401,6
XX,940171,"Seats; with metal frames, upholstered, (excluding medical, surgical, dental, veterinary or barber furniture)",9401,6
XX,940179,"Seats; with metal frames, not upholstered, (excluding medical, surgical, dental, veterinary or barber furniture)",9401,6
XX,940180,"Seats; n.e.c. in heading no. 9401, (excluding medical, surgical, dental, veterinary or barber furniture)",9401,6
XX,940191,"Seats; parts, of wood, (other than for use in the assembly of motor vehicles as determined by the minister, other than automotive)",9401,6
XX,940199,"Seats; parts, (of other than wood) for use in the assembly of motor vehicles as determined by the minister",9401,6
XX,9402,"Furniture; medical, surgical, dental or veterinary (e.g. operating tables, hospital beds, dentists' chairs) barbers' chairs; parts",94,4
XX,940210,"Chairs; dentists', barbers' or similar chairs having rotating as well as both reclining and elevating movements, and parts thereof",9402,6
XX,940290,"Furniture; for medical, surgical, veterinary use (e.g. operating tables, examination tables, hospital beds with mechanical fittings) and parts thereof",9402,6
XX,9403,"Furniture and parts thereof, n.e.c. in chapter 94",94,4
XX,940310,"Furniture; metal, for office use",9403,6
XX,940320,"Furniture; metal, other than for office use",9403,6
XX,940330,"Furniture; wooden, for office use",9403,6
XX,940340,"Furniture; wooden, for kitchen use",9403,6
XX,940350,"Furniture; wooden, for bedroom use",9403,6
XX,940360,"Furniture; wooden, other than for office, kitchen or bedroom use",9403,6
XX,940370,Furniture; plastic,9403,6
XX,940382,Furniture; of bamboo,9403,6
XX,940383,Furniture; of rattan,9403,6
XX,940389,"Furniture; of cane, osier, or similar materials (other than bamboo or rattan)",9403,6
XX,940391,"Furniture; parts, of wood",9403,6
XX,940399,"Furniture; parts, of other than wood",9403,6
XX,9404,"Mattress supports; articles of bedding (e.g. mattresses, quilts, eiderdowns, cushions pouffes and pillows), fitted with springs or stuffed, whether or not covered",94,4
XX,940410,Mattress supports,9404,6
XX,940421,"Mattresses; of cellular rubber or plastics, whether or not covered",9404,6
XX,940429,"Mattresses; of other materials, not cellular rubber or plastics",9404,6
XX,940430,Sleeping bags,9404,6
XX,940440,"Quilts, bedspreads, eiderdowns and duvets (comforters)",9404,6
XX,940490,"Bedding and similar furnishing articles; n.e.c. in heading no. 9404 (e.g. quilts, eiderdowns, cushions, pouffes and pillows)",9404,6
XX,9405,"Luminaires and light fittings; including searchlights, spotlights and parts thereof, n.e.c.; illuminated signs, name-plates and the like, having permanently fixed light source and parts thereof n.e.c. or included",94,4
XX,940511,"Luminaires and light fittings; chandeliers and electric ceiling or wall light fittings; (excluding those used for lighting public open spaces or thoroughfares), for use solely with light-emitting diode (LED) light sources",9405,6
XX,940519,"Chandeliers and electric ceiling or wall light fittings; (excluding those used for lighting public open spaces or thoroughfares), for use other than with light-emitting diode (LED) light sources",9405,6
XX,940521,"Luminaires and light fittings; electric, table, desk, bedside or floor-standing, for use solely with light-emitting diode (LED) light sources",9405,6
XX,940529,"Luminaires and light fittings; electric, table, desk, bedside or floor-standing, for other than use solely with light-emitting diode (LED) light sources",9405,6
XX,940531,"Luminaires and light fittings; electric, lighting strings of a kind used for Christmas trees, for use solely with light-emitting diode (LED) light sources",9405,6
XX,940539,"Luminaires and light fittings; electric, lighting strings of a kind used for Christmas trees, for other than use solely with light-emitting diode (LED) light sources",9405,6
XX,940541,"Luminaires and light fittings; electric, photovoltaic, designed for use solely with light-emitting diode (LED) light sources",9405,6
XX,940542,"Luminaires and light fittings; electric, designed for use solely with light-emitting diode (LED) light sources",9405,6
XX,940549,"Luminaires and light fittings; electric, designed for other than use solely with light-emitting diode (LED) light sources",9405,6
XX,940550,Luminaires and light fittings; non-electric,9405,6
XX,940561,"Luminaires; illuminated signs, illuminated name-plates and the like, designed for use solely with light-emitting diode (LED) light sources",9405,6
XX,940569,"Luminaires; illuminated signs, illuminated name-plates and the like, designed for other than use solely with light-emitting diode (LED) light sources",9405,6
XX,940591,"Lamps and light fittings; parts thereof, of glass",9405,6
XX,940592,"Lamps and light fittings; parts thereof, of plastics",9405,6
XX,940599,"Lamps and light fittings; parts thereof, of materials other than glass or plastics",9405,6
XX,9406,Buildings; prefabricated,94,4
XX,940610,"Buildings; prefabricated, of wood",9406,6
XX,940620,"Buildings; modular building units, of steel",9406,6
XX,940690,"Buildings; prefabricated, not of wood",9406,6
XX,95,"Toys, games and sports requisites; parts and accessories thereof",TOTAL,2
XX,9503,"Tricycles, scooters, pedal cars and similar wheeled toys; dolls' carriages; dolls; other toys; reduced-size (scale) models and similar recreational models, working or not; puzzles of all kinds",95,4
XX,950300,"Tricycles, scooters, pedal cars and similar wheeled toys; dolls' carriages; dolls; other toys; reduced-size (scale) models and similar recreational models, working or not; puzzles of all kinds",9503,6
XX,9504,"Video game consoles and machines, articles for funfair, table or parlour games, including pintables, billiards, special tables for casino games and automatic bowling alley equipment",95,4
XX,950420,Billiard articles and accessories of all kinds,9504,6
XX,950430,"Games; operated by coins, banknotes, bank cards, tokens or by other means of payment, other than billiard articles and accesssories, and automatic bowling alley equipment",9504,6
XX,950440,Games; playing cards,9504,6
XX,950450,"Games; video game consoles and machines, other than those of subheading 9504.30",9504,6
XX,950490,"Games; articles for funfair, table or parlour games, including pintables, special tables for casino games, automatic bowling alley equipment, n.e.c. in heading 9504",9504,6
XX,9505,"Festive, carnival or other entertainment articles, including conjuring tricks and novelty jokes",95,4
XX,950510,Christmas festivity articles,9505,6
XX,950590,"Festive, carnival or other entertainment articles including novelty jokes and conjuring tricks; other than Christmas festivity articles",9505,6
XX,9506,"Gymnastics, athletics, other sports (including table tennis) or outdoor games equipment, n.e.c. in this chapter, swimming pools and paddling pools",95,4
XX,950611,Skis; for snow,9506,6
XX,950612,Ski-fastenings (ski-bindings); for snow-skis,9506,6
XX,950619,Snow-ski equipment,9506,6
XX,950621,Sailboards; for water sport,9506,6
XX,950629,"Water sport equipment; water-skis, surf-boards and other water-sport equipment, excluding sailboards",9506,6
XX,950631,Golf clubs; complete,9506,6
XX,950632,Golf balls,9506,6
XX,950639,Golf equipment; other than clubs and balls,9506,6
XX,950640,Table-tennis articles and equipment,9506,6
XX,950651,Lawn-tennis rackets; whether or not strung,9506,6
XX,950659,"Tennis, badminton and similar rackets; whether or not strung",9506,6
XX,950661,Lawn-tennis balls,9506,6
XX,950662,Balls; inflatable,9506,6
XX,950669,"Balls; (other than inflatable or for lawn-tennis, golf or table-tennis)",9506,6
XX,950670,"Skates; ice and roller, including skating boots with skates attached",9506,6
XX,950691,Athletics and gymnastics equipment,9506,6
XX,950699,Equipment for outdoor games and recreation n.e.c. in heading no. 9506,9506,6
XX,9507,"Fishing rods, fish-hooks and other line fishing tackle; fish landing nets and the like; decoy birds (not those of heading no. 9208 or 9705) and similar hunting or shooting requisites",95,4
XX,950710,Fishing rods,9507,6
XX,950720,Fish-hooks; whether or not snelled,9507,6
XX,950730,Fishing reels,9507,6
XX,950790,"Fishing tackle n.e.c., butterfly nets, decoy birds (other than those of heading no. 9208 or 9705) and similar hunting or shooting requisites",9507,6
XX,9508,"Travelling circuses and travelling menageries, amusement park rides and water park amusements, fairground amusements, including shooting galleries and travelling theatres",95,4
XX,950810,Travelling circuses and travelling menageries,9508,6
XX,950821,Amusement park rides and water park amusements; Roller coasters,9508,6
XX,950822,"Amusement park rides and water park amusements; carousels, swings and roundabouts",9508,6
XX,950823,Amusement park rides and water park amusements; dodge'em cars,9508,6
XX,950824,Amusement park rides and water park amusements; motion simulators and moving theatres,9508,6
XX,950825,Amusement park rides and water park amusements; water rides,9508,6
XX,950826,Amusement park rides and water park amusements; water park amusements,9508,6
XX,950829,"Amusement park rides and water park amusements; other than roller coasters, carousels, swings, roundabouts, dodge'em cars, motion simulators and moving theatres, water rides and water park amusements",9508,6
XX,950830,Fairground amusements; including shooting galleries,9508,6
XX,950840,Travelling theatres,9508,6
XX,96,Miscellaneous manufactured articles,TOTAL,2
XX,9601,"Ivory, bone, tortoise-shell, horn, antlers, coral, mother-of-pearl and other animal carving material and articles of these materials; worked, (including articles obtained by moulding)",96,4
XX,960110,Ivory and articles thereof; worked,9601,6
XX,960190,"Bone, tortoise shell, horn, antlers, coral, mother-of-pearl and other animal carving material and articles thereof (including articles obtained by moulding)",9601,6
XX,9602,"Vegetable, mineral carving material and articles of these materials, moulded or carved articles of wax, stearin, natural gums, resins or modelling pastes, worked unhardened gelatin (not heading no. 3503)",96,4
XX,960200,"Vegetable, mineral carving material and articles of these materials, moulded or carved articles of wax, stearin, natural gums, resins or modelling pastes, worked unhardened gelatin (not heading no. 3503)",9602,6
XX,9603,"Brooms, brushes (including parts of machines), hand operated floor sweepers, mops and feather dusters; knots and tufts for broom or brush making; paint pads and rollers; squeegees",96,4
XX,960310,"Brooms and brushes; consisting of twigs or other vegetable materials bound together, with or without handles",9603,6
XX,960321,Brushes; toothbrushes,9603,6
XX,960329,"Brushes; shaving, hair, nail, eyelash and other toilet brushes for use on the person, including brushes as parts of appliances",9603,6
XX,960330,"Brushes; artists' brushes, writing brushes and similar brushes for the application of cosmetics",9603,6
XX,960340,"Brushes; paint, distemper, varnish or similar brushes (not those of item no. 9603.30), paint pads and rollers",9603,6
XX,960350,"Brushes; constituting parts of machines, appliances or vehicles",9603,6
XX,960390,"Brooms, brushes, mops, feather dusters, squeegees, hand operated mechanical floor sweepers; (not motorised), prepared knots and tufts for brooms or brush making n.e.c.",9603,6
XX,9604,Hand sieves and hand riddles,96,4
XX,960400,Hand sieves and hand riddles,9604,6
XX,9605,"Travel sets; for personal toilet, sewing, shoe or clothes cleaning",96,4
XX,960500,"Travel sets; for personal toilet, sewing, shoe or clothes cleaning",9605,6
XX,9606,"Buttons, press-fasteners, snap-fasteners and press-studs, button moulds and other parts of these articles; button blanks",96,4
XX,960610,"Press-fasteners, snap-fasteners, press-studs and parts therefor",9606,6
XX,960621,"Buttons; of plastics, not covered with textile material",9606,6
XX,960622,"Buttons; of base metal, not covered with textile material",9606,6
XX,960629,"Buttons; of other than base metal or plastics, not covered with textile material",9606,6
XX,960630,Button moulds and other parts of buttons; button blanks,9606,6
XX,9607,Slide fasteners and parts thereof,96,4
XX,960711,Slide fasteners; fitted with chain scoops of base metal,9607,6
XX,960719,Slide fasteners; other than those fitted with chain scoops of base metal,9607,6
XX,960720,Slide fasteners; parts,9607,6
XX,9608,"Pens; ball-point, felt tipped, other porous tipped pens; fountain pens, stylograph pens duplicating stylos, propelling or sliding pencils; parts of the foregoing, excluding those of heading no. 9609",96,4
XX,960810,Pens; ball point,9608,6
XX,960820,Pens; felt tipped and other porous-tipped pens and markers,9608,6
XX,960830,"Pens; fountain, stylograph and other pens",9608,6
XX,960840,Pencils; propelling or sliding,9608,6
XX,960850,Pen and pencil sets; of articles from two or more of the foregoing sub-headings,9608,6
XX,960860,"Pens; ball-point, refills comprising the ball point and ink-reservoir",9608,6
XX,960891,Pens; nibs and nib points,9608,6
XX,960899,"Pens and pencils; duplicating stylos, pen-holders, pencil-holders, and similar holders, parts of the articles of heading 9608, including caps and clips",9608,6
XX,9609,"Pencils (not of heading no. 9608), crayons, pencil leads, pastels, drawing charcoals, writing or drawing chalks and tailors' chalks",96,4
XX,960910,Pencils and crayons; with leads encased in sheath,9609,6
XX,960920,Pencil leads; black or coloured,9609,6
XX,960990,"Pastels, drawing charcoals, writing or drawing chalks, tailors' chalk",9609,6
XX,9610,"Slates and boards, with writing or drawing surfaces, whether or not framed",96,4
XX,961000,"Slates and boards; with writing or drawing surfaces, whether or not framed",9610,6
XX,9611,"Stamps; date, numbering, sealing stamps and the like (including devices for printing or embossing labels), designed for operating by hand; hand operated composing sticks and printing sets",96,4
XX,961100,"Stamps; date, numbering, sealing stamps and the like (including devices for printing or embossing labels), designed for operating by hand; hand operated composing sticks and printing sets",9611,6
XX,9612,"Typewriter, similar ribbons, inked, otherwise prepared for giving impressions, whether or not on spools or in cartridges; ink pads, whether or not inked, with or without boxes",96,4
XX,961210,"Ribbons; for typewriters and the like, inked or otherwise prepared, for giving impressions, whether or not on spools or in cartridges",9612,6
XX,961220,"Ink pads; whether or not inked, with or without boxes",9612,6
XX,9613,"Cigarette lighters and other lighters, whether or not mechanical or electrical and parts thereof other than flints and wicks",96,4
XX,961310,"Lighters; pocket, cigarette, gas fuelled, non-refillable",9613,6
XX,961320,"Lighters; pocket, cigarette, gas fuelled, refillable",9613,6
XX,961380,"Lighters; whether or not mechanical or electrical, n.e.c. in heading no. 9613",9613,6
XX,961390,"Lighters; parts for cigarette lighters and other lighters, whether or not mechanical or electrical, other than flints and wicks",9613,6
XX,9614,"Smoking pipes (including pipe bowls) and cigar or cigarette holders, and parts thereof",96,4
XX,961400,"Smoking pipes (including pipe bowls) and cigar or cigarette holders, and parts thereof",9614,6
XX,9615,"Combs, hair-slides and similar; hairpins, curling pins, curling grips and hair curlers and the like, other than those of heading no. 8516 and parts thereof",96,4
XX,961511,"Combs, hair slides and the like; of hard rubber or plastics",9615,6
XX,961519,"Combs, hair slides and the like; of other than hard rubber or plastics",9615,6
XX,961590,"Hairpins, curling pins, curling grips, hair curlers and the like (not those of heading no. 8516) and parts thereof",9615,6
XX,9616,Scent sprays and similar toilet sprays and mounts and heads therefor; powder-puffs and pads for the application of cosmetics or toilet preparations,96,4
XX,961610,"Scent sprays and similar toilet sprays, and mounts and heads therefor",9616,6
XX,961620,Powder puffs and pads; for the application of cosmetics or toilet preparations,9616,6
XX,9617,"Vacuum flasks and other vacuum vessels, complete with cases; parts thereof other than glass inners",96,4
XX,961700,"Vacuum flasks and other vacuum vessels, complete with cases; parts thereof other than glass inners",9617,6
XX,9618,Tailors' dummies and other lay figures; automata and other animated displays used for shop window dressing,96,4
XX,961800,Tailors' dummies and other lay figures; automata and other animated displays used for shop window dressing,9618,6
XX,9619,"Sanitary towels (pads) and tampons, napkins (diapers), napkin liners and similar articles, of any material",96,4
XX,961900,"Sanitary towels (pads) and tampons, napkins (diapers), napkin liners and similar articles, of any material",9619,6
XX,9620,"Monopods, bipods, tripods and similar articles",96,4
XX,962000,"Monopods, bipods, tripods and similar articles",9620,6
XXI,97,Works of art; collectors' pieces and antiques,TOTAL,2
XXI,9701,"Paintings, drawings and pastels, executed entirely by hand; not drawings of heading no. 4906 and not hand-painted, hand-decorated manufactured articles; collages, mosaics and similar decorative plaques",97,4
XXI,970121,"Paintings, drawings and pastels; executed entirely by hand, other than drawings of heading no. 4906, of an age exceeding 100 years",9701,6
XXI,970122,"Mosaics; executed entirely by hand, other than drawings of heading no. 4906, of an age exceeding 100 years",9701,6
XXI,970129,"Artwork; other than paintings, drawings, pastels mosaics, executed entirely by hand, other than drawings of heading no. 4906, of an age exceeding 100 years",9701,6
XXI,970191,"Paintings, drawings and pastels; executed entirely by hand, other than drawings of heading no. 4906, of an age not exceeding 100 years",9701,6
XXI,970192,"Mosaics; executed entirely by hand, other than drawings of heading no. 4906, of an age not exceeding 100 years",9701,6
XXI,970199,"Artwork; other than paintings, drawings, pastels mosaics, executed entirely by hand, other than drawings of heading no. 4906, of an age not exceeding 100 years",9701,6
XXI,9702,"Engravings, prints and lithographs; original",97,4
XXI,970210,"Engravings, prints and lithographs; original of an age exceeding 100 years",9702,6
XXI,970290,"Engravings, prints and lithographs; original of an age not exceeding 100 years",9702,6
XXI,9703,"Sculptures and statuary; original, in any material",97,4
XXI,970310,"Sculptures and statuary; original, in any material, of an age exceeding 100 years",9703,6
XXI,970390,"Sculptures and statuary; original, in any material, of an age not exceeding 100 years",9703,6
XXI,9704,"Stamps, postage or revenue; stamp-postmarks, first-day covers, postal stationery (stamped paper) and like, used or unused, other than those of heading 4907",97,4
XXI,970400,"Stamps, postage or revenue; stamp-postmarks, first-day covers, postal stationery (stamped paper) and like, used or unused, other than those of heading 4907",9704,6
XXI,9705,"Collections and collectors' pieces; of archaeological, ethnographic, historical, zoological, botanical, mineralogical, anatomical, palaeontological or numismatic interest",97,4
XXI,970510,"Collections and collectors' pieces; of archaeological, ethnographic or historical interest",9705,6
XXI,970521,"Collections and collectors' pieces; of zoological, botanical, mineralogical, anatomical or palaeontological interest, human specimens and parts thereof",9705,6
XXI,970522,"Collections and collectors' pieces; of zoological, botanical, mineralogical, anatomical or palaeontological interest, extinct or endangered species and parts thereof",9705,6
XXI,970529,"Collections and collectors' pieces; of zoological, botanical, mineralogical, anatomical or palaeontological interest, other than human species, extinct or endangered species and parts thereof",9705,6
XXI,970531,"Collections and collectors' pieces; of numismatic interest, of an age exceeding 100 years",9705,6
XXI,970539,"Collections and collectors' pieces; of numismatic interest, of an age not exceeding 100 years",9705,6
XXI,9706,Antiques; of an age exceeding one hundred years,97,4
XXI,970610,Antiques; of an age exceeding 250 years,9706,6
XXI,970690,Antiques; of an age exceeding 100 years but not exceeding 250 years,9706,6
TOTAL,99,Commodities not specified according to kind,TOTAL,2
TOTAL,9999,Commodities not specified according to kind,99,4
TOTAL,999999,Commodities not specified according to kind,9999,6
TOTAL,TOTAL,Total of all HS2022 commodities,TOTAL,5
